customer_id,total_orders,unique_products,unique_categories,unique_brands,total_amount,avg_order_amount,total_quantity,first_order_date,last_order_date,active_days,orders_per_active_month
C01624,80,80,8,34,10200.02,127.50025000000001,117,2024-12-13,2026-05-29,533,4.57
C00845,75,75,8,32,9593.18,127.90906666666667,111,2024-12-04,2026-05-26,539,4.24
C02526,74,74,8,30,11389.86,153.91702702702705,122,2024-12-06,2026-05-21,532,4.23
C03213,73,73,8,34,13413.3,183.74383561643833,125,2024-12-18,2026-04-28,497,4.47
C00918,60,60,8,32,10238.59,170.64316666666667,82,2024-12-11,2026-05-24,530,3.45
C00415,60,60,8,27,7767.92,129.46533333333335,79,2024-12-07,2026-05-12,522,3.5
C02260,59,59,8,27,28435.96,481.96542372881356,116,2024-12-31,2026-04-15,471,3.81
C01427,58,58,8,32,8424.16,145.2441379310345,78,2024-12-07,2026-05-26,536,3.29
C03394,57,57,8,27,12718.07,223.1240350877193,90,2024-12-16,2026-04-27,498,3.48
C01590,57,57,8,30,10215.93,179.22684210526316,88,2024-12-16,2026-06-02,534,3.25
C00742,57,57,8,32,10078.64,176.81824561403508,90,2024-12-09,2026-06-01,540,3.21
C04660,57,57,8,30,8234.08,144.45754385964912,86,2024-12-05,2026-05-25,537,3.23
C00683,56,56,8,29,8624.76,154.01357142857142,80,2024-12-14,2026-06-01,535,3.19
C03453,56,56,8,29,8360.3,149.29107142857143,83,2024-12-15,2026-05-30,532,3.2
C01944,55,55,8,34,9740.44,177.0989090909091,81,2024-12-04,2026-04-16,499,3.36
C03806,54,54,8,31,10577.529999999999,195.88018518518516,83,2024-12-18,2026-06-02,532,3.09
C04776,52,52,8,30,8974.289999999999,172.58249999999998,69,2024-12-04,2026-05-28,541,2.93
C02390,51,51,8,31,6775.26,132.84823529411764,81,2024-12-05,2026-05-26,538,2.89
C02031,51,51,8,27,5797.9,113.68431372549018,70,2024-12-14,2026-06-02,536,2.9
C04337,49,49,8,27,6272.64,128.0130612244898,76,2024-12-06,2026-05-24,535,2.79
C03763,48,48,8,29,5955.9800000000005,124.08291666666668,78,2024-12-12,2026-05-28,533,2.74
C01019,47,47,8,26,7749.7300000000005,164.88787234042553,67,2024-12-04,2026-06-03,547,2.62
C00417,47,47,7,25,7710.15,164.04574468085104,71,2024-12-17,2026-06-01,532,2.69
C02458,47,47,8,29,7438.9,158.27446808510638,65,2024-12-18,2026-06-02,532,2.69
C03261,47,47,8,28,7005.15,149.04574468085104,63,2024-12-10,2026-05-27,534,2.68
C00723,47,47,8,27,6216.33,132.2623404255319,72,2024-12-12,2026-05-15,520,2.75
C03874,46,46,8,24,10485.01,227.935,71,2024-12-04,2026-05-29,542,2.58
C03454,46,46,8,27,7752.39,168.53021739130435,80,2024-12-17,2026-05-31,531,2.64
C04286,46,46,8,28,6676.15,145.1336956521739,66,2024-12-14,2026-05-30,533,2.63
C04773,46,46,8,22,5057.93,109.95500000000001,74,2024-12-10,2026-05-29,536,2.61
C01225,46,45,8,28,5500.650000000001,119.57934782608697,62,2024-12-08,2026-05-29,538,2.6
C03986,45,45,8,27,9583.96,212.97688888888888,73,2024-12-10,2026-05-22,529,2.59
C02276,45,45,8,26,6595.51,146.56688888888888,79,2024-12-06,2026-06-02,544,2.52
C00808,45,45,8,25,5620.63,124.9028888888889,66,2024-12-07,2026-05-23,533,2.57
C02953,44,44,8,24,6222.54,141.42136363636362,60,2025-02-19,2026-05-31,467,2.87
C00375,44,44,8,26,6144.93,139.6575,59,2024-12-22,2026-04-27,492,2.72
C04815,43,43,8,26,26977.949999999997,627.3941860465115,97,2024-12-17,2026-05-13,513,2.55
C02023,43,43,8,27,8762.69,203.78348837209305,59,2024-12-19,2026-05-10,508,2.58
C03886,43,43,8,25,8396.42,195.26558139534885,67,2024-12-05,2026-05-16,528,2.48
C01395,43,43,8,25,6919.4400000000005,160.9172093023256,62,2025-01-15,2026-04-15,456,2.87
C04354,43,43,7,23,5871.71,136.55139534883722,63,2024-12-17,2026-05-06,506,2.59
C00812,43,43,8,23,5274.12,122.6539534883721,63,2024-12-15,2026-05-20,522,2.51
C03607,43,43,8,27,4199.77,97.66906976744187,60,2024-12-05,2026-06-01,544,2.41
C01567,42,42,8,25,6206.42,147.77190476190475,69,2024-12-22,2026-05-25,520,2.46
C00551,41,41,8,22,21910.9,534.4121951219513,76,2025-02-19,2026-04-15,421,2.96
C01669,41,41,8,27,7432.33,181.27634146341464,75,2024-12-26,2026-05-19,510,2.45
C03308,41,41,8,25,6237.52,152.13463414634148,63,2025-01-07,2026-05-29,508,2.46
C04189,41,41,8,28,4910.05,119.75731707317074,59,2024-12-24,2026-05-31,524,2.38
C04296,40,40,8,26,24650.7,616.2675,80,2025-02-11,2026-05-15,459,2.65
C01962,40,40,8,25,19666.19,491.65475,72,2025-04-04,2026-04-14,376,3.24
C01153,40,40,8,25,10712.66,267.8165,69,2024-12-08,2026-05-28,537,2.27
C00272,40,40,8,24,6198.95,154.97375,59,2024-12-05,2026-06-01,544,2.24
C03660,40,40,8,26,6036.5,150.9125,51,2024-12-08,2026-05-31,540,2.25
C00050,40,40,8,22,3806.34,95.1585,59,2024-12-12,2026-05-31,536,2.27
C04153,39,39,7,20,17851.2,457.7230769230769,74,2025-02-23,2026-04-13,415,2.86
C02102,39,39,7,23,8830.55,226.42435897435897,54,2024-12-06,2026-05-19,530,2.24
C03192,39,39,8,27,8246.28,211.44307692307694,64,2024-12-07,2026-05-26,536,2.21
C04136,38,38,8,23,12790.4,336.58947368421053,63,2024-12-04,2026-04-17,500,2.31
C00368,38,38,8,25,7244.150000000001,190.6355263157895,56,2025-01-14,2026-04-19,461,2.51
C01230,38,38,7,23,6918.28,182.06,62,2024-12-05,2026-05-15,527,2.19
C03199,38,38,7,20,6875.67,180.9386842105263,63,2025-01-07,2026-06-01,511,2.26
C02296,38,38,8,21,6144.9,161.7078947368421,61,2024-12-25,2026-05-16,508,2.28
C04222,38,38,8,24,5843.91,153.78710526315788,60,2024-12-08,2026-03-12,460,2.51
C01721,38,38,8,26,5603.849999999999,147.46973684210525,56,2025-01-06,2026-05-16,496,2.33
C01532,38,38,8,21,5314.34,139.85105263157894,53,2024-12-04,2026-05-28,541,2.14
C02090,37,37,8,23,24503.8,662.2648648648649,85,2025-01-09,2026-04-22,469,2.4
C01154,37,37,7,20,8150.17,220.27486486486487,53,2024-12-18,2026-05-26,525,2.15
C03595,37,37,8,26,7428.68,200.77513513513514,61,2024-12-04,2026-05-22,535,2.11
C00608,37,37,8,28,7137.76,192.91243243243244,59,2024-12-18,2026-05-23,522,2.16
C04625,37,37,8,23,6189.0599999999995,167.27189189189187,59,2024-12-27,2026-04-20,480,2.35
C01433,37,37,7,25,6066.67,163.96405405405406,53,2024-12-20,2026-05-28,525,2.15
C00009,37,37,8,26,5869.7,158.64054054054054,55,2024-12-07,2026-05-28,538,2.09
C02597,37,37,8,24,5601.0,151.3783783783784,57,2024-12-13,2026-05-30,534,2.11
C04236,37,37,8,24,5072.3,137.0891891891892,55,2024-12-18,2026-05-14,513,2.2
C02035,37,37,8,23,3857.69,104.26189189189189,51,2025-01-10,2026-05-23,499,2.26
C01491,37,37,8,20,3353.2400000000002,90.62810810810811,50,2024-12-06,2026-06-03,545,2.07
C00355,36,36,7,21,13448.61,373.5725,60,2025-01-29,2026-05-13,470,2.33
C04019,36,36,7,26,7761.94,215.60944444444442,53,2024-12-14,2026-04-28,501,2.19
C04673,36,36,7,24,6531.9400000000005,181.4427777777778,55,2024-12-18,2026-04-24,493,2.22
C04305,36,36,7,25,6309.46,175.26277777777779,59,2024-12-07,2026-05-08,518,2.12
C03572,36,36,8,23,5153.18,143.1438888888889,48,2024-12-18,2026-05-21,520,2.11
C04228,36,36,8,25,5029.09,139.69694444444445,56,2024-12-12,2026-05-11,516,2.12
C03794,36,36,8,24,4833.39,134.26083333333335,58,2024-12-19,2026-05-28,526,2.08
C04947,36,36,8,21,4685.76,130.16,47,2024-12-14,2026-02-28,442,2.48
C02741,36,36,8,24,4092.62,113.68388888888889,50,2024-12-26,2026-05-27,518,2.12
C00362,36,35,8,26,5204.41,144.56694444444443,57,2025-01-01,2026-04-22,477,2.3
C04079,35,35,7,22,8069.16,230.54742857142855,60,2024-12-26,2026-05-19,510,2.09
C03225,35,35,8,24,4722.9,134.94,47,2024-12-06,2026-04-21,502,2.12
C02317,35,35,7,22,4531.64,129.47542857142858,55,2024-12-13,2026-05-31,535,1.99
C01482,35,35,8,22,4353.53,124.38657142857141,49,2024-12-04,2026-05-31,544,1.96
C01408,35,35,8,25,4269.41,121.98314285714285,43,2024-12-05,2026-05-29,541,1.97
C02383,35,34,7,19,5718.92,163.3977142857143,44,2025-02-11,2026-05-31,475,2.24
C02072,34,34,8,21,15853.74,466.28647058823526,69,2025-03-16,2026-02-22,344,3.01
C01291,34,34,8,21,13545.51,398.39735294117645,51,2025-01-23,2026-04-09,442,2.34
C01810,34,34,8,25,6767.04,199.03058823529412,54,2024-12-18,2026-05-09,508,2.04
C02922,34,34,8,24,6621.26,194.7429411764706,47,2024-12-05,2026-05-04,516,2.01
C04169,34,34,8,23,5897.5599999999995,173.4576470588235,50,2024-12-14,2026-03-18,460,2.25
C00196,34,34,8,23,5519.94,162.35117647058823,56,2024-12-09,2026-05-22,530,1.95
C02973,34,34,7,21,5064.57,148.95794117647057,40,2024-12-06,2026-04-29,510,2.03
C00455,34,34,8,24,5039.41,148.2179411764706,51,2025-01-24,2026-05-13,475,2.18
C01071,34,34,8,21,4920.34,144.71588235294118,51,2024-12-29,2026-04-14,472,2.19
C03804,34,34,8,23,4729.87,139.11382352941177,51,2025-01-03,2026-05-25,508,2.04
C02447,34,34,8,21,4618.34,135.83352941176472,51,2025-01-15,2026-05-12,483,2.14
C04536,34,34,8,22,4611.91,135.64441176470586,47,2024-12-24,2026-06-03,527,1.96
C00741,34,34,8,25,4495.08,132.20823529411766,51,2024-12-04,2026-05-21,534,1.94
C04126,34,34,7,20,4468.85,131.43676470588235,49,2025-01-06,2026-05-16,496,2.09
C01013,33,33,7,23,14016.63,424.74636363636364,47,2025-03-02,2026-04-14,409,2.46
C00889,33,33,7,20,8345.67,252.89909090909092,45,2025-01-02,2026-05-25,509,1.97
C01189,33,33,8,25,5940.64,180.01939393939395,49,2024-12-18,2026-05-29,528,1.9
C01902,33,33,8,20,5802.2,175.8242424242424,46,2024-12-12,2026-05-16,521,1.93
C02815,33,33,7,24,5608.51,169.9548484848485,50,2024-12-22,2026-05-26,521,1.93
C03495,33,33,8,21,5023.55,152.2287878787879,53,2024-12-18,2026-04-18,487,2.06
C00555,33,33,8,22,4757.22,144.15818181818182,57,2024-12-09,2026-05-14,522,1.92
C02360,33,33,8,20,4690.99,142.15121212121213,47,2025-01-09,2026-04-26,473,2.12
C02658,33,33,8,24,4083.69,123.74818181818182,40,2024-12-06,2026-05-04,515,1.95
C02147,33,33,7,21,3875.9300000000003,117.45242424242426,49,2024-12-19,2026-05-31,529,1.9
C03501,32,32,7,20,17352.25,542.2578125,61,2025-02-04,2026-04-09,430,2.27
C01244,32,32,8,23,9040.28,282.50875,60,2024-12-13,2026-05-18,522,1.87
C00052,32,32,8,22,6393.84,199.8075,44,2025-01-09,2026-05-29,506,1.93
C03745,32,32,8,24,6023.94,188.248125,51,2024-12-27,2026-05-31,521,1.87
C03263,32,32,7,25,4902.82,153.213125,49,2024-12-29,2026-06-02,521,1.87
C04936,32,32,7,22,4760.75,148.7734375,51,2024-12-04,2026-05-27,540,1.8
C03993,32,32,8,21,4631.75,144.7421875,52,2024-12-06,2026-06-01,543,1.79
C02791,32,32,8,24,4564.7300000000005,142.64781250000001,39,2024-12-07,2026-03-02,451,2.16
C04127,32,32,7,20,4110.79,128.4621875,54,2024-12-18,2026-05-11,510,1.91
C04371,32,32,7,19,3925.8599999999997,122.68312499999999,49,2024-12-05,2025-12-17,378,2.58
C04858,32,32,8,24,3912.86,122.276875,44,2025-01-07,2026-05-19,498,1.96
C03005,32,31,8,20,5488.43,171.5134375,48,2024-12-10,2026-05-17,524,1.86
C03966,31,31,8,24,7539.51,243.21,45,2024-12-21,2026-05-09,505,1.87
C00474,31,31,6,18,6176.24,199.23354838709676,47,2024-12-30,2026-06-03,521,1.81
C04738,31,31,8,23,5326.37,171.8183870967742,50,2024-12-18,2026-04-15,484,1.95
C03142,31,31,7,20,5126.34,165.3658064516129,54,2024-12-08,2026-05-29,538,1.75
C03879,31,31,7,19,4508.45,145.43387096774194,40,2024-12-15,2026-04-15,487,1.94
C03184,31,31,8,24,4424.3,142.71935483870968,55,2024-12-10,2026-05-27,534,1.77
C02362,31,31,8,23,3992.22,128.78129032258065,35,2024-12-10,2026-04-13,490,1.93
C04849,31,31,8,18,3871.29,124.88032258064516,48,2024-12-07,2026-05-29,539,1.75
C00207,31,31,8,23,3701.5699999999997,119.40548387096773,45,2024-12-21,2026-05-18,514,1.84
C04291,31,31,8,20,3683.88,118.83483870967743,47,2024-12-04,2026-05-13,526,1.79
C01568,31,31,8,20,3473.28,112.04129032258065,44,2024-12-17,2026-05-21,521,1.81
C01262,30,30,8,19,17554.89,585.163,52,2025-02-10,2026-05-04,449,2.03
C01571,30,30,8,21,16505.05,550.1683333333333,55,2025-01-15,2026-05-06,477,1.91
C03753,30,30,8,19,15687.76,522.9253333333334,54,2024-12-17,2026-03-01,440,2.08
C03693,30,30,8,20,6261.49,208.71633333333332,46,2024-12-15,2026-06-01,534,1.71
C04065,30,30,8,22,6034.49,201.14966666666666,46,2024-12-23,2026-05-13,507,1.8
C00972,30,30,7,21,5422.86,180.762,51,2024-12-06,2026-05-16,527,1.73
C01261,30,30,7,22,4930.06,164.33533333333335,41,2024-12-06,2026-05-14,525,1.74
C00290,30,30,7,21,4850.62,161.68733333333333,37,2024-12-07,2026-05-05,515,1.77
C03972,30,30,8,24,4525.1,150.83666666666667,39,2024-12-04,2026-05-27,540,1.69
C00735,30,30,8,20,4312.11,143.737,42,2024-12-06,2026-04-03,484,1.89
C02233,30,30,7,23,4236.8099999999995,141.22699999999998,42,2025-01-06,2026-05-13,493,1.85
C03955,30,30,6,20,4132.57,137.75233333333333,42,2024-12-27,2026-05-20,510,1.79
C01220,30,30,8,23,3672.7200000000003,122.424,42,2024-12-13,2026-05-30,534,1.71
C02384,30,30,8,23,3660.69,122.023,41,2024-12-28,2026-05-30,519,1.76
C00815,30,30,7,20,3182.0299999999997,106.06766666666665,41,2024-12-06,2026-05-14,525,1.74
C01488,29,29,7,19,11724.0,404.2758620689655,58,2025-01-07,2026-05-23,502,1.76
C00896,29,29,8,18,8237.119999999999,284.03862068965515,45,2025-01-01,2026-03-25,449,1.97
C00437,29,29,8,25,7204.59,248.43413793103448,43,2024-12-11,2026-05-21,527,1.68
C00759,29,29,8,20,6861.13,236.5906896551724,54,2024-12-25,2026-05-28,520,1.7
C01726,29,29,8,20,6171.02,212.79379310344828,46,2024-12-28,2026-04-30,489,1.81
C00364,29,29,7,22,6133.24,211.4910344827586,47,2024-12-07,2026-06-01,542,1.63
C00539,29,29,7,22,6109.24,210.66344827586207,50,2024-12-24,2026-04-24,487,1.81
C00775,29,29,8,19,5500.42,189.6696551724138,50,2025-01-06,2026-05-31,511,1.73
C00535,29,29,7,22,5276.110000000001,181.93482758620692,48,2025-01-05,2026-05-29,510,1.73
C04156,29,29,8,18,5174.0599999999995,178.4158620689655,42,2024-12-05,2026-05-09,521,1.69
C04284,29,29,7,20,5077.71,175.09344827586207,40,2025-01-15,2026-04-18,459,1.92
C00298,29,29,7,18,4545.9800000000005,156.75793103448277,43,2024-12-26,2026-05-02,493,1.79
C03114,29,29,8,20,3871.93,133.51482758620688,47,2025-02-12,2026-05-06,449,1.97
C03179,29,29,8,21,3818.0,131.6551724137931,45,2024-12-13,2026-05-13,517,1.71
C04352,29,29,7,20,3796.98,130.9303448275862,38,2024-12-27,2026-04-18,478,1.85
C04281,29,29,8,20,3545.95,122.27413793103447,34,2025-01-30,2026-04-27,453,1.95
C01044,29,29,8,21,3457.8599999999997,119.23655172413793,40,2024-12-14,2026-03-17,459,1.92
C02217,29,29,8,20,3415.2400000000002,117.76689655172414,48,2025-01-18,2026-05-17,485,1.82
C03982,29,28,7,15,15815.51,545.3624137931034,43,2025-02-11,2026-05-05,449,1.97
C01831,28,28,8,17,17776.29,634.8675000000001,65,2025-01-15,2026-05-02,473,1.8
C04446,28,28,8,20,7891.22,281.82928571428573,38,2025-04-04,2026-05-01,393,2.17
C01843,28,28,7,18,7117.14,254.18357142857144,42,2024-12-21,2026-05-20,516,1.65
C02489,28,28,8,20,6640.7699999999995,237.1703571428571,48,2024-12-08,2026-04-20,499,1.71
C00424,28,28,7,20,5491.35,196.11964285714288,43,2024-12-15,2026-05-28,530,1.61
C04972,28,28,6,17,5120.79,182.88535714285715,34,2024-12-10,2026-05-17,524,1.63
C00519,28,28,8,25,4757.78,169.92071428571427,43,2024-12-09,2026-05-29,537,1.59
C02099,28,28,8,22,4519.91,161.42535714285714,42,2024-12-19,2026-05-29,527,1.62
C02351,28,28,7,17,4237.84,151.35142857142858,45,2024-12-08,2026-05-01,510,1.67
C03201,28,28,6,20,4231.29,151.1175,44,2024-12-21,2026-04-29,495,1.72
C03523,28,28,8,18,4208.82,150.315,45,2024-12-13,2026-05-24,528,1.61
C02298,28,28,8,20,3746.84,133.81571428571428,34,2024-12-27,2026-06-02,523,1.63
C03208,28,28,7,21,3324.9,118.74642857142858,39,2025-02-09,2026-05-26,472,1.81
C01330,28,28,7,18,3267.42,116.69357142857143,39,2024-12-07,2026-05-05,515,1.65
C00018,28,28,7,20,3221.85,115.06607142857142,40,2024-12-18,2026-06-03,533,1.6
C04187,28,28,8,20,2773.79,99.06392857142858,34,2025-02-04,2026-03-21,411,2.07
C00985,28,28,7,20,2638.3,94.22500000000001,41,2024-12-04,2026-06-02,546,1.56
C04730,27,27,8,20,19394.8,718.3259259259258,56,2025-01-01,2026-05-02,487,1.69
C01474,27,27,8,18,17521.079999999998,648.9288888888888,54,2025-01-15,2026-04-17,458,1.79
C01921,27,27,7,15,13561.75,502.287037037037,57,2025-02-23,2026-05-30,462,1.78
C04619,27,27,8,19,11599.01,429.592962962963,40,2025-02-12,2026-04-20,433,1.9
C02210,27,27,7,18,6647.68,246.21037037037038,41,2024-12-20,2026-03-15,451,1.82
C04750,27,27,8,20,5800.88,214.84740740740742,44,2024-12-13,2026-05-25,529,1.55
C03527,27,27,6,17,5524.72,204.61925925925928,43,2024-12-04,2026-05-10,523,1.57
C02257,27,27,7,21,4860.52,180.0192592592593,43,2025-01-24,2026-05-19,481,1.71
C02321,27,27,7,19,4771.84,176.73481481481483,48,2025-01-02,2026-05-08,492,1.67
C04372,27,27,7,20,4709.37,174.42111111111112,50,2024-12-16,2026-05-25,526,1.56
C02186,27,27,8,18,4535.94,167.99777777777777,46,2024-12-24,2026-05-13,506,1.62
C04182,27,27,6,16,4419.12,163.67111111111112,44,2024-12-26,2026-04-25,486,1.69
C04617,27,27,8,20,4411.89,163.40333333333334,46,2024-12-10,2026-05-25,532,1.54
C02506,27,27,8,19,4378.0199999999995,162.14888888888888,40,2024-12-15,2026-03-15,456,1.8
C02011,27,27,7,20,4036.9300000000003,149.51592592592593,41,2024-12-19,2026-05-26,524,1.57
C03682,27,27,7,17,3928.33,145.4937037037037,39,2024-12-05,2026-05-08,520,1.58
C00925,27,27,7,17,3852.88,142.69925925925926,42,2024-12-14,2026-06-03,537,1.53
C00732,27,27,8,20,3803.71,140.87814814814814,49,2024-12-10,2026-05-10,517,1.59
C00305,27,27,8,21,3660.22,135.5637037037037,38,2024-12-06,2026-04-26,507,1.62
C00268,27,27,8,19,3343.7200000000003,123.8414814814815,34,2024-12-15,2026-06-01,534,1.54
C02792,27,27,8,21,3030.89,112.25518518518518,38,2025-01-15,2026-04-06,447,1.84
C02916,27,27,8,20,2861.69,105.98851851851852,42,2024-12-08,2026-05-15,524,1.57
C02763,27,27,8,22,2848.8199999999997,105.51185185185184,35,2024-12-10,2026-05-16,523,1.57
C00619,27,27,8,19,2712.6800000000003,100.46962962962964,40,2024-12-29,2026-05-24,512,1.61
C01592,27,27,7,21,2292.69,84.91444444444444,37,2024-12-22,2026-05-23,518,1.59
C04677,27,27,8,16,2073.65,76.80185185185185,37,2024-12-08,2026-05-31,540,1.52
C04881,27,27,8,19,1973.47,73.09148148148148,38,2024-12-05,2026-06-03,546,1.51
C02898,27,27,7,21,1902.54,70.46444444444444,37,2024-12-17,2026-01-31,411,2.0
C01890,26,26,7,18,14162.72,544.72,53,2024-12-30,2026-05-08,495,1.6
C04837,26,26,8,21,10400.75,400.02884615384613,44,2024-12-19,2026-04-07,475,1.67
C00339,26,26,7,18,6859.37,263.8219230769231,38,2025-02-28,2026-05-12,439,1.8
C02567,26,26,7,18,6317.62,242.98538461538462,34,2024-12-28,2026-05-28,517,1.53
C01170,26,26,8,17,5014.68,192.87230769230771,41,2024-12-28,2026-06-03,523,1.51
C00917,26,26,8,17,4709.4400000000005,181.1323076923077,36,2024-12-08,2026-06-02,542,1.46
C02453,26,26,7,21,4307.18,165.66076923076923,33,2024-12-16,2026-05-07,508,1.56
C03843,26,26,8,19,4223.94,162.45923076923074,37,2025-01-05,2026-05-24,505,1.57
C00136,26,26,8,20,4161.11,160.0426923076923,33,2024-12-04,2026-05-23,536,1.48
C00462,26,26,7,21,4149.62,159.60076923076923,44,2024-12-27,2026-06-01,522,1.52
C02803,26,26,8,20,4098.9,157.64999999999998,39,2024-12-22,2026-06-01,527,1.5
C02493,26,26,7,21,4049.7000000000003,155.7576923076923,39,2024-12-10,2026-05-26,533,1.48
C01447,26,26,8,19,3873.73,148.98961538461538,35,2024-12-24,2026-04-05,468,1.69
C00204,26,26,8,19,3672.7799999999997,141.26076923076923,30,2024-12-09,2026-05-28,536,1.48
C00968,26,26,8,20,3603.62,138.60076923076923,33,2024-12-10,2026-06-01,539,1.47
C04178,26,26,8,21,3199.47,123.05653846153845,35,2024-12-27,2026-02-26,427,1.85
C01654,26,26,8,18,3094.81,119.03115384615384,35,2024-12-04,2026-06-03,547,1.45
C03636,26,26,8,16,3043.07,117.04115384615385,38,2024-12-12,2026-06-03,539,1.47
C03096,26,26,8,17,2952.99,113.57653846153845,39,2024-12-20,2026-06-02,530,1.49
C04159,25,25,6,15,17743.66,709.7464,53,2025-03-06,2026-05-14,435,1.75
C01322,25,25,7,17,12042.99,481.7196,37,2025-01-03,2026-04-27,480,1.59
C04384,25,25,7,15,11695.57,467.8228,45,2025-01-10,2026-05-21,497,1.53
C02655,25,25,7,14,11223.99,448.95959999999997,41,2025-04-02,2026-03-30,363,2.1
C01964,25,25,7,16,8924.18,356.9672,47,2025-01-01,2026-05-27,512,1.49
C03862,25,25,7,15,5145.76,205.8304,41,2024-12-06,2026-05-31,542,1.4
C00153,25,25,8,19,4422.67,176.9068,42,2024-12-29,2026-04-18,476,1.6
C02086,25,25,8,19,4341.41,173.6564,40,2024-12-19,2025-12-31,378,2.01
C01402,25,25,8,21,4107.389999999999,164.29559999999998,36,2024-12-06,2026-05-12,523,1.46
C03280,25,25,7,20,4019.0,160.76,34,2024-12-09,2026-05-21,529,1.44
C02174,25,25,7,16,3879.34,155.1736,35,2024-12-21,2026-05-24,520,1.46
C02322,25,25,8,17,3533.39,141.3356,33,2024-12-05,2026-04-14,496,1.53
C03186,25,25,7,20,3475.68,139.0272,38,2024-12-28,2026-06-01,521,1.46
C02711,25,25,7,19,2582.77,103.3108,35,2025-01-16,2026-05-16,486,1.57
C04205,25,25,8,20,2571.56,102.8624,34,2025-01-05,2026-03-08,428,1.78
C00473,25,25,8,20,2444.65,97.786,30,2025-02-08,2026-04-29,446,1.71
C02907,25,25,8,16,2397.78,95.91120000000001,34,2024-12-16,2026-04-28,499,1.53
C03532,25,25,6,16,2021.6,80.86399999999999,40,2024-12-10,2026-05-31,538,1.41
C04035,25,24,8,18,3341.4300000000003,133.65720000000002,35,2024-12-09,2026-05-30,538,1.41
C04154,24,24,7,19,12319.9,513.3291666666667,51,2025-02-22,2026-04-10,413,1.77
C00487,24,24,7,19,12278.72,511.6133333333333,42,2025-01-04,2026-02-02,395,1.85
C00722,24,24,7,16,10924.5,455.1875,37,2025-01-16,2026-05-21,491,1.49
C03461,24,24,7,19,10396.48,433.18666666666667,54,2025-03-14,2026-05-23,436,1.68
C04801,24,24,7,17,9455.97,393.99875,36,2025-02-25,2026-05-13,443,1.65
C00949,24,24,8,22,6621.65,275.90208333333334,47,2024-12-10,2025-12-25,381,1.92
C04007,24,24,8,16,6618.19,275.75791666666663,34,2025-05-01,2026-05-05,370,1.97
C01769,24,24,7,16,6146.92,256.12166666666667,38,2024-12-17,2026-05-16,516,1.42
C02160,24,24,8,19,5652.429999999999,235.51791666666665,39,2025-01-01,2026-05-13,498,1.47
C04911,24,24,8,18,5629.42,234.55916666666667,36,2025-01-11,2026-03-23,437,1.67
C03286,24,24,8,17,5187.280000000001,216.13666666666668,43,2025-01-18,2025-12-11,328,2.23
C00451,24,24,8,18,5158.03,214.91791666666666,36,2024-12-07,2026-04-23,503,1.45
C03051,24,24,8,15,5059.110000000001,210.79625000000001,41,2025-01-31,2026-05-22,477,1.53
C00766,24,24,7,17,4200.9,175.0375,41,2024-12-04,2026-05-27,540,1.35
C04374,24,24,7,15,3820.91,159.20458333333332,39,2025-01-01,2026-06-01,517,1.41
C01403,24,24,7,17,3632.3500000000004,151.3479166666667,32,2024-12-15,2026-05-24,526,1.39
C01001,24,24,8,19,3500.17,145.84041666666667,35,2025-01-16,2026-05-24,494,1.48
C00938,24,24,8,19,3471.19,144.63291666666666,32,2024-12-31,2026-05-25,511,1.43
C00341,24,24,8,17,3388.35,141.18125,41,2024-12-06,2026-04-21,502,1.46
C04188,24,24,7,21,3287.8,136.99166666666667,42,2024-12-06,2026-05-26,537,1.36
C03038,24,24,7,19,3278.9900000000002,136.62458333333333,36,2024-12-16,2026-05-29,530,1.38
C03209,24,24,6,15,3243.5,135.14583333333334,38,2024-12-26,2026-05-30,521,1.4
C01200,24,24,8,20,3133.95,130.58124999999998,34,2024-12-16,2026-04-09,480,1.52
C04484,24,24,8,20,2875.75,119.82291666666667,32,2024-12-05,2025-11-13,344,2.12
C03071,24,24,7,18,2773.0099999999998,115.54208333333332,31,2024-12-24,2026-05-17,510,1.43
C02952,24,24,8,19,2685.6,111.89999999999999,30,2025-03-10,2026-04-28,415,1.76
C03934,24,24,8,18,2618.3599999999997,109.09833333333331,35,2024-12-15,2026-05-23,525,1.39
C00506,24,24,8,17,2438.61,101.60875,31,2025-01-17,2026-03-19,427,1.71
C02184,24,24,8,17,2321.98,96.74916666666667,34,2025-01-03,2026-06-03,517,1.41
C03257,24,24,7,16,2064.0099999999998,86.00041666666665,42,2024-12-05,2026-04-21,503,1.45
C02858,23,23,7,16,15625.63,679.3752173913043,45,2025-01-20,2026-04-15,451,1.55
C01540,23,23,7,18,12405.7,539.3782608695652,44,2025-05-26,2026-05-28,368,1.9
C02819,23,23,7,18,7789.38,338.66869565217394,45,2025-04-19,2026-04-28,375,1.87
C00469,23,23,7,17,7252.51,315.32652173913044,37,2025-01-10,2026-06-01,508,1.38
C02706,23,23,8,18,6957.570000000001,302.5030434782609,32,2024-12-29,2026-04-04,462,1.52
C04232,23,23,7,15,6726.09,292.4386956521739,37,2025-01-25,2026-05-22,483,1.45
C04547,23,23,8,19,5619.200000000001,244.3130434782609,37,2024-12-06,2026-04-28,509,1.38
C04775,23,23,7,16,4991.93,217.0404347826087,30,2024-12-09,2026-04-24,502,1.39
C00231,23,23,8,18,4976.1900000000005,216.35608695652175,37,2025-01-19,2026-05-19,486,1.44
C00291,23,23,8,19,4735.27,205.8813043478261,35,2025-02-02,2026-05-30,483,1.45
C04257,23,23,8,19,4656.33,202.4491304347826,45,2024-12-08,2026-05-14,523,1.34
C01912,23,23,8,17,4583.52,199.28347826086957,42,2024-12-15,2026-05-27,529,1.32
C02659,23,23,7,17,4561.67,198.33347826086955,33,2025-02-23,2026-05-25,457,1.53
C01991,23,23,7,16,4389.28,190.8382608695652,35,2024-12-31,2026-04-21,477,1.47
C04043,23,23,8,18,4212.46,183.1504347826087,25,2025-01-16,2026-05-11,481,1.46
C01371,23,23,8,16,4006.93,174.21434782608694,32,2024-12-15,2026-05-22,524,1.34
C00259,23,23,7,17,4003.19,174.05173913043478,33,2024-12-29,2026-05-27,515,1.36
C03659,23,23,8,19,3800.05,165.2195652173913,37,2024-12-20,2026-01-08,385,1.82
C04745,23,23,8,19,3799.55,165.19782608695652,33,2025-03-17,2026-05-20,430,1.63
C00376,23,23,8,17,3780.96,164.3895652173913,32,2024-12-05,2026-05-31,543,1.29
C00590,23,23,7,19,3761.46,163.5417391304348,31,2025-02-12,2026-05-02,445,1.57
C00620,23,23,8,18,3629.7200000000003,157.81391304347827,43,2024-12-21,2026-05-27,523,1.34
C03594,23,23,7,15,3609.75,156.94565217391303,30,2024-12-21,2026-05-04,500,1.4
C01850,23,23,8,16,3533.74,153.64086956521737,34,2025-02-07,2026-03-14,401,1.75
C03970,23,23,8,19,3432.83,149.25347826086957,29,2024-12-06,2026-05-10,521,1.34
C04410,23,23,8,19,3382.67,147.07260869565218,35,2024-12-28,2026-06-02,522,1.34
C01926,23,23,8,17,3227.62,140.3313043478261,35,2025-01-10,2026-03-30,445,1.57
C03352,23,23,8,16,3180.32,138.27478260869566,30,2024-12-07,2026-05-20,530,1.32
C02548,23,23,8,15,3125.9100000000003,135.9091304347826,34,2024-12-06,2026-06-02,544,1.29
C02165,23,23,8,18,3119.95,135.65,33,2024-12-05,2026-05-05,517,1.35
C00954,23,23,8,17,2993.02,130.13130434782607,36,2024-12-18,2026-05-16,515,1.36
C01014,23,23,8,19,2965.09,128.91695652173914,33,2025-02-02,2026-05-22,475,1.47
C03310,23,23,7,17,2939.76,127.81565217391305,34,2025-02-22,2026-05-30,463,1.51
C04419,23,23,8,18,2892.57,125.76391304347827,35,2024-12-07,2026-06-02,543,1.29
C03531,23,23,7,17,2659.17,115.61608695652174,26,2024-12-05,2026-04-24,506,1.38
C00664,23,23,7,17,2503.3,108.83913043478262,44,2025-01-07,2026-05-01,480,1.46
C02229,23,23,8,18,2379.66,103.46347826086956,29,2025-01-19,2026-05-13,480,1.46
C04090,23,23,7,16,2357.56,102.50260869565217,25,2024-12-06,2026-05-30,541,1.29
C00067,23,23,8,18,2312.64,100.5495652173913,31,2024-12-15,2026-04-30,502,1.39
C00840,23,23,6,14,1916.71,83.33521739130435,33,2025-01-08,2026-05-24,502,1.39
C03333,23,23,8,18,1863.6399999999999,81.02782608695652,36,2024-12-21,2026-03-18,453,1.55
C04791,22,22,6,14,18193.23,826.965,45,2025-03-18,2026-04-15,394,1.7
C01210,22,22,7,15,18089.2,822.2363636363636,45,2025-01-19,2026-04-14,451,1.48
C02222,22,22,7,15,13425.300000000001,610.2409090909091,43,2025-02-25,2026-05-04,434,1.54
C04301,22,22,7,15,12924.94,587.4972727272727,33,2025-02-12,2026-05-03,446,1.5
C04893,22,22,7,17,12010.19,545.9177272727273,38,2025-03-10,2026-03-13,369,1.81
C01138,22,22,5,12,11818.39,537.1995454545454,40,2025-03-15,2026-02-22,345,1.94
C03834,22,22,8,16,10644.88,483.8581818181818,37,2025-04-09,2026-05-09,396,1.69
C00907,22,22,6,14,9780.51,444.56863636363636,34,2025-03-06,2026-04-29,420,1.59
C02056,22,22,7,17,9439.23,429.0559090909091,47,2025-03-06,2026-03-23,383,1.75
C04168,22,22,7,17,9043.23,411.0559090909091,40,2025-01-19,2026-05-24,491,1.36
C03128,22,22,8,17,6128.33,278.56045454545455,32,2024-12-13,2026-05-13,517,1.3
C00261,22,22,7,16,5909.77,268.6259090909091,47,2024-12-16,2026-04-11,482,1.39
C00725,22,22,7,16,5389.89,244.995,35,2024-12-05,2026-04-17,499,1.34
C01620,22,22,7,17,5273.83,239.71954545454545,44,2024-12-19,2026-05-01,499,1.34
C00882,22,22,6,14,5029.5,228.61363636363637,39,2025-01-12,2026-05-01,475,1.41
C01958,22,22,6,18,4687.22,213.05545454545455,35,2024-12-05,2026-05-31,543,1.23
C02730,22,22,7,14,4625.15,210.2340909090909,45,2025-01-10,2026-04-22,468,1.43
C03455,22,22,8,18,4105.74,186.62454545454545,33,2024-12-19,2026-05-14,512,1.31
C04639,22,22,7,17,3895.57,177.07136363636366,33,2024-12-04,2026-04-01,484,1.38
C02412,22,22,8,20,3895.41,177.0640909090909,37,2025-01-03,2026-02-24,418,1.6
C04840,22,22,7,17,3881.42,176.42818181818183,37,2024-12-26,2026-05-14,505,1.33
C00587,22,22,7,16,3567.08,162.14,31,2024-12-09,2026-05-20,528,1.27
C01105,22,22,8,15,3561.92,161.90545454545455,29,2025-02-10,2026-05-16,461,1.45
C01229,22,22,8,18,3558.44,161.74727272727273,35,2025-01-19,2026-01-22,369,1.81
C02887,22,22,6,16,3491.96,158.72545454545454,34,2025-01-07,2026-05-16,495,1.35
C03549,22,22,8,16,3387.2400000000002,153.96545454545455,29,2024-12-27,2026-05-21,511,1.31
C04235,22,22,6,17,3333.64,151.5290909090909,35,2025-02-12,2026-05-30,473,1.42
C02923,22,22,7,17,3306.37,150.28954545454545,32,2025-01-02,2026-04-05,459,1.46
C03222,22,22,8,16,3235.45,147.0659090909091,42,2025-01-02,2026-05-26,510,1.31
C04106,22,22,6,15,3187.5699999999997,144.88954545454544,29,2025-02-09,2026-06-02,479,1.4
C00352,22,22,8,13,3177.27,144.42136363636362,31,2025-01-12,2026-05-11,485,1.38
C00794,22,22,8,17,3039.48,138.15818181818182,29,2024-12-30,2026-05-30,517,1.3
C00150,22,22,6,12,3037.33,138.06045454545455,28,2024-12-22,2026-04-12,477,1.4
C03118,22,22,8,18,2912.45,132.3840909090909,37,2024-12-06,2026-03-13,463,1.45
C02463,22,22,8,18,2766.81,125.76409090909091,29,2024-12-13,2026-05-02,506,1.32
C00091,22,22,6,14,2673.15,121.50681818181819,30,2024-12-08,2026-05-17,526,1.27
C01443,22,22,8,16,2666.74,121.21545454545453,34,2024-12-06,2026-05-23,534,1.25
C04664,22,22,7,18,2627.5,119.43181818181819,34,2024-12-31,2026-02-27,424,1.58
C01161,22,22,7,16,2621.88,119.17636363636365,35,2024-12-08,2026-04-20,499,1.34
C00516,22,22,8,15,2608.17,118.55318181818183,34,2024-12-05,2026-05-25,537,1.25
C01236,22,22,8,16,2467.46,112.15727272727273,33,2024-12-25,2026-05-20,512,1.31
C04908,22,22,8,18,2463.76,111.98909090909092,31,2024-12-22,2026-05-06,501,1.34
C03606,22,22,8,19,2339.15,106.325,35,2024-12-10,2026-06-02,540,1.24
C01863,22,22,6,18,2318.24,105.37454545454544,32,2024-12-21,2026-04-22,488,1.37
C02875,22,22,7,15,2290.56,104.11636363636363,28,2024-12-12,2026-05-26,531,1.26
C02013,22,22,7,16,2070.96,94.13454545454546,34,2024-12-27,2026-05-14,504,1.33
C04097,22,22,8,19,1690.8,76.85454545454546,29,2024-12-24,2026-03-29,461,1.45
C01422,21,21,7,14,20429.82,972.8485714285714,49,2024-12-30,2026-05-16,503,1.27
C02323,21,21,6,15,15025.349999999999,715.492857142857,43,2025-03-06,2026-02-19,351,1.82
C01643,21,21,8,17,11792.26,561.5361904761905,43,2025-01-31,2026-05-08,463,1.38
C02670,21,21,7,16,11217.78,534.1800000000001,33,2025-03-05,2026-04-22,414,1.54
C04502,21,21,6,16,9490.78,451.94190476190477,35,2025-01-14,2026-04-20,462,1.38
C01480,21,21,7,16,8417.11,400.81476190476195,38,2025-03-06,2026-02-16,348,1.84
C01394,21,21,7,18,6687.29,318.442380952381,34,2024-12-26,2026-05-25,516,1.24
C01917,21,21,7,18,6456.69,307.46142857142854,30,2024-12-18,2026-03-07,445,1.44
C00561,21,21,7,16,6029.76,287.13142857142856,36,2025-01-11,2026-05-21,496,1.29
C03666,21,21,8,17,5987.5199999999995,285.12,35,2025-05-24,2026-04-17,329,1.94
C01511,21,21,8,18,5744.28,273.53714285714284,32,2024-12-26,2026-04-10,471,1.36
C01880,21,21,8,14,5685.349999999999,270.7309523809524,40,2025-01-29,2026-04-11,438,1.46
C00835,21,21,6,15,5225.26,248.82190476190476,35,2025-02-05,2026-04-18,438,1.46
C01086,21,21,7,16,4572.56,217.7409523809524,31,2025-02-01,2026-05-05,459,1.39
C03751,21,21,8,16,4541.98,216.2847619047619,38,2025-02-12,2026-05-08,451,1.42
C00084,21,21,7,16,4495.75,214.08333333333334,33,2025-01-06,2026-05-05,485,1.32
C00109,21,21,7,16,4184.41,199.25761904761904,34,2025-03-05,2026-05-12,434,1.47
C04682,21,21,7,16,4125.94,196.4733333333333,43,2025-01-17,2026-05-20,489,1.31
C00935,21,21,8,17,4124.95,196.42619047619047,35,2025-02-26,2026-05-12,441,1.45
C00973,21,21,8,17,3919.37,186.63666666666666,38,2025-01-09,2026-05-05,482,1.33
C00292,21,21,8,19,3858.67,183.7461904761905,30,2024-12-26,2026-05-25,516,1.24
C03859,21,21,7,16,3799.6200000000003,180.93428571428572,32,2025-03-05,2026-04-04,396,1.61
C01251,21,21,7,15,3798.6,180.88571428571427,32,2025-01-06,2026-05-08,488,1.31
C03463,21,21,6,16,3793.33,180.6347619047619,34,2025-01-03,2026-05-11,494,1.29
C02228,21,21,8,20,3703.85,176.3738095238095,39,2024-12-26,2026-04-30,491,1.3
C01133,21,21,6,17,3697.0099999999998,176.04809523809521,27,2025-02-01,2026-04-19,443,1.44
C02324,21,21,8,15,3685.4500000000003,175.49761904761905,33,2025-01-09,2026-05-12,489,1.31
C02513,21,21,7,15,3603.6,171.6,30,2024-12-05,2026-05-06,518,1.23
C03401,21,21,8,19,3488.46,166.11714285714285,34,2025-02-04,2026-05-24,475,1.35
C01894,21,21,8,18,3443.85,163.99285714285713,35,2025-01-14,2026-06-01,504,1.27
C00392,21,21,7,16,3340.95,159.09285714285713,37,2024-12-23,2026-05-18,512,1.25
C01185,21,21,8,18,3289.2,156.62857142857143,31,2025-01-20,2026-06-02,499,1.28
C03343,21,21,8,18,3280.2400000000002,156.20190476190479,28,2024-12-07,2026-05-02,512,1.25
C03316,21,21,8,18,3047.43,145.1157142857143,34,2024-12-09,2026-05-25,533,1.2
C00579,21,21,8,16,3025.2599999999998,144.06,32,2024-12-15,2026-03-09,450,1.42
C03391,21,21,7,16,3019.28,143.7752380952381,32,2024-12-13,2026-02-28,443,1.44
C03138,21,21,8,18,2952.65,140.60238095238097,31,2024-12-27,2026-05-25,515,1.24
C02974,21,21,8,17,2743.46,130.64095238095237,25,2025-02-13,2026-05-02,444,1.44
C02340,21,21,7,18,2697.16,128.43619047619046,29,2025-01-23,2026-05-15,478,1.34
C04075,21,21,8,18,2670.5099999999998,127.16714285714285,31,2025-01-01,2026-04-18,473,1.35
C02242,21,21,8,19,2649.17,126.15095238095239,31,2024-12-05,2026-05-10,522,1.22
C03236,21,21,7,16,2517.81,119.89571428571428,24,2025-01-26,2026-05-28,488,1.31
C04581,21,21,8,17,2448.78,116.60857142857144,38,2024-12-07,2026-04-02,482,1.33
C03917,21,21,8,17,2433.49,115.88047619047617,26,2025-02-03,2026-04-11,433,1.48
C03805,21,21,7,14,2374.09,113.05190476190477,32,2024-12-14,2026-05-08,511,1.25
C02476,21,21,7,17,2343.83,111.61095238095238,27,2025-02-05,2026-05-08,458,1.4
C01297,21,21,8,18,2318.94,110.42571428571429,37,2024-12-20,2026-05-30,527,1.21
C00940,21,21,6,14,2301.62,109.60095238095238,41,2025-01-06,2026-05-08,488,1.31
C01713,21,21,8,14,2239.86,106.66000000000001,35,2024-12-29,2026-05-09,497,1.29
C02399,21,21,8,18,2215.49,105.4995238095238,32,2024-12-14,2026-06-03,537,1.19
C03669,21,21,7,16,2160.88,102.89904761904762,39,2024-12-14,2026-02-12,426,1.5
C00744,21,21,8,15,2141.59,101.9804761904762,27,2024-12-08,2026-05-28,537,1.19
C04500,21,21,5,14,2134.1,101.62380952380951,30,2024-12-12,2026-05-16,521,1.23
C02568,21,21,8,17,2019.34,96.15904761904761,31,2024-12-06,2026-05-05,516,1.24
C00077,21,21,8,16,2004.92,95.47238095238096,32,2024-12-11,2025-11-02,327,1.95
C04513,21,21,7,16,1785.44,85.02095238095238,29,2025-02-06,2026-03-25,413,1.55
C04880,21,21,8,14,1599.78,76.17999999999999,25,2024-12-13,2025-08-29,260,2.46
C00817,21,21,6,16,1588.77,75.65571428571428,33,2024-12-20,2026-05-20,517,1.24
C01508,20,20,6,15,17525.33,876.2665000000001,37,2025-03-08,2026-04-09,398,1.53
C01430,20,20,6,13,16729.53,836.4765,41,2025-01-30,2026-04-27,453,1.34
C04018,20,20,6,12,11335.710000000001,566.7855000000001,41,2025-02-02,2026-05-13,466,1.31
C04708,20,20,5,13,10668.42,533.421,40,2025-01-05,2026-05-15,496,1.23
C03876,20,20,8,17,10509.130000000001,525.4565,32,2025-01-24,2026-05-06,468,1.3
C01070,20,20,7,16,10105.87,505.29350000000005,45,2025-03-12,2026-05-11,426,1.43
C01923,20,20,7,14,9040.34,452.017,41,2025-01-08,2026-04-10,458,1.33
C01812,20,20,7,16,7829.099999999999,391.455,35,2025-03-29,2026-05-13,411,1.48
C01467,20,20,7,14,7515.0199999999995,375.751,35,2025-02-21,2026-05-04,438,1.39
C00477,20,20,8,17,7359.31,367.9655,32,2025-03-24,2026-02-18,332,1.83
C01930,20,20,8,18,6163.91,308.1955,39,2024-12-19,2026-04-02,470,1.3
C03210,20,20,8,14,5844.49,292.2245,29,2024-12-05,2026-04-19,501,1.22
C03571,20,20,7,14,4791.0,239.55,24,2025-01-08,2026-04-30,478,1.27
C01007,20,20,8,14,4665.13,233.25650000000002,26,2025-01-26,2026-04-19,449,1.36
C01436,20,20,8,17,4541.68,227.084,28,2025-01-13,2026-04-06,449,1.36
C03732,20,20,8,16,4531.31,226.56550000000001,27,2025-02-03,2026-03-28,419,1.45
C00643,20,20,8,16,4458.04,222.902,36,2025-04-10,2026-05-15,401,1.52
C02992,20,20,7,16,4407.110000000001,220.35550000000003,37,2025-01-05,2026-05-23,504,1.21
C03781,20,20,6,13,4407.01,220.3505,30,2024-12-11,2026-05-18,524,1.16
C04214,20,20,7,16,4350.77,217.53850000000003,32,2025-02-01,2026-05-07,461,1.32
C04386,20,20,8,17,4209.43,210.47150000000002,29,2025-01-13,2026-04-30,473,1.29
C04086,20,20,7,17,3976.6099999999997,198.83049999999997,29,2025-02-01,2026-04-11,435,1.4
C04541,20,20,6,15,3619.1,180.95499999999998,33,2024-12-07,2026-06-01,542,1.12
C01688,20,20,8,16,3552.09,177.6045,30,2025-01-18,2026-03-20,427,1.43
C00809,20,20,8,18,3503.58,175.179,31,2024-12-30,2026-04-26,483,1.26
C00983,20,20,8,15,3403.8900000000003,170.1945,37,2025-01-06,2026-04-24,474,1.28
C00296,20,20,8,16,3331.79,166.5895,31,2025-01-21,2026-05-14,479,1.27
C03313,20,20,8,15,3266.72,163.33599999999998,24,2025-01-25,2026-05-15,476,1.28
C03908,20,20,7,15,3174.66,158.733,29,2024-12-23,2025-12-12,355,1.71
C00426,20,20,7,15,3089.4900000000002,154.4745,26,2025-03-13,2026-05-18,432,1.41
C04585,20,20,7,15,3083.12,154.156,27,2025-02-19,2026-05-28,464,1.31
C03599,20,20,8,16,3068.3199999999997,153.416,31,2024-12-30,2026-03-30,456,1.34
C02840,20,20,8,17,3046.91,152.3455,33,2024-12-23,2026-05-27,521,1.17
C00005,20,20,7,16,3029.58,151.47899999999998,26,2024-12-05,2026-05-30,542,1.12
C03619,20,20,7,14,3029.13,151.4565,38,2024-12-07,2025-08-21,258,2.36
C01032,20,20,6,17,2875.2200000000003,143.76100000000002,33,2024-12-28,2026-05-02,491,1.24
C00523,20,20,8,15,2872.77,143.6385,29,2025-01-15,2026-05-26,497,1.22
C01355,20,20,7,16,2866.46,143.323,34,2025-01-29,2026-04-25,452,1.35
C02891,20,20,6,15,2788.9,139.445,30,2024-12-10,2026-05-27,534,1.14
C04739,20,20,8,17,2739.04,136.952,31,2024-12-11,2026-03-21,466,1.31
C03837,20,20,7,15,2724.85,136.2425,28,2024-12-26,2026-03-27,457,1.33
C03167,20,20,6,16,2656.04,132.802,27,2024-12-24,2026-05-27,520,1.17
C04679,20,20,8,15,2589.15,129.4575,31,2024-12-28,2026-04-25,484,1.26
C01124,20,20,7,15,2540.59,127.02950000000001,35,2025-03-24,2026-06-01,435,1.4
C00054,20,20,8,15,2526.29,126.3145,25,2025-01-14,2026-05-05,477,1.28
C03644,20,20,6,15,2435.41,121.7705,27,2025-01-07,2026-03-18,436,1.4
C02342,20,20,8,16,2232.44,111.622,30,2025-02-10,2026-04-15,430,1.42
C04795,20,20,6,15,2156.36,107.81800000000001,26,2024-12-22,2026-01-05,380,1.6
C03602,20,20,7,15,2072.3,103.61500000000001,30,2024-12-12,2026-05-17,522,1.17
C01162,20,20,8,16,1986.44,99.322,26,2025-01-02,2026-04-14,468,1.3
C03613,20,20,8,14,1953.25,97.6625,27,2025-02-06,2026-04-14,433,1.41
C02008,20,20,7,16,1876.1799999999998,93.809,28,2025-01-20,2026-03-27,432,1.41
C00865,20,20,8,15,1747.65,87.38250000000001,29,2024-12-15,2026-03-27,468,1.3
C04327,20,20,7,15,1717.2,85.86,29,2024-12-10,2026-06-01,539,1.13
C04674,20,20,6,15,1634.4199999999998,81.72099999999999,33,2024-12-24,2025-10-08,289,2.11
C01184,20,20,6,12,1589.04,79.452,31,2025-01-10,2026-05-19,495,1.23
C03618,20,20,8,12,1445.71,72.2855,28,2024-12-05,2026-05-15,527,1.16
C02025,19,19,7,14,20103.5,1058.078947368421,35,2025-03-11,2026-04-03,389,1.49
C04334,19,19,7,16,15893.26,836.4873684210527,28,2025-03-03,2026-01-14,318,1.82
C04697,19,19,7,13,13486.79,709.831052631579,38,2025-02-18,2026-02-19,367,1.58
C02357,19,19,5,14,13281.56,699.0294736842105,37,2025-02-02,2026-04-21,444,1.3
C03533,19,19,6,15,12958.47,682.0247368421052,41,2024-12-22,2026-04-11,476,1.22
C04145,19,19,7,12,12546.18,660.3252631578947,36,2025-02-05,2026-05-04,454,1.27
C02015,19,19,6,14,12142.02,639.0536842105263,32,2025-02-17,2026-05-20,458,1.26
C02636,19,19,5,13,11974.65,630.2447368421052,53,2025-02-22,2026-05-15,448,1.29
C02492,19,19,6,15,11959.539999999999,629.4494736842105,38,2025-04-08,2026-03-17,344,1.68
C03951,19,19,7,14,10159.689999999999,534.7205263157894,31,2025-02-25,2026-04-19,419,1.38
C03988,19,19,6,14,10044.49,528.6573684210526,33,2025-03-07,2025-11-10,249,2.32
C00141,19,19,8,16,9423.82,495.99052631578945,29,2025-01-19,2026-04-12,449,1.29
C04698,19,19,6,16,9267.61,487.7689473684211,34,2025-01-21,2026-05-12,477,1.21
C03568,19,19,7,14,8872.02,466.9484210526316,27,2025-01-20,2026-05-26,492,1.18
C04073,19,19,7,16,8845.05,465.52894736842103,33,2025-01-30,2026-05-06,462,1.25
C01145,19,19,6,13,8415.79,442.9363157894737,36,2025-04-17,2026-04-05,354,1.63
C00111,19,19,7,15,8029.17,422.5878947368421,37,2025-03-05,2026-05-02,424,1.36
C04709,19,19,7,12,6769.639999999999,356.2968421052631,33,2024-12-22,2026-04-15,480,1.2
C01470,19,19,6,13,6200.67,326.35105263157897,33,2025-02-12,2026-05-18,461,1.25
C01493,19,19,7,17,6155.31,323.9636842105263,34,2024-12-20,2026-04-18,485,1.19
C01315,19,19,8,18,6043.34,318.0705263157895,28,2024-12-15,2026-05-31,533,1.09
C04315,19,19,7,16,5662.61,298.03210526315786,29,2025-01-29,2026-04-25,452,1.28
C03528,19,19,6,13,5595.1,294.4789473684211,35,2025-01-17,2026-06-02,502,1.15
C01318,19,19,7,13,5120.02,269.4747368421053,29,2025-02-03,2026-05-30,482,1.2
C03032,19,19,7,14,5113.98,269.15684210526314,40,2025-01-27,2026-06-02,492,1.18
C02178,19,19,7,15,4971.0,261.63157894736844,30,2024-12-23,2026-05-19,513,1.13
C03218,19,19,8,14,4821.8,253.77894736842106,33,2024-12-07,2026-06-02,543,1.07
C04320,19,19,7,13,4529.01,238.36894736842106,32,2024-12-12,2025-11-29,353,1.64
C01685,19,19,8,16,4456.99,234.57842105263157,24,2024-12-08,2026-05-24,533,1.09
C00679,19,19,8,15,4357.2,229.32631578947368,24,2024-12-07,2026-05-05,515,1.12
C02068,19,19,7,16,4103.01,215.94789473684213,28,2024-12-11,2026-01-11,397,1.46
C04644,19,19,8,16,4014.06,211.26631578947368,27,2024-12-29,2026-05-24,512,1.13
C02173,19,19,7,15,3866.48,203.49894736842106,33,2025-03-03,2026-05-26,450,1.29
C00491,19,19,7,17,3852.35,202.75526315789475,34,2025-01-26,2026-04-13,443,1.31
C03345,19,19,7,14,3797.97,199.89315789473685,25,2025-01-18,2026-05-08,476,1.22
C03318,19,19,7,14,3781.69,199.0363157894737,33,2024-12-30,2026-05-18,505,1.15
C04737,19,19,7,14,3742.56,196.97684210526316,31,2025-01-15,2026-03-13,423,1.37
C02882,19,19,7,15,3560.48,187.39368421052632,30,2024-12-26,2026-04-07,468,1.24
C03656,19,19,8,15,3540.41,186.33736842105262,31,2024-12-21,2026-05-01,497,1.16
C00908,19,19,8,18,3457.5899999999997,181.97842105263157,26,2025-02-26,2026-06-03,463,1.25
C00442,19,19,7,16,3395.52,178.71157894736842,30,2024-12-10,2026-04-26,503,1.15
C02750,19,19,7,16,3363.18,177.00947368421052,29,2024-12-27,2026-05-31,521,1.11
C01079,19,19,8,16,3332.83,175.41210526315788,33,2024-12-28,2026-05-17,506,1.14
C03536,19,19,8,19,3320.48,174.7621052631579,34,2025-01-28,2026-02-17,386,1.5
C02427,19,19,7,17,3203.0699999999997,168.58263157894734,25,2024-12-16,2026-03-02,442,1.31
C00164,19,19,8,14,3202.81,168.56894736842105,27,2024-12-18,2026-04-28,497,1.16
C02358,19,19,7,16,3167.27,166.69842105263157,31,2025-01-09,2025-12-07,333,1.74
C01386,19,19,8,13,3154.0099999999998,166.00052631578947,29,2024-12-25,2026-04-25,487,1.19
C00511,19,19,8,16,3147.83,165.67526315789473,22,2024-12-04,2026-05-09,522,1.11
C01264,19,19,8,14,3108.4900000000002,163.60473684210527,33,2025-02-28,2026-04-10,407,1.42
C02455,19,19,8,16,3087.9900000000002,162.52578947368423,28,2025-01-11,2026-04-19,464,1.25
C01529,19,19,6,13,3049.48,160.49894736842106,31,2024-12-31,2026-05-28,514,1.13
C00125,19,19,8,13,3041.63,160.08578947368423,27,2025-01-27,2026-05-09,468,1.24
C04252,19,19,7,15,2830.4,148.96842105263158,25,2024-12-31,2026-05-28,514,1.13
C03539,19,19,7,15,2823.26,148.5926315789474,26,2024-12-06,2026-06-02,544,1.06
C04657,19,19,8,17,2798.08,147.26736842105262,28,2024-12-18,2026-02-21,431,1.34
C02060,19,19,7,13,2740.83,144.25421052631577,35,2025-03-20,2026-05-20,427,1.35
C00583,19,19,8,16,2721.71,143.2478947368421,31,2024-12-22,2026-05-23,518,1.12
C03699,19,19,6,14,2720.26,143.17157894736843,31,2025-01-13,2025-12-28,350,1.65
C00703,19,19,8,15,2709.24,142.59157894736842,30,2024-12-24,2026-05-16,509,1.14
C03398,19,19,7,17,2668.16,140.4294736842105,26,2024-12-17,2026-05-16,516,1.12
C02259,19,19,7,13,2653.88,139.67789473684212,25,2025-03-10,2026-05-13,430,1.35
C02583,19,19,6,12,2634.9300000000003,138.68052631578948,25,2024-12-10,2026-05-25,532,1.09
C00538,19,19,8,13,2582.24,135.9073684210526,29,2024-12-10,2026-05-14,521,1.11
C03497,19,19,8,14,2526.36,132.9663157894737,27,2025-03-08,2026-04-19,408,1.42
C00435,19,19,7,13,2492.12,131.16421052631577,26,2025-01-03,2026-05-09,492,1.18
C00350,19,19,7,13,2470.62,130.03263157894736,30,2025-02-14,2026-05-22,463,1.25
C03492,19,19,7,15,2462.24,129.59157894736842,29,2025-01-01,2026-05-31,516,1.12
C02938,19,19,8,17,2374.76,124.98736842105264,24,2024-12-05,2026-05-07,519,1.11
C04208,19,19,8,18,2355.79,123.98894736842105,30,2024-12-18,2026-06-02,532,1.09
C03161,19,19,6,14,2293.2,120.69473684210526,25,2025-01-09,2026-04-23,470,1.23
C02266,19,19,7,16,2286.5299999999997,120.3436842105263,25,2024-12-23,2026-05-22,516,1.12
C00037,19,19,6,14,2272.29,119.59421052631579,26,2025-02-24,2026-05-08,439,1.32
C00155,19,19,7,16,2255.95,118.73421052631578,27,2024-12-23,2026-05-24,518,1.12
C02018,19,19,7,14,2254.12,118.6378947368421,31,2025-01-01,2026-05-26,511,1.13
C00545,19,19,7,15,2199.16,115.74526315789473,25,2024-12-29,2026-06-02,521,1.11
C03021,19,19,7,17,2163.12,113.84842105263158,32,2024-12-14,2025-09-22,283,2.04
C00060,19,19,8,14,2132.2,112.22105263157894,22,2024-12-09,2026-05-19,527,1.1
C02554,19,19,7,13,2050.81,107.93736842105262,28,2025-01-15,2026-04-18,459,1.26
C03388,19,19,6,14,2020.42,106.3378947368421,26,2024-12-10,2026-05-11,518,1.12
C02150,19,19,8,17,1974.62,103.92736842105262,26,2025-01-03,2026-05-06,489,1.18
C03154,19,19,7,14,1967.8700000000001,103.5721052631579,23,2024-12-25,2026-05-29,521,1.11
C00803,19,19,7,17,1861.19,97.95736842105264,26,2024-12-10,2026-04-09,486,1.19
C04009,19,19,6,15,1752.64,92.2442105263158,25,2024-12-08,2026-03-06,454,1.27
C01107,19,19,7,12,1729.28,91.01473684210526,37,2024-12-26,2026-05-09,500,1.16
C03550,19,19,7,16,1664.54,87.60736842105263,21,2024-12-06,2026-03-07,457,1.27
C00872,19,19,5,11,1652.41,86.96894736842106,27,2024-12-18,2026-04-23,492,1.18
C04518,19,19,7,16,1566.62,82.4536842105263,29,2024-12-07,2025-11-10,339,1.71
C04920,18,18,6,12,29798.35,1655.4638888888887,37,2025-01-30,2026-02-17,384,1.43
C04120,18,18,6,12,21627.11,1201.506111111111,39,2025-03-16,2026-02-08,330,1.66
C04774,18,18,5,12,17455.65,969.7583333333334,40,2025-06-14,2026-04-15,306,1.79
C03264,18,18,8,13,14240.85,791.1583333333333,35,2025-04-08,2026-05-02,390,1.4
C04579,18,18,6,14,13335.25,740.8472222222222,37,2025-03-03,2026-05-19,443,1.24
C04370,18,18,7,16,11762.73,653.485,34,2025-01-30,2026-03-30,425,1.29
C01096,18,18,7,16,11665.82,648.1011111111111,31,2025-03-10,2026-05-13,430,1.27
C03095,18,18,8,13,11355.41,630.8561111111111,48,2025-01-10,2026-05-18,494,1.11
C00581,18,18,5,14,10889.86,604.9922222222223,37,2025-03-06,2026-03-08,368,1.49
C04267,18,18,7,12,10821.66,601.2033333333334,31,2025-04-18,2026-04-08,356,1.54
C03530,18,18,7,12,10581.61,587.8672222222223,37,2025-01-24,2026-03-04,405,1.35
C03979,18,18,4,12,10566.92,587.0511111111111,31,2025-05-21,2026-05-15,360,1.52
C02263,18,18,7,16,10168.62,564.9233333333334,31,2025-02-04,2026-05-09,460,1.19
C01678,18,18,6,15,10094.75,560.8194444444445,29,2025-03-18,2026-03-13,361,1.52
C01479,18,18,8,17,9676.6,537.588888888889,35,2025-05-03,2026-05-06,369,1.48
C03967,18,18,6,16,8933.78,496.3211111111111,31,2025-02-15,2026-05-02,442,1.24
C00966,18,18,6,16,8445.6,469.20000000000005,33,2025-02-05,2026-03-06,395,1.39
C04912,18,18,6,15,8257.44,458.74666666666667,33,2025-02-16,2026-04-27,436,1.26
C03858,18,18,7,12,7916.94,439.83,34,2024-12-20,2026-04-21,488,1.12
C04842,18,18,8,15,7530.68,418.37111111111113,25,2025-04-20,2026-05-14,390,1.4
C04128,18,18,7,12,7255.25,403.06944444444446,35,2025-03-07,2026-03-28,387,1.42
C00670,18,18,6,14,7012.18,389.5655555555556,31,2025-04-04,2026-04-27,389,1.41
C03824,18,18,7,12,5205.56,289.1977777777778,24,2024-12-30,2026-05-22,509,1.08
C03989,18,18,6,14,5196.2,288.67777777777775,25,2025-01-02,2026-03-24,447,1.23
C03370,18,18,7,13,5165.73,286.98499999999996,23,2024-12-11,2026-05-01,507,1.08
C02758,18,18,7,15,4609.04,256.0577777777778,28,2024-12-23,2026-05-11,505,1.08
C03041,18,18,8,12,4257.349999999999,236.51944444444442,33,2024-12-29,2025-09-23,269,2.04
C03435,18,18,8,15,4221.51,234.52833333333334,28,2024-12-07,2026-05-28,538,1.02
C00270,18,18,7,11,3986.2799999999997,221.45999999999998,28,2025-02-06,2026-05-15,464,1.18
C02346,18,18,8,13,3844.6,213.58888888888887,30,2025-01-02,2026-06-03,518,1.06
C01043,18,18,7,14,3656.77,203.1538888888889,33,2025-01-02,2026-03-06,429,1.28
C04789,18,18,6,13,3613.76,200.76444444444445,26,2025-01-04,2026-05-24,506,1.08
C01598,18,18,8,16,3555.5600000000004,197.53111111111113,33,2024-12-29,2026-05-28,516,1.06
C00395,18,18,8,16,3472.1800000000003,192.8988888888889,30,2025-01-02,2026-05-24,508,1.08
C00841,18,18,7,12,3455.0699999999997,191.94833333333332,29,2025-01-01,2026-05-23,508,1.08
C04587,18,18,7,15,3437.78,190.98777777777778,25,2025-05-11,2026-03-19,313,1.75
C01356,18,18,7,15,3387.02,188.1677777777778,29,2024-12-04,2026-05-13,526,1.04
C03024,18,18,8,16,3360.76,186.7088888888889,25,2025-01-05,2025-12-29,359,1.53
C04699,18,18,6,13,3251.5,180.63888888888889,27,2025-01-26,2026-05-24,484,1.13
C01186,18,18,7,18,3141.61,174.5338888888889,29,2025-01-23,2026-03-31,433,1.27
C00342,18,18,8,16,3117.87,173.215,28,2025-04-10,2026-05-31,417,1.31
C01954,18,18,7,14,3112.33,172.90722222222223,26,2025-02-11,2026-02-28,383,1.43
C04701,18,18,7,15,3080.59,171.1438888888889,25,2024-12-18,2026-04-25,494,1.11
C03026,18,18,7,14,3059.23,169.9572222222222,28,2024-12-04,2026-05-28,541,1.01
C01275,18,18,7,14,3053.1099999999997,169.6172222222222,22,2024-12-05,2026-04-26,508,1.08
C04342,18,18,8,15,2996.67,166.48166666666668,26,2024-12-25,2026-02-26,429,1.28
C02378,18,18,4,11,2989.84,166.10222222222222,31,2025-02-14,2026-01-17,338,1.62
C00448,18,18,8,16,2936.98,163.16555555555556,30,2025-01-17,2026-04-29,468,1.17
C01642,18,18,7,15,2932.4700000000003,162.91500000000002,29,2025-01-17,2026-04-08,447,1.23
C03909,18,18,6,15,2908.54,161.58555555555554,27,2025-02-11,2026-05-03,447,1.23
C01561,18,18,7,13,2850.46,158.35888888888888,28,2025-01-09,2026-03-03,419,1.31
C02903,18,18,7,14,2794.57,155.2538888888889,24,2024-12-15,2026-05-26,528,1.04
C01366,18,18,8,14,2762.87,153.49277777777777,19,2024-12-05,2026-04-09,491,1.12
C04028,18,18,6,15,2744.42,152.46777777777777,23,2025-02-22,2026-03-19,391,1.4
C01292,18,18,8,15,2702.2400000000002,150.12444444444446,34,2024-12-13,2026-04-04,478,1.15
C00230,18,18,7,16,2683.5699999999997,149.0872222222222,29,2024-12-16,2026-05-10,511,1.07
C04882,18,18,8,16,2683.27,149.07055555555556,32,2024-12-13,2026-04-29,503,1.09
C00854,18,18,5,12,2660.5099999999998,147.8061111111111,27,2024-12-04,2026-05-12,525,1.04
C00633,18,18,7,14,2645.84,146.9911111111111,26,2025-01-09,2026-05-01,478,1.15
C02810,18,18,6,11,2600.05,144.44722222222222,33,2025-01-04,2026-05-20,502,1.09
C03825,18,18,7,16,2539.84,141.10222222222222,27,2025-03-07,2026-04-26,416,1.32
C03163,18,18,8,15,2471.58,137.31,29,2024-12-17,2026-05-01,501,1.09
C02286,18,18,6,14,2434.52,135.2511111111111,23,2024-12-09,2026-02-15,434,1.26
C00219,18,18,7,15,2416.6800000000003,134.26000000000002,24,2025-01-10,2026-02-22,409,1.34
C02083,18,18,5,12,2392.85,132.9361111111111,30,2024-12-22,2026-03-20,454,1.21
C03270,18,18,7,17,2264.27,125.79277777777777,28,2024-12-25,2026-06-02,525,1.04
C01841,18,18,8,16,2152.44,119.58,23,2024-12-14,2026-05-30,533,1.03
C03480,18,18,6,13,2147.78,119.32111111111112,33,2024-12-15,2026-05-27,529,1.04
C03170,18,18,8,16,2113.3,117.40555555555557,22,2025-01-17,2026-04-10,449,1.22
C03351,18,18,7,15,2062.72,114.59555555555555,20,2024-12-05,2026-05-19,531,1.03
C00606,18,18,7,17,2041.0,113.38888888888889,22,2025-04-01,2026-04-18,383,1.43
C01736,18,18,7,16,1957.63,108.75722222222223,32,2024-12-29,2026-04-07,465,1.18
C02943,18,18,7,14,1951.19,108.39944444444444,25,2024-12-19,2026-05-01,499,1.1
C01309,18,18,6,12,1920.66,106.70333333333333,23,2024-12-16,2026-05-26,527,1.04
C01881,18,18,8,15,1869.64,103.86888888888889,26,2024-12-12,2026-05-08,513,1.07
C03100,18,18,7,15,1781.42,98.96777777777778,29,2025-01-12,2026-05-27,501,1.09
C03144,18,18,8,15,1755.3799999999999,97.52111111111111,24,2024-12-07,2026-05-13,523,1.05
C03301,18,18,7,13,1747.41,97.07833333333333,28,2025-01-14,2026-04-13,455,1.2
C02609,18,18,7,14,1682.56,93.47555555555556,24,2025-03-10,2026-02-05,333,1.65
C02987,18,18,7,15,1566.07,87.00388888888888,22,2024-12-29,2026-05-30,518,1.06
C00536,18,18,7,13,1492.08,82.89333333333333,22,2024-12-09,2026-01-19,407,1.35
C02873,18,18,6,15,1485.52,82.52888888888889,26,2025-01-20,2026-05-17,483,1.13
C02046,18,18,6,15,1415.57,78.64277777777778,24,2024-12-19,2026-05-19,517,1.06
C04335,18,18,6,14,1349.32,74.96222222222222,25,2024-12-29,2026-05-03,491,1.12
C04574,18,18,6,14,932.6,51.81111111111111,29,2024-12-17,2025-09-28,286,1.92
C00964,18,17,6,13,7375.530000000001,409.7516666666667,31,2025-01-06,2026-04-30,480,1.14
C03898,17,17,6,13,13681.96,804.8211764705882,36,2025-04-02,2026-02-17,322,1.61
C03250,17,17,6,14,12895.08,758.5341176470588,35,2025-04-05,2026-02-28,330,1.57
C00497,17,17,5,10,10433.26,613.7211764705883,31,2025-02-10,2026-05-02,447,1.16
C02833,17,17,7,12,9522.74,560.1611764705882,36,2025-07-18,2026-03-20,246,2.1
C03557,17,17,7,12,9010.73,530.0429411764705,29,2025-02-14,2026-03-26,406,1.27
C00550,17,17,6,13,8475.11,498.5358823529412,34,2025-01-12,2026-02-13,398,1.3
C01708,17,17,5,11,8180.64,481.21411764705886,36,2025-03-19,2026-04-26,404,1.28
C03023,17,17,5,15,7919.23,465.8370588235294,31,2025-02-05,2026-04-29,449,1.15
C01208,17,17,5,12,7395.39,435.0229411764706,29,2025-05-10,2026-03-04,299,1.73
C02996,17,17,6,13,6574.7699999999995,386.75117647058823,26,2025-01-13,2026-05-15,488,1.06
C01373,17,17,7,11,6539.13,384.65470588235297,30,2025-02-10,2026-03-23,407,1.27
C02672,17,17,6,12,6117.97,359.8805882352941,32,2025-02-07,2026-04-10,428,1.21
C01979,17,17,7,14,5048.110000000001,296.9476470588236,22,2024-12-14,2026-03-05,447,1.16
C01994,17,17,8,14,4648.67,273.4511764705882,28,2024-12-23,2026-03-19,452,1.14
C02700,17,17,7,11,4346.68,255.68705882352944,32,2025-01-24,2026-04-13,445,1.16
C01452,17,17,8,16,4258.780000000001,250.51647058823534,21,2024-12-20,2026-04-15,482,1.07
C01800,17,17,8,15,4234.96,249.11529411764707,27,2025-01-26,2026-02-26,397,1.3
C03300,17,17,5,11,4114.28,242.01647058823528,26,2024-12-08,2026-05-03,512,1.01
C04521,17,17,6,17,4079.4300000000003,239.96647058823532,37,2024-12-13,2026-06-03,538,0.96
C03873,17,17,7,14,4057.8999999999996,238.7,27,2024-12-19,2026-05-26,524,0.99
C01399,17,17,6,12,3868.48,227.55764705882353,29,2024-12-16,2026-03-24,464,1.12
C03427,17,17,7,14,3781.94,222.4670588235294,28,2024-12-09,2026-04-17,495,1.05
C02691,17,17,8,15,3652.32,214.84235294117647,29,2025-01-17,2026-02-25,405,1.28
C02581,17,17,6,14,3618.7599999999998,212.86823529411762,24,2024-12-20,2026-05-21,518,1.0
C03793,17,17,7,16,3566.28,209.78117647058824,27,2024-12-20,2026-03-12,448,1.16
C01507,17,17,8,16,3512.17,206.59823529411764,23,2025-01-04,2026-02-27,420,1.23
C04465,17,17,6,15,3430.95,201.8205882352941,29,2024-12-22,2026-04-19,484,1.07
C01972,17,17,6,12,3408.96,200.52705882352942,31,2025-04-17,2026-05-05,384,1.35
C03891,17,17,7,13,3221.41,189.49470588235295,29,2025-02-24,2026-04-12,413,1.25
C00123,17,17,6,15,3185.4,187.3764705882353,28,2024-12-07,2026-01-26,416,1.24
C00991,17,17,7,16,3180.45,187.08529411764704,25,2025-04-19,2026-03-28,344,1.5
C04406,17,17,5,13,3155.6800000000003,185.62823529411767,34,2024-12-29,2026-04-03,461,1.12
C04299,17,17,6,15,3114.0299999999997,183.17823529411763,31,2025-01-13,2026-05-06,479,1.08
C01966,17,17,7,13,3089.75,181.75,29,2024-12-16,2026-04-17,488,1.06
C04600,17,17,7,14,2987.62,175.74235294117648,26,2024-12-08,2025-09-25,292,1.77
C00191,17,17,7,13,2949.9,173.5235294117647,20,2025-02-13,2026-02-13,366,1.41
C02349,17,17,7,14,2886.86,169.81529411764706,27,2024-12-27,2026-05-23,513,1.01
C00098,17,17,6,12,2875.74,169.16117647058823,28,2025-01-09,2026-04-08,455,1.14
C00131,17,17,8,16,2832.39,166.61117647058822,23,2024-12-19,2026-06-01,530,0.98
C03760,17,17,8,14,2799.7999999999997,164.69411764705882,26,2024-12-23,2026-05-13,507,1.02
C02049,17,17,7,14,2799.02,164.64823529411765,22,2025-01-02,2026-03-30,453,1.14
C01952,17,17,8,16,2752.27,161.89823529411765,26,2024-12-11,2026-05-12,518,1.0
C03839,17,17,7,15,2706.9300000000003,159.23117647058825,24,2024-12-10,2026-03-04,450,1.15
C02130,17,17,5,12,2700.0499999999997,158.82647058823528,20,2024-12-10,2026-03-30,476,1.09
C01252,17,17,6,11,2647.67,155.74529411764706,26,2025-02-01,2026-05-19,473,1.09
C00650,17,17,7,13,2647.54,155.73764705882354,28,2025-01-05,2026-06-02,514,1.01
C02668,17,17,6,13,2627.65,154.56764705882352,26,2025-01-18,2026-05-03,471,1.1
C04873,17,17,8,14,2606.77,153.3394117647059,20,2024-12-29,2026-01-15,383,1.35
C00726,17,17,5,12,2599.0499999999997,152.88529411764705,28,2024-12-15,2026-05-21,523,0.99
C04821,17,17,7,14,2579.33,151.72529411764705,26,2025-01-13,2026-05-19,492,1.05
C00218,17,17,7,16,2512.95,147.8205882352941,24,2024-12-13,2026-06-02,537,0.96
C03052,17,17,7,14,2467.05,145.12058823529412,24,2024-12-25,2026-05-27,519,1.0
C02485,17,17,7,15,2431.07,143.00411764705882,29,2024-12-27,2026-03-26,455,1.14
C03459,17,17,7,15,2414.0699999999997,142.00411764705882,23,2025-01-03,2026-05-29,512,1.01
C04474,17,17,7,12,2363.24,139.0141176470588,20,2025-01-13,2026-05-10,483,1.07
C01936,17,17,6,14,2350.98,138.29294117647058,22,2025-02-25,2026-04-11,411,1.26
C00273,17,17,6,14,2270.66,133.56823529411764,22,2024-12-18,2026-05-18,517,1.0
C00129,17,17,7,14,2232.05,131.29705882352943,24,2024-12-22,2026-05-15,510,1.01
C02191,17,17,6,14,2131.56,125.38588235294117,25,2024-12-12,2026-03-08,452,1.14
C03249,17,17,7,13,2113.5,124.32352941176471,21,2025-01-23,2025-12-17,329,1.57
C04488,17,17,7,14,2111.18,124.1870588235294,27,2024-12-11,2026-04-30,506,1.02
C00548,17,17,6,13,2107.61,123.97705882352942,27,2024-12-26,2026-05-17,508,1.02
C02196,17,17,7,16,2075.46,122.08588235294118,24,2025-01-12,2025-12-01,324,1.6
C03073,17,17,8,13,1999.43,117.61352941176472,26,2025-01-05,2026-04-10,461,1.12
C04975,17,17,6,13,1925.6399999999999,113.27294117647058,21,2024-12-11,2026-02-22,439,1.18
C03605,17,17,6,13,1924.76,113.22117647058823,31,2024-12-23,2026-03-10,443,1.17
C02781,17,17,6,14,1912.1599999999999,112.47999999999999,21,2025-02-23,2026-04-20,422,1.23
C00258,17,17,7,14,1901.43,111.84882352941177,21,2024-12-12,2026-04-21,496,1.04
C02291,17,17,7,14,1875.85,110.34411764705882,22,2024-12-13,2026-05-14,518,1.0
C01052,17,17,8,14,1869.38,109.96352941176471,25,2024-12-25,2026-06-03,526,0.98
C03701,17,17,8,14,1737.76,102.22117647058823,21,2025-01-25,2026-04-12,443,1.17
C02774,17,17,7,14,1668.66,98.1564705882353,21,2025-01-17,2026-04-24,463,1.12
C03284,17,17,6,15,1612.79,94.87,19,2025-02-01,2026-04-29,453,1.14
C01483,17,17,7,14,1587.77,93.39823529411764,21,2025-02-22,2026-05-02,435,1.19
C04961,17,17,7,13,1571.79,92.45823529411764,28,2024-12-06,2026-06-02,544,0.95
C03649,17,17,7,14,1546.8,90.98823529411764,26,2024-12-14,2025-11-04,326,1.59
C02115,17,17,7,13,1471.84,86.57882352941176,24,2025-02-19,2026-05-26,462,1.12
C02398,17,17,7,15,1469.01,86.41235294117647,25,2024-12-15,2025-11-20,341,1.52
C04707,17,17,5,10,1445.45,85.0264705882353,28,2024-12-05,2026-06-02,545,0.95
C03509,17,17,7,13,1427.87,83.99235294117646,26,2024-12-18,2026-03-21,459,1.13
C03260,17,17,6,11,1301.42,76.55411764705883,23,2024-12-28,2026-05-28,517,1.0
C02594,17,17,7,11,1274.88,74.9929411764706,22,2024-12-09,2026-03-12,459,1.13
C03671,17,17,6,14,1198.84,70.52,23,2024-12-12,2025-08-27,259,2.0
C03185,17,16,8,14,4616.01,271.53000000000003,31,2024-12-08,2026-05-02,511,1.01
C02142,16,16,6,12,12205.7,762.85625,25,2024-12-11,2026-02-17,434,1.12
C03507,16,16,5,11,11164.949999999999,697.8093749999999,26,2025-05-14,2026-05-15,367,1.33
C04747,16,16,6,12,10654.33,665.895625,28,2025-03-04,2026-03-30,392,1.24
C02767,16,16,6,16,9994.69,624.668125,33,2025-02-26,2026-04-17,416,1.17
C03472,16,16,5,13,9334.28,583.3925,29,2025-01-18,2026-05-14,482,1.01
C03920,16,16,6,12,9202.67,575.166875,29,2025-05-02,2026-05-24,388,1.26
C01365,16,16,7,11,8154.22,509.63875,22,2025-05-06,2026-05-11,371,1.31
C03474,16,16,8,13,8134.03,508.376875,33,2025-04-01,2026-04-26,391,1.25
C00486,16,16,6,13,7698.11,481.131875,29,2025-03-03,2026-01-25,329,1.48
C00107,16,16,7,13,7634.27,477.141875,26,2025-01-05,2026-04-02,453,1.08
C02632,16,16,7,13,6877.81,429.863125,35,2025-02-26,2026-03-03,371,1.31
C01002,16,16,6,14,6815.26,425.95375,30,2025-03-21,2026-03-18,363,1.34
C01825,16,16,8,12,6733.7699999999995,420.86062499999997,35,2025-04-18,2026-04-11,359,1.36
C02471,16,16,7,12,6455.29,403.455625,21,2025-04-30,2026-03-31,336,1.45
C00969,16,16,3,10,5731.17,358.198125,28,2025-01-19,2026-03-03,409,1.19
C00384,16,16,7,13,5406.91,337.931875,21,2025-01-30,2026-03-30,425,1.15
C00560,16,16,8,14,5246.19,327.886875,34,2025-05-03,2026-05-27,390,1.25
C02589,16,16,6,12,5131.400000000001,320.71250000000003,25,2025-04-04,2026-05-13,405,1.2
C00884,16,16,6,13,5075.42,317.21375,24,2025-03-20,2026-03-25,371,1.31
C04076,16,16,7,11,5033.62,314.60125,21,2025-01-02,2026-01-17,381,1.28
C00041,16,16,8,13,4739.74,296.23375,26,2025-07-14,2026-03-22,252,1.93
C01040,16,16,5,14,4684.89,292.805625,26,2024-12-20,2026-06-02,530,0.92
C00687,16,16,6,12,4565.17,285.323125,26,2025-02-10,2025-12-19,313,1.56
C00863,16,16,6,12,4391.639999999999,274.47749999999996,24,2025-01-06,2026-05-20,500,0.97
C03169,16,16,6,13,4298.2,268.6375,32,2024-12-04,2026-05-12,525,0.93
C04790,16,16,5,11,4038.41,252.400625,26,2025-01-29,2026-02-04,372,1.31
C00512,16,16,6,14,3760.35,235.021875,23,2024-12-25,2026-02-27,430,1.13
C02941,16,16,7,12,3473.84,217.115,28,2025-04-14,2026-05-15,397,1.23
C01899,16,16,7,11,3449.77,215.610625,28,2024-12-08,2026-04-29,508,0.96
C02444,16,16,6,12,3441.62,215.10125,28,2024-12-29,2026-04-17,475,1.03
C04501,16,16,7,13,3353.84,209.615,28,2025-01-05,2026-05-15,496,0.98
C00492,16,16,5,13,3286.32,205.395,21,2025-02-08,2026-04-14,431,1.13
C02754,16,16,7,13,3279.4,204.9625,21,2025-01-17,2026-04-24,463,1.05
C04341,16,16,7,12,3262.4,203.9,23,2024-12-25,2026-04-12,474,1.03
C00574,16,16,8,14,3250.23,203.139375,30,2025-02-02,2026-03-13,405,1.2
C00489,16,16,7,11,3223.47,201.466875,25,2024-12-21,2026-05-05,501,0.97
C00236,16,16,7,12,3206.05,200.378125,24,2024-12-23,2026-05-13,507,0.96
C00193,16,16,7,13,3164.91,197.806875,27,2024-12-21,2026-04-05,471,1.03
C02005,16,16,5,13,3128.37,195.523125,18,2024-12-23,2026-05-11,505,0.96
C02188,16,16,7,14,3111.83,194.489375,29,2024-12-26,2026-02-09,411,1.19
C03646,16,16,6,14,3079.52,192.47,25,2024-12-31,2026-01-24,390,1.25
C00861,16,16,7,13,3078.95,192.434375,21,2024-12-16,2026-04-09,480,1.01
C01973,16,16,6,11,3041.33,190.083125,21,2025-02-19,2026-05-22,458,1.06
C04718,16,16,6,11,3031.2200000000003,189.45125000000002,27,2025-02-20,2026-03-31,405,1.2
C01865,16,16,7,12,2984.21,186.513125,24,2025-03-28,2026-04-30,399,1.22
C03893,16,16,5,10,2947.18,184.19875,30,2025-02-09,2026-04-27,443,1.1
C02521,16,16,7,16,2925.72,182.8575,22,2024-12-28,2026-05-31,520,0.94
C00069,16,16,7,13,2887.51,180.469375,23,2025-01-03,2026-04-20,473,1.03
C00447,16,16,8,15,2869.22,179.32625,27,2025-03-09,2026-02-15,344,1.42
C01250,16,16,6,13,2860.4700000000003,178.77937500000002,29,2025-02-02,2025-12-31,333,1.46
C02118,16,16,6,14,2852.1800000000003,178.26125000000002,25,2024-12-23,2026-05-10,504,0.97
C00667,16,16,7,13,2849.19,178.074375,22,2025-01-16,2026-04-30,470,1.04
C02045,16,16,8,12,2828.19,176.761875,27,2025-02-13,2026-04-14,426,1.14
C04012,16,16,7,13,2810.06,175.62875,24,2024-12-28,2026-05-20,509,0.96
C01782,16,16,8,15,2794.58,174.66125,32,2025-01-24,2026-03-20,421,1.16
C02093,16,16,7,12,2781.89,173.868125,25,2025-01-06,2026-01-23,383,1.27
C01003,16,16,7,13,2777.6099999999997,173.60062499999998,30,2025-01-26,2026-02-08,379,1.29
C04736,16,16,8,15,2694.4700000000003,168.40437500000002,26,2024-12-31,2026-02-13,410,1.19
C00605,16,16,7,15,2611.01,163.188125,22,2025-02-14,2026-04-10,421,1.16
C03321,16,16,7,13,2607.89,162.993125,22,2024-12-17,2026-05-19,519,0.94
C04684,16,16,8,13,2601.9,162.61875,25,2025-01-13,2026-03-01,413,1.18
C00736,16,16,7,13,2552.3700000000003,159.52312500000002,24,2025-01-22,2026-03-27,430,1.13
C03628,16,16,7,13,2526.9,157.93125,22,2025-02-19,2026-05-04,440,1.11
C03971,16,16,7,14,2523.86,157.74125,25,2025-02-03,2026-04-03,425,1.15
C01413,16,16,6,13,2502.76,156.4225,28,2025-02-08,2026-04-25,442,1.1
C00510,16,16,7,14,2459.35,153.709375,22,2024-12-05,2026-05-07,519,0.94
C02574,16,16,7,13,2457.09,153.568125,27,2025-02-12,2026-03-12,394,1.24
C03801,16,16,6,13,2442.46,152.65375,22,2024-12-19,2026-05-02,500,0.97
C02153,16,16,7,15,2421.7999999999997,151.36249999999998,28,2025-01-19,2026-03-05,411,1.19
C01940,16,16,7,15,2375.1,148.44375,19,2025-01-02,2026-03-28,451,1.08
C00174,16,16,7,12,2264.19,141.511875,26,2024-12-10,2026-05-20,527,0.92
C03728,16,16,8,14,2250.78,140.67375,22,2024-12-22,2025-10-24,307,1.59
C00454,16,16,6,14,2231.07,139.441875,22,2025-01-14,2026-04-30,472,1.03
C01674,16,16,7,12,2182.76,136.4225,28,2024-12-05,2026-04-29,511,0.95
C01150,16,16,8,14,2181.06,136.31625,22,2025-03-03,2026-05-02,426,1.14
C00228,16,16,7,14,2163.73,135.233125,25,2024-12-21,2026-02-21,428,1.14
C03462,16,16,6,12,2130.38,133.14875,25,2025-02-03,2026-04-01,423,1.15
C04418,16,16,7,15,2125.09,132.818125,26,2024-12-25,2026-05-19,511,0.95
C03198,16,16,6,12,2101.71,131.356875,28,2025-01-13,2026-04-15,458,1.06
C00430,16,16,6,12,2086.33,130.395625,21,2025-02-24,2026-05-10,441,1.1
C00502,16,16,7,14,2016.19,126.011875,28,2024-12-25,2026-02-27,430,1.13
C01842,16,16,7,14,2012.23,125.764375,20,2025-01-06,2026-04-07,457,1.07
C00521,16,16,7,11,1998.75,124.921875,25,2024-12-13,2026-03-19,462,1.05
C03773,16,16,8,13,1978.3500000000001,123.64687500000001,19,2024-12-23,2026-02-22,427,1.14
C03008,16,16,7,14,1958.05,122.378125,19,2025-01-24,2026-05-16,478,1.02
C01198,16,16,6,11,1944.92,121.5575,24,2025-01-28,2026-01-16,354,1.38
C01134,16,16,6,12,1944.53,121.533125,22,2025-03-29,2026-04-24,392,1.24
C04191,16,16,6,15,1925.64,120.3525,25,2024-12-27,2026-04-04,464,1.05
C00143,16,16,7,13,1914.27,119.641875,28,2024-12-24,2026-01-20,393,1.24
C01376,16,16,6,13,1913.63,119.601875,19,2024-12-29,2026-06-01,520,0.94
C00628,16,16,6,11,1908.94,119.30875,30,2025-01-02,2026-05-14,498,0.98
C01762,16,16,8,14,1864.16,116.51,24,2024-12-21,2026-04-11,477,1.02
C03121,16,16,6,13,1862.16,116.385,24,2024-12-27,2026-05-17,507,0.96
C01901,16,16,7,15,1824.81,114.050625,22,2024-12-25,2026-03-06,437,1.11
C04962,16,16,7,15,1821.91,113.869375,20,2025-03-06,2026-04-26,417,1.17
C00704,16,16,8,11,1817.09,113.568125,21,2024-12-15,2026-02-11,424,1.15
C00688,16,16,6,14,1771.64,110.7275,24,2024-12-17,2026-05-03,503,0.97
C00310,16,16,7,14,1753.26,109.57875,22,2025-01-07,2026-06-03,513,0.95
C02714,16,16,5,12,1732.8600000000001,108.30375000000001,22,2024-12-22,2026-04-28,493,0.99
C02890,16,16,6,11,1729.01,108.063125,22,2024-12-13,2026-04-10,484,1.01
C01158,16,16,5,13,1663.85,103.990625,24,2025-03-20,2026-05-30,437,1.11
C01823,16,16,7,13,1544.63,96.539375,21,2025-02-11,2026-05-22,466,1.05
C00373,16,16,7,11,1523.5800000000002,95.22375000000001,19,2024-12-17,2025-06-09,175,2.78
C04634,16,16,7,14,1518.65,94.915625,21,2025-01-02,2025-10-21,293,1.66
C02042,16,16,8,13,1490.8,93.175,19,2025-02-06,2026-03-22,410,1.19
C03440,16,16,8,14,1488.47,93.029375,21,2025-01-25,2026-03-06,406,1.2
C00401,16,16,6,14,1423.18,88.94875,17,2025-01-03,2025-08-16,226,2.16
C02404,16,16,7,15,1407.17,87.948125,26,2025-01-17,2026-03-10,418,1.17
C01009,16,16,7,14,1398.24,87.39,18,2024-12-26,2025-10-10,289,1.69
C01277,16,16,6,14,1387.8,86.7375,20,2025-01-05,2026-02-09,401,1.21
C01707,16,16,6,12,1349.56,84.3475,19,2024-12-26,2026-05-03,494,0.99
C00317,16,16,7,14,1288.81,80.550625,21,2024-12-11,2025-09-19,283,1.72
C00369,16,16,6,10,1281.05,80.065625,20,2024-12-23,2026-01-01,375,1.3
C00211,16,16,7,13,1272.03,79.501875,19,2025-03-01,2026-05-28,454,1.07
C00525,16,16,7,13,1255.46,78.46625,18,2025-02-03,2026-04-23,445,1.09
C00195,16,16,7,12,1224.28,76.5175,22,2025-01-24,2026-04-29,461,1.06
C03583,15,15,7,13,14487.949999999999,965.8633333333332,29,2025-03-16,2026-04-18,399,1.14
C00458,15,15,6,12,11615.26,774.3506666666667,28,2025-03-30,2026-03-14,350,1.3
C03683,15,15,7,12,11066.69,737.7793333333334,25,2025-02-05,2026-05-02,452,1.01
C01423,15,15,6,14,10602.02,706.8013333333333,28,2025-01-10,2026-02-12,399,1.14
C00366,15,15,7,12,10531.45,702.0966666666667,26,2025-03-13,2026-03-28,381,1.2
C04359,15,15,6,13,10339.23,689.2819999999999,30,2025-02-23,2026-05-01,433,1.05
C03056,15,15,5,11,9151.039999999999,610.0693333333332,27,2025-03-09,2026-04-07,395,1.16
C03299,15,15,4,11,8715.79,581.0526666666667,28,2025-03-07,2026-03-27,386,1.18
C04507,15,15,7,12,8369.16,557.944,33,2025-01-08,2026-05-05,483,0.95
C02971,15,15,7,11,8348.44,556.5626666666667,27,2025-03-04,2026-04-17,410,1.11
C00237,15,15,5,13,8055.39,537.0260000000001,30,2025-06-24,2026-04-24,305,1.5
C00748,15,15,6,12,7984.34,532.2893333333334,23,2025-03-22,2026-05-03,408,1.12
C04976,15,15,6,13,7843.38,522.892,26,2025-03-22,2026-05-24,429,1.06
C01545,15,15,7,11,7740.610000000001,516.0406666666667,34,2025-02-03,2026-03-09,400,1.14
C00481,15,15,6,13,7575.26,505.01733333333334,24,2025-01-18,2026-04-12,450,1.01
C01035,15,15,6,12,7285.55,485.7033333333333,33,2025-04-06,2026-04-16,376,1.21
C00933,15,15,6,9,6907.13,460.47533333333337,24,2025-02-11,2026-03-27,410,1.11
C02674,15,15,5,13,6879.04,458.60266666666666,30,2025-01-25,2026-04-27,458,1.0
C02896,15,15,7,12,6343.13,422.87533333333334,24,2024-12-27,2026-05-29,519,0.88
C01977,15,15,6,12,6248.78,416.5853333333333,24,2025-02-06,2026-03-14,402,1.14
C00684,15,15,8,14,6186.09,412.406,26,2025-02-11,2026-04-22,436,1.05
C03861,15,15,6,11,5805.68,387.04533333333336,28,2025-02-20,2026-02-18,364,1.25
C01780,15,15,8,14,5730.79,382.05266666666665,33,2024-12-28,2026-02-05,405,1.13
C02698,15,15,7,12,5488.77,365.918,21,2025-01-17,2026-05-19,488,0.94
C04045,15,15,8,11,5027.36,335.1573333333333,25,2025-04-29,2026-05-04,371,1.23
C00248,15,15,7,14,5000.84,333.38933333333335,30,2025-03-05,2026-03-27,388,1.18
C00378,15,15,5,12,4965.27,331.01800000000003,30,2025-03-26,2026-01-17,298,1.53
C01041,15,15,5,10,4607.61,307.174,23,2024-12-08,2026-05-17,526,0.87
C00849,15,15,6,10,4578.35,305.22333333333336,25,2024-12-31,2026-02-24,421,1.08
C01020,15,15,7,13,4392.78,292.852,29,2025-03-24,2026-04-22,395,1.16
C04620,15,15,6,11,4291.51,286.10066666666665,21,2025-02-13,2026-04-02,414,1.1
C02878,15,15,7,14,4218.33,281.222,26,2025-03-18,2026-05-06,415,1.1
C01031,15,15,6,14,4030.05,268.67,24,2024-12-10,2026-04-06,483,0.95
C03525,15,15,6,14,3808.23,253.882,24,2024-12-06,2026-02-21,443,1.03
C00924,15,15,7,12,3796.35,253.09,26,2024-12-08,2026-05-16,525,0.87
C04052,15,15,7,12,3777.03,251.80200000000002,26,2025-01-04,2026-05-03,485,0.94
C01750,15,15,8,13,3626.54,241.76933333333332,25,2025-02-17,2026-05-06,444,1.03
C03848,15,15,7,12,3568.64,237.90933333333334,21,2025-01-29,2026-05-20,477,0.96
C01714,15,15,8,14,3559.23,237.282,19,2025-01-09,2026-03-31,447,1.02
C03929,15,15,5,12,3527.67,235.178,21,2024-12-28,2026-05-25,514,0.89
C01694,15,15,5,11,3415.23,227.682,21,2024-12-09,2026-05-02,510,0.9
C04042,15,15,7,11,3409.23,227.282,25,2025-03-19,2025-12-21,278,1.64
C03414,15,15,6,11,3379.62,225.308,27,2025-01-16,2025-12-18,337,1.35
C04143,15,15,8,13,3092.39,206.15933333333334,22,2024-12-21,2026-06-03,530,0.86
C03511,15,15,7,10,2997.12,199.808,26,2024-12-05,2026-03-15,466,0.98
C00761,15,15,6,13,2880.35,192.02333333333334,23,2025-01-30,2026-04-06,432,1.06
C04399,15,15,6,10,2878.91,191.92733333333334,21,2024-12-06,2026-04-27,508,0.9
C01663,15,15,6,12,2867.59,191.1726666666667,28,2025-06-02,2026-03-10,282,1.62
C03443,15,15,7,12,2838.97,189.26466666666664,28,2024-12-10,2026-05-11,518,0.88
C00635,15,15,7,12,2809.47,187.29799999999997,24,2025-03-24,2026-05-24,427,1.07
C01420,15,15,7,13,2789.2599999999998,185.95066666666665,26,2025-03-21,2026-03-22,367,1.24
C02194,15,15,8,14,2766.73,184.44866666666667,25,2024-12-11,2026-05-05,511,0.89
C04005,15,15,7,12,2758.33,183.88866666666667,24,2025-01-16,2026-03-20,429,1.06
C02892,15,15,7,14,2694.27,179.618,30,2025-01-04,2025-12-08,339,1.35
C03927,15,15,8,14,2627.7200000000003,175.18133333333336,23,2025-01-25,2026-02-11,383,1.19
C00875,15,15,6,11,2560.2599999999998,170.684,22,2025-02-02,2026-04-17,440,1.04
C02696,15,15,7,12,2480.64,165.376,26,2024-12-13,2026-02-07,422,1.08
C00921,15,15,6,12,2475.8,165.05333333333334,25,2024-12-04,2026-04-24,507,0.9
C01893,15,15,7,13,2472.7599999999998,164.85066666666665,20,2025-01-14,2026-04-05,447,1.02
C04157,15,15,7,11,2472.41,164.8273333333333,21,2024-12-06,2026-02-08,430,1.06
C02667,15,15,6,12,2428.73,161.91533333333334,21,2024-12-26,2026-05-22,513,0.89
C00086,15,15,8,14,2420.31,161.35399999999998,20,2024-12-19,2026-05-14,512,0.89
C03215,15,15,7,13,2419.5299999999997,161.302,30,2024-12-22,2026-04-10,475,0.96
C03479,15,15,8,14,2415.32,161.02133333333333,23,2024-12-16,2026-05-03,504,0.91
C01538,15,15,7,12,2399.56,159.97066666666666,19,2025-01-04,2026-03-17,438,1.04
C01444,15,15,7,11,2399.2400000000002,159.94933333333336,19,2025-02-23,2026-05-12,444,1.03
C04379,15,15,8,12,2345.65,156.37666666666667,19,2025-02-26,2026-03-02,370,1.23
C01551,15,15,8,15,2337.37,155.82466666666667,23,2025-01-22,2026-05-12,476,0.96
C00797,15,15,7,13,2308.0699999999997,153.87133333333333,24,2025-01-02,2026-03-24,447,1.02
C00993,15,15,6,14,2305.3,153.68666666666667,20,2025-01-29,2026-02-27,395,1.16
C01350,15,15,7,12,2301.42,153.428,28,2024-12-06,2026-05-13,524,0.87
C00217,15,15,7,15,2282.81,152.18733333333333,24,2025-01-11,2026-06-03,509,0.9
C04658,15,15,5,12,2244.7599999999998,149.65066666666664,25,2025-02-02,2026-04-23,446,1.02
C03752,15,15,6,12,2240.59,149.37266666666667,19,2024-12-21,2026-01-10,386,1.18
C04862,15,15,5,11,2236.77,149.118,23,2025-03-07,2026-06-01,452,1.01
C03016,15,15,7,13,2219.58,147.972,24,2024-12-12,2026-03-15,459,0.99
C01665,15,15,7,14,2203.84,146.9226666666667,24,2025-01-24,2026-05-03,465,0.98
C02690,15,15,6,13,2147.81,143.18733333333333,17,2025-02-03,2026-05-13,465,0.98
C04827,15,15,7,13,2108.29,140.55266666666665,20,2025-01-20,2026-06-03,500,0.91
C01084,15,15,6,13,2091.61,139.4406666666667,21,2025-01-27,2026-01-31,370,1.23
C03151,15,15,4,12,2075.52,138.368,22,2024-12-10,2026-04-24,501,0.91
C03084,15,15,6,12,2042.5,136.16666666666666,23,2024-12-27,2026-04-04,464,0.98
C02145,15,15,7,12,2015.1,134.34,21,2024-12-10,2025-08-17,251,1.82
C04720,15,15,6,11,2011.6000000000001,134.10666666666668,23,2025-01-06,2026-05-22,502,0.91
C03551,15,15,8,12,2003.14,133.54266666666666,21,2025-03-28,2026-04-21,390,1.17
C04942,15,15,6,11,1922.07,128.138,24,2025-03-26,2026-05-12,413,1.11
C02940,15,15,5,10,1877.61,125.17399999999999,22,2025-01-16,2026-04-21,461,0.99
C02113,15,15,7,12,1856.84,123.78933333333333,23,2024-12-10,2026-05-07,514,0.89
C00866,15,15,6,13,1844.63,122.97533333333334,19,2025-02-04,2026-01-17,348,1.31
C03304,15,15,7,13,1843.6100000000001,122.90733333333334,23,2025-01-13,2026-02-06,390,1.17
C03706,15,15,7,12,1837.77,122.518,17,2025-01-21,2026-05-22,487,0.94
C01390,15,15,5,12,1830.16,122.01066666666667,26,2025-02-26,2026-04-02,401,1.14
C03212,15,15,7,13,1820.64,121.376,20,2025-02-21,2026-03-04,377,1.21
C03377,15,15,6,12,1808.85,120.58999999999999,19,2025-01-26,2026-05-07,467,0.98
C00805,15,15,7,13,1774.88,118.32533333333335,18,2024-12-27,2026-05-17,507,0.9
C04803,15,15,6,14,1739.94,115.99600000000001,26,2025-01-25,2026-05-08,469,0.97
C02376,15,15,6,13,1718.31,114.554,21,2024-12-29,2026-05-28,516,0.88
C04333,15,15,8,15,1684.95,112.33,21,2024-12-07,2026-05-22,532,0.86
C04979,15,15,7,13,1665.87,111.05799999999999,17,2024-12-30,2026-04-05,462,0.99
C01267,15,15,7,15,1612.56,107.50399999999999,20,2024-12-07,2026-05-31,541,0.84
C02071,15,15,6,12,1593.56,106.23733333333332,25,2025-01-12,2026-04-19,463,0.99
C01434,15,15,7,15,1584.28,105.61866666666667,18,2025-01-03,2026-06-01,515,0.89
C00167,15,15,6,11,1582.98,105.532,19,2025-01-20,2026-05-14,480,0.95
C00974,15,15,6,10,1572.46,104.83066666666667,20,2025-04-18,2026-03-28,345,1.32
C01757,15,15,8,13,1565.5900000000001,104.37266666666667,19,2025-01-15,2026-05-28,499,0.92
C01296,15,15,6,13,1555.9099999999999,103.72733333333332,17,2025-01-19,2025-10-29,284,1.61
C01796,15,15,8,14,1547.28,103.152,30,2024-12-23,2025-11-11,324,1.41
C01661,15,15,7,14,1539.65,102.64333333333335,23,2025-01-15,2026-04-24,465,0.98
C02038,15,15,6,13,1523.7,101.58,20,2024-12-13,2026-03-21,464,0.98
C03676,15,15,8,14,1408.78,93.91866666666667,21,2024-12-28,2026-04-04,463,0.99
C02370,15,15,5,12,1394.22,92.94800000000001,22,2025-01-20,2026-03-16,421,1.08
C03922,15,15,8,14,1326.87,88.458,24,2024-12-12,2026-05-09,514,0.89
C03899,15,15,6,11,1302.26,86.81733333333334,21,2024-12-07,2026-05-22,532,0.86
C02387,15,15,7,13,1272.75,84.85,22,2025-02-11,2026-03-18,401,1.14
C04725,15,15,4,12,1265.73,84.382,23,2024-12-05,2026-04-18,500,0.91
C01664,15,15,8,13,1235.39,82.35933333333334,21,2024-12-09,2025-12-22,379,1.2
C02517,15,15,7,11,1201.26,80.084,21,2024-12-31,2026-04-24,480,0.95
C02553,15,15,6,12,1126.64,75.10933333333334,20,2025-04-11,2026-04-07,362,1.26
C01660,15,15,7,13,1107.35,73.82333333333332,15,2025-01-03,2026-06-01,515,0.89
C03196,15,15,5,11,1068.53,71.23533333333333,19,2024-12-12,2025-10-04,297,1.54
C01980,15,15,7,14,1045.01,69.66733333333333,20,2024-12-23,2025-09-13,265,1.72
C00764,15,15,5,10,787.8,52.519999999999996,21,2024-12-05,2026-05-26,538,0.85
C02171,14,14,6,11,11904.97,850.3549999999999,31,2025-01-07,2026-02-09,399,1.07
C01830,14,14,6,10,10574.1,755.2928571428572,24,2025-01-10,2026-05-24,500,0.85
C01149,14,14,7,11,10177.9,726.9928571428571,25,2025-04-11,2026-01-21,286,1.49
C03992,14,14,5,10,9239.86,659.99,25,2025-04-14,2026-03-07,328,1.3
C01725,14,14,5,12,8678.689999999999,619.9064285714285,24,2025-01-27,2026-04-05,434,0.98
C01872,14,14,5,10,7529.9800000000005,537.8557142857143,23,2025-03-16,2026-04-16,397,1.07
C00760,14,14,5,11,7340.67,524.3335714285714,34,2025-03-01,2026-02-13,350,1.22
C00062,14,14,7,12,7116.17,508.29785714285714,22,2025-06-01,2026-02-01,246,1.73
C00636,14,14,6,10,6384.03,456.0021428571428,25,2025-01-06,2026-05-19,499,0.85
C04592,14,14,5,9,6314.01,451.0007142857143,26,2024-12-31,2026-03-06,431,0.99
C00119,14,14,7,12,6233.3099999999995,445.2364285714285,30,2025-03-03,2026-04-19,413,1.03
C04297,14,14,6,13,5704.76,407.48285714285714,24,2025-01-20,2026-04-09,445,0.96
C03998,14,14,7,12,5599.88,399.99142857142857,28,2025-05-04,2026-03-28,329,1.3
C01177,14,14,6,12,5354.57,382.4692857142857,27,2025-04-21,2026-04-03,348,1.22
C03884,14,14,5,12,5261.5199999999995,375.8228571428571,22,2024-12-29,2026-04-20,478,0.89
C00302,14,14,7,10,5165.19,368.9421428571428,25,2024-12-22,2026-04-27,492,0.87
C04184,14,14,8,13,5131.3,366.5214285714286,30,2025-06-16,2026-05-11,330,1.29
C04647,14,14,5,11,5095.03,363.93071428571426,23,2024-12-06,2026-02-11,433,0.98
C02212,14,14,5,10,5048.58,360.61285714285714,21,2025-03-18,2026-01-30,319,1.34
C02514,14,14,7,11,5021.35,358.66785714285714,21,2025-02-06,2026-03-11,399,1.07
C02234,14,14,5,10,4967.110000000001,354.79357142857145,23,2025-02-03,2026-04-03,425,1.0
C04542,14,14,7,13,4786.48,341.89142857142855,24,2025-01-09,2026-05-02,479,0.89
C01547,14,14,7,13,4709.56,336.3971428571429,28,2024-12-29,2025-10-06,282,1.51
C04167,14,14,6,11,4632.46,330.89,24,2024-12-08,2026-05-26,535,0.8
C03735,14,14,7,12,4552.7,325.1928571428571,24,2025-02-01,2026-02-24,389,1.1
C04183,14,14,6,12,4424.77,316.055,26,2025-01-07,2026-03-08,426,1.0
C03686,14,14,7,12,4319.76,308.55428571428575,23,2024-12-21,2026-05-12,508,0.84
C02647,14,14,7,11,4103.53,293.1092857142857,26,2025-04-04,2026-05-28,420,1.01
C01328,14,14,8,11,3972.4900000000002,283.74928571428575,24,2024-12-11,2026-04-18,494,0.86
C04491,14,14,8,14,3864.07,276.005,23,2025-02-01,2026-05-20,474,0.9
C02214,14,14,6,10,3786.38,270.4557142857143,18,2025-02-13,2026-02-02,355,1.2
C00028,14,14,6,12,3404.9700000000003,243.21214285714288,23,2025-01-30,2026-02-16,383,1.11
C01617,14,14,6,13,3365.09,240.36357142857145,23,2025-01-07,2026-04-01,450,0.95
C00299,14,14,6,13,3328.34,237.73857142857145,26,2025-01-11,2026-04-09,454,0.94
C01777,14,14,6,12,3250.85,232.20357142857142,27,2025-03-22,2026-03-22,366,1.16
C02067,14,14,5,9,3226.09,230.435,16,2025-01-11,2026-04-01,446,0.96
C03662,14,14,7,12,3213.36,229.5257142857143,19,2025-01-08,2026-04-04,452,0.94
C03331,14,14,6,12,3204.8,228.91428571428574,21,2025-01-14,2026-02-08,391,1.09
C04266,14,14,5,10,3190.22,227.87285714285713,25,2025-01-09,2026-02-06,394,1.08
C00275,14,14,8,11,3148.75,224.91071428571428,19,2025-03-16,2026-04-03,384,1.11
C02216,14,14,6,13,3105.63,221.8307142857143,20,2025-01-04,2026-04-06,458,0.93
C02334,14,14,7,10,3091.66,220.83285714285714,20,2025-01-19,2026-05-22,489,0.87
C04505,14,14,5,12,3032.05,216.57500000000002,24,2025-01-14,2026-06-01,504,0.85
C00333,14,14,6,11,2941.14,210.08142857142857,22,2025-02-17,2026-04-05,413,1.03
C01548,14,14,7,13,2904.35,207.45357142857142,20,2025-01-26,2026-04-04,434,0.98
C02138,14,14,7,14,2891.1,206.50714285714284,23,2025-02-06,2026-05-13,462,0.92
C03743,14,14,8,12,2851.88,203.7057142857143,27,2024-12-22,2026-04-23,488,0.87
C04256,14,14,7,12,2840.1099999999997,202.86499999999998,23,2025-01-04,2026-06-03,516,0.83
C00337,14,14,6,13,2808.52,200.60857142857142,19,2025-01-24,2026-04-26,458,0.93
C02273,14,14,7,13,2806.95,200.49642857142857,20,2025-02-07,2026-04-22,440,0.97
C02571,14,14,6,12,2754.82,196.77285714285716,20,2025-01-03,2026-05-11,494,0.86
C03456,14,14,6,11,2684.68,191.76285714285714,21,2024-12-31,2026-04-03,459,0.93
C00894,14,14,6,13,2677.43,191.24499999999998,16,2024-12-11,2026-05-30,536,0.8
C02908,14,14,6,10,2666.32,190.45142857142858,19,2025-03-14,2026-05-13,426,1.0
C02944,14,14,7,11,2661.56,190.11142857142858,21,2024-12-09,2026-05-03,511,0.83
C02895,14,14,6,10,2645.7599999999998,188.9828571428571,22,2024-12-07,2026-01-14,404,1.05
C02421,14,14,7,12,2624.25,187.44642857142858,23,2024-12-04,2026-05-26,539,0.79
C01306,14,14,6,11,2572.51,183.7507142857143,20,2024-12-11,2026-03-15,460,0.93
C01486,14,14,6,11,2518.56,179.89714285714285,27,2024-12-22,2026-04-01,466,0.91
C03642,14,14,6,13,2439.57,174.25500000000002,22,2024-12-14,2025-12-25,377,1.13
C04559,14,14,6,12,2409.32,172.09428571428572,23,2024-12-19,2026-04-11,479,0.89
C04339,14,14,6,12,2405.64,171.83142857142857,24,2025-03-20,2026-02-23,341,1.25
C00194,14,14,6,11,2362.16,168.72571428571428,23,2025-03-11,2026-03-09,364,1.17
C02569,14,14,8,12,2349.19,167.79928571428573,19,2024-12-18,2026-03-02,440,0.97
C04819,14,14,7,13,2340.9300000000003,167.20928571428573,17,2024-12-25,2026-04-07,469,0.91
C04859,14,14,6,11,2326.22,166.1585714285714,19,2025-03-12,2026-04-17,402,1.06
C01929,14,14,8,12,2309.79,164.98499999999999,20,2024-12-16,2026-03-19,459,0.93
C00714,14,14,7,13,2256.71,161.19357142857143,21,2025-02-26,2026-05-08,437,0.98
C02100,14,14,6,11,2254.8199999999997,161.0585714285714,18,2024-12-07,2025-11-28,357,1.19
C03353,14,14,7,12,2246.13,160.43785714285715,19,2025-01-24,2026-03-15,416,1.02
C04671,14,14,6,12,2237.89,159.8492857142857,21,2024-12-17,2026-05-11,511,0.83
C02297,14,14,6,12,2181.16,155.79714285714286,19,2024-12-17,2026-03-12,451,0.94
C04573,14,14,5,12,2144.27,153.16214285714287,19,2025-01-20,2026-04-22,458,0.93
C04984,14,14,5,13,2136.81,152.62928571428571,20,2025-01-04,2026-04-01,453,0.94
C03631,14,14,6,11,2108.17,150.58357142857145,22,2024-12-12,2026-05-30,535,0.8
C03340,14,14,7,12,2101.34,150.0957142857143,20,2024-12-09,2026-03-24,471,0.9
C00885,14,14,6,12,2089.51,149.2507142857143,21,2025-01-02,2025-09-15,257,1.66
C04667,14,14,5,11,2084.8,148.91428571428574,29,2025-01-03,2026-04-25,478,0.89
C03946,14,14,8,12,2082.98,148.78428571428572,21,2025-01-31,2026-04-13,438,0.97
C02064,14,14,8,11,2077.98,148.42714285714285,19,2025-02-05,2026-04-11,431,0.99
C01701,14,14,6,13,2071.89,147.99214285714285,24,2025-01-29,2026-04-03,430,0.99
C02920,14,14,5,12,2063.98,147.42714285714285,19,2025-02-08,2026-05-21,468,0.91
C03901,14,14,6,11,2047.22,146.23,26,2024-12-29,2026-05-27,515,0.83
C01655,14,14,5,9,2033.74,145.26714285714286,24,2025-01-25,2026-02-19,391,1.09
C03425,14,14,7,10,2031.1799999999998,145.0842857142857,32,2024-12-10,2026-06-01,539,0.79
C01368,14,14,7,12,2004.78,143.19857142857143,17,2025-01-07,2026-03-11,429,0.99
C02202,14,14,7,13,1995.12,142.50857142857143,20,2025-01-30,2026-05-09,465,0.92
C03968,14,14,7,13,1994.96,142.49714285714285,24,2025-02-22,2026-04-29,432,0.99
C00570,14,14,6,9,1994.9,142.49285714285716,20,2024-12-30,2026-03-05,431,0.99
C04610,14,14,5,12,1975.2,141.0857142857143,20,2024-12-25,2026-03-27,458,0.93
C03248,14,14,7,11,1962.12,140.15142857142857,16,2025-03-19,2026-04-14,392,1.09
C04839,14,14,7,9,1961.89,140.13500000000002,23,2025-02-09,2026-05-13,459,0.93
C00431,14,14,7,13,1955.22,139.65857142857143,22,2025-01-02,2026-03-24,447,0.95
C03691,14,14,6,13,1946.07,139.005,18,2025-03-03,2026-05-31,455,0.94
C00874,14,14,5,13,1920.0800000000002,137.14857142857144,19,2025-01-07,2025-08-04,210,2.03
C01789,14,14,7,13,1893.77,135.2692857142857,20,2025-01-17,2026-04-23,462,0.92
C02728,14,14,7,12,1891.3000000000002,135.09285714285716,18,2025-01-01,2026-02-08,404,1.05
C03243,14,14,8,14,1846.2,131.87142857142857,20,2025-02-28,2026-05-23,450,0.95
C02780,14,14,8,13,1823.58,130.25571428571428,22,2024-12-28,2026-05-29,518,0.82
C02149,14,14,7,12,1820.1,130.00714285714284,16,2025-01-29,2026-05-14,471,0.9
C03326,14,14,6,12,1815.15,129.65357142857144,18,2024-12-26,2026-05-12,503,0.85
C01517,14,14,7,13,1803.21,128.8007142857143,19,2024-12-07,2026-02-05,426,1.0
C04851,14,14,8,14,1778.36,127.02571428571427,25,2024-12-15,2025-07-01,199,2.14
C00223,14,14,6,12,1772.3400000000001,126.5957142857143,18,2025-01-17,2026-05-07,476,0.9
C03847,14,14,7,12,1738.51,124.17928571428571,15,2025-01-13,2026-03-14,426,1.0
C03397,14,14,7,11,1737.17,124.08357142857143,28,2025-02-06,2026-04-12,431,0.99
C00205,14,14,6,10,1688.29,120.59214285714286,20,2025-01-02,2026-05-27,511,0.83
C04515,14,14,5,10,1686.93,120.495,18,2024-12-08,2026-05-31,540,0.79
C02472,14,14,7,12,1672.34,119.45285714285714,21,2025-02-19,2026-04-29,435,0.98
C01623,14,14,7,11,1661.24,118.66,23,2025-01-26,2026-04-14,444,0.96
C01858,14,14,7,12,1653.98,118.14142857142858,23,2024-12-16,2025-11-04,324,1.32
C02519,14,14,7,11,1638.32,117.02285714285713,18,2025-02-06,2026-03-13,401,1.06
C02388,14,14,7,11,1628.53,116.32357142857143,19,2025-01-17,2026-05-26,495,0.86
C01205,14,14,7,13,1598.94,114.21000000000001,25,2025-02-02,2026-04-08,431,0.99
C03620,14,14,8,12,1592.13,113.72357142857143,16,2024-12-08,2026-04-26,505,0.84
C03204,14,14,7,12,1572.48,112.32000000000001,20,2024-12-24,2026-05-24,517,0.82
C04022,14,14,6,11,1569.3100000000002,112.09357142857144,19,2024-12-14,2025-11-22,344,1.24
C02148,14,14,7,13,1555.08,111.07714285714285,17,2024-12-18,2026-03-22,460,0.93
C01790,14,14,7,13,1528.54,109.18142857142857,17,2025-01-19,2026-04-06,443,0.96
C04692,14,14,6,13,1513.0900000000001,108.07785714285716,22,2024-12-07,2025-11-21,350,1.22
C04060,14,14,7,13,1493.09,106.64928571428571,19,2025-01-24,2026-04-16,448,0.95
C02364,14,14,5,11,1472.86,105.2042857142857,20,2025-01-15,2026-03-07,417,1.02
C01026,14,14,6,13,1463.19,104.51357142857144,17,2024-12-08,2025-09-05,272,1.57
C02424,14,14,7,13,1456.04,104.00285714285714,19,2024-12-15,2026-04-20,492,0.87
C00988,14,14,7,10,1421.1599999999999,101.51142857142857,20,2024-12-16,2026-05-25,526,0.81
C00239,14,14,6,12,1378.52,98.46571428571428,16,2024-12-06,2026-05-12,523,0.81
C01168,14,14,6,11,1341.75,95.83928571428571,16,2025-02-09,2026-04-21,437,0.98
C03564,14,14,7,11,1297.5,92.67857142857143,19,2024-12-10,2025-05-10,152,2.8
C01476,14,14,6,11,1272.05,90.86071428571428,17,2025-02-27,2026-05-18,446,0.96
C00085,14,14,5,10,1230.3,87.87857142857142,20,2025-01-26,2026-03-19,418,1.02
C04067,14,14,7,12,1093.62,78.11571428571428,14,2024-12-06,2025-08-24,262,1.63
C03959,14,14,7,12,1070.1200000000001,76.43714285714286,20,2024-12-17,2026-05-28,528,0.81
C00404,14,14,6,11,1053.09,75.22071428571428,18,2025-01-23,2026-04-23,456,0.93
C02096,14,14,6,11,1037.19,74.08500000000001,17,2024-12-07,2025-08-22,259,1.65
C00168,14,14,7,11,1025.85,73.27499999999999,23,2025-01-19,2026-04-03,440,0.97
C02869,14,14,5,13,1025.2,73.22857142857143,25,2025-03-19,2026-05-18,426,1.0
C01382,14,14,6,12,873.1,62.364285714285714,18,2024-12-22,2026-05-29,524,0.81
C00753,14,14,6,10,857.75,61.267857142857146,19,2024-12-18,2025-11-09,327,1.3
C02446,14,14,6,10,839.4,59.957142857142856,20,2024-12-27,2026-05-19,509,0.84
C03814,14,14,6,13,716.38,51.17,16,2025-07-08,2026-03-18,254,1.68
C00399,13,13,5,10,11007.16,846.7046153846154,30,2025-03-28,2026-04-10,379,1.04
C01594,13,13,5,9,10202.9,784.8384615384615,20,2025-04-01,2026-03-23,357,1.11
C01995,13,13,6,10,10172.91,782.5315384615385,25,2025-04-16,2026-05-18,398,0.99
C03831,13,13,6,10,9475.64,728.8953846153846,21,2025-04-14,2026-04-23,375,1.06
C00546,13,13,5,10,9135.47,702.7284615384615,30,2025-04-17,2026-03-13,331,1.2
C02007,13,13,4,11,9082.19,698.63,24,2025-05-16,2026-05-06,356,1.11
C02843,13,13,6,11,8884.880000000001,683.4523076923077,24,2025-03-06,2026-04-25,416,0.95
C01558,13,13,6,12,8788.130000000001,676.0100000000001,27,2025-06-13,2026-02-03,236,1.68
C02542,13,13,4,8,8545.04,657.3107692307693,28,2025-03-22,2026-04-09,384,1.03
C04825,13,13,6,11,8153.6900000000005,627.2069230769231,24,2024-12-17,2026-03-20,459,0.86
C04170,13,13,5,9,8120.03,624.6176923076923,22,2025-05-15,2026-04-10,331,1.2
C02724,13,13,6,10,7488.28,576.0215384615384,23,2025-05-17,2026-02-02,262,1.51
C01838,13,13,7,12,7031.74,540.9030769230769,31,2025-02-09,2026-02-22,379,1.04
C01010,13,13,6,11,6931.650000000001,533.2038461538461,28,2025-02-26,2026-03-22,390,1.01
C02445,13,13,7,12,6560.3,504.63846153846157,24,2025-01-22,2026-03-13,416,0.95
C03358,13,13,6,11,6446.0599999999995,495.8507692307692,21,2025-03-31,2026-03-20,355,1.11
C02860,13,13,5,10,6403.49,492.57615384615383,21,2025-02-09,2026-04-07,423,0.94
C00729,13,13,6,9,6036.5,464.34615384615387,33,2025-02-28,2026-02-14,352,1.12
C00072,13,13,5,10,5958.27,458.32846153846157,22,2025-02-03,2026-03-11,402,0.98
C03181,13,13,7,12,5940.44,456.95692307692303,27,2025-01-25,2026-04-20,451,0.88
C02586,13,13,4,10,5590.95,430.0730769230769,22,2025-04-15,2026-03-30,350,1.13
C04906,13,13,6,11,5229.0,402.2307692307692,23,2025-02-22,2026-02-22,366,1.08
C04929,13,13,6,12,4980.64,383.1261538461539,22,2025-05-30,2026-03-25,300,1.32
C00027,13,13,8,11,4797.42,369.0323076923077,19,2025-03-31,2026-03-30,365,1.08
C04165,13,13,7,12,4713.27,362.5592307692308,23,2025-04-14,2026-03-14,335,1.18
C00671,13,13,8,11,4689.3099999999995,360.7161538461538,23,2025-01-29,2026-04-19,446,0.89
C03870,13,13,7,10,4538.75,349.13461538461536,20,2025-04-01,2026-03-30,364,1.09
C03306,13,13,8,12,4315.3,331.94615384615383,28,2025-02-03,2026-04-07,429,0.92
C04903,13,13,5,10,4081.8999999999996,313.9923076923077,21,2025-01-10,2026-04-18,464,0.85
C02098,13,13,6,10,4011.52,308.5784615384615,22,2025-01-04,2026-05-09,491,0.81
C02053,13,13,5,11,3993.55,307.19615384615383,26,2025-03-26,2026-05-16,417,0.95
C01813,13,13,6,11,3908.15,300.6269230769231,22,2025-01-06,2026-04-30,480,0.82
C02391,13,13,7,11,3838.3,295.25384615384615,18,2025-01-03,2026-03-09,431,0.92
C02564,13,13,7,10,3789.13,291.47153846153844,19,2024-12-24,2026-01-01,374,1.06
C03503,13,13,7,11,3785.4,291.18461538461537,24,2025-02-04,2026-01-26,357,1.11
C00927,13,13,5,9,3702.44,284.8030769230769,22,2024-12-06,2026-05-28,539,0.73
C03723,13,13,6,11,3684.25,283.40384615384613,18,2025-01-03,2026-02-16,410,0.97
C00783,13,13,7,11,3503.31,269.4853846153846,22,2025-02-23,2025-11-04,255,1.55
C00640,13,13,6,11,3374.8,259.6,24,2025-01-07,2026-05-08,487,0.81
C04704,13,13,6,11,3372.18,259.3984615384615,22,2025-01-13,2025-10-15,276,1.43
C03913,13,13,7,10,3318.88,255.29846153846154,19,2025-04-03,2026-03-26,358,1.11
C03680,13,13,6,10,3318.86,255.2969230769231,21,2024-12-11,2026-04-12,488,0.81
C03412,13,13,7,10,3256.07,250.46692307692308,18,2025-01-20,2026-05-11,477,0.83
C03000,13,13,7,10,3210.74,246.98,20,2024-12-11,2026-03-02,447,0.89
C04056,13,13,6,10,3177.16,244.39692307692306,23,2024-12-17,2026-05-18,518,0.76
C01221,13,13,5,9,3131.65,240.89615384615385,21,2024-12-21,2026-05-27,523,0.76
C00895,13,13,6,11,3121.7799999999997,240.13692307692307,16,2024-12-30,2026-02-16,414,0.96
C03130,13,13,7,11,3110.9700000000003,239.30538461538464,21,2024-12-21,2026-03-15,450,0.88
C04814,13,13,5,12,3109.01,239.1546153846154,20,2025-02-22,2026-03-16,388,1.02
C03311,13,13,6,11,3096.63,238.2023076923077,21,2025-01-15,2026-02-23,405,0.98
C04756,13,13,7,11,3005.88,231.22153846153847,22,2025-01-11,2026-05-20,495,0.8
C02237,13,13,7,12,2904.86,223.45076923076925,23,2025-02-02,2026-05-18,471,0.84
C00199,13,13,5,11,2878.34,221.41076923076923,15,2024-12-19,2025-08-19,244,1.62
C00911,13,13,7,12,2866.76,220.52,22,2025-03-07,2026-05-15,435,0.91
C04227,13,13,8,9,2839.16,218.39692307692306,21,2025-01-12,2026-05-14,488,0.81
C03448,13,13,6,12,2768.9,212.9923076923077,20,2025-01-16,2026-05-05,475,0.83
C02931,13,13,6,12,2740.06,210.77384615384614,17,2025-01-06,2026-03-06,425,0.93
C02631,13,13,6,12,2691.97,207.07461538461536,18,2025-04-05,2026-04-04,365,1.08
C03393,13,13,8,12,2682.79,206.36846153846153,17,2024-12-30,2026-02-07,405,0.98
C01068,13,13,8,11,2681.81,206.2930769230769,20,2025-01-11,2026-05-03,478,0.83
C01783,13,13,5,9,2653.42,204.10923076923078,16,2024-12-28,2025-10-09,286,1.38
C00750,13,13,6,12,2651.6800000000003,203.97538461538463,20,2025-03-14,2025-12-13,275,1.44
C04363,13,13,7,12,2636.2,202.78461538461536,22,2025-01-15,2026-05-22,493,0.8
C02596,13,13,6,13,2581.44,198.5723076923077,21,2025-04-06,2026-01-22,292,1.36
C02681,13,13,6,12,2530.11,194.62384615384616,21,2025-02-08,2026-04-10,427,0.93
C01336,13,13,7,12,2512.81,193.2930769230769,18,2025-02-02,2026-04-25,448,0.88
C00888,13,13,6,12,2487.34,191.33384615384617,18,2025-03-09,2026-04-23,411,0.96
C00029,13,13,6,12,2472.88,190.22153846153847,19,2024-12-18,2026-04-02,471,0.84
C00602,13,13,7,11,2472.8,190.21538461538464,25,2024-12-13,2026-05-28,532,0.74
C04199,13,13,7,11,2436.02,187.38615384615383,17,2024-12-23,2026-05-24,518,0.76
C00158,13,13,7,11,2399.21,184.55461538461537,14,2025-03-07,2026-04-29,419,0.94
C01344,13,13,7,11,2395.21,184.24692307692308,19,2024-12-14,2026-03-16,458,0.86
C01004,13,13,6,10,2394.82,184.21692307692308,25,2024-12-16,2026-05-09,510,0.78
C00681,13,13,8,11,2373.75,182.59615384615384,22,2024-12-20,2026-05-01,498,0.79
C02787,13,13,7,12,2349.33,180.7176923076923,19,2025-02-24,2026-05-06,437,0.91
C03722,13,13,6,12,2347.18,180.5523076923077,18,2024-12-07,2026-02-07,428,0.92
C00795,13,13,7,11,2339.73,179.97923076923078,18,2024-12-27,2026-05-15,505,0.78
C03560,13,13,7,11,2300.17,176.93615384615384,18,2025-01-25,2026-03-13,413,0.96
C00406,13,13,6,11,2297.7799999999997,176.75230769230768,16,2025-02-10,2026-03-22,406,0.97
C04755,13,13,7,11,2286.86,175.9123076923077,17,2024-12-25,2026-04-23,485,0.82
C02739,13,13,5,10,2281.23,175.47923076923078,21,2025-02-12,2026-02-28,382,1.04
C01744,13,13,6,10,2276.35,175.10384615384615,14,2025-01-01,2026-04-23,478,0.83
C04203,13,13,7,11,2258.7,173.74615384615385,18,2024-12-11,2026-03-09,454,0.87
C04504,13,13,7,12,2252.36,173.25846153846155,20,2025-02-10,2026-01-08,333,1.19
C04833,13,13,6,11,2233.72,171.82461538461536,14,2024-12-28,2026-04-13,472,0.84
C03645,13,13,7,13,2224.4500000000003,171.1115384615385,18,2025-01-06,2026-04-25,475,0.83
C01873,13,13,6,12,2201.42,169.34,19,2024-12-25,2026-04-04,466,0.85
C00728,13,13,7,11,2172.69,167.13,19,2025-01-16,2026-03-16,425,0.93
C00963,13,13,5,10,2163.39,166.4146153846154,18,2024-12-12,2026-03-15,459,0.86
C01650,13,13,7,11,2160.83,166.2176923076923,23,2024-12-11,2026-04-08,484,0.82
C04575,13,13,5,10,2158.61,166.0469230769231,22,2025-01-18,2026-05-10,478,0.83
C04922,13,13,6,12,2156.9300000000003,165.91769230769233,16,2025-01-21,2026-05-07,472,0.84
C04144,13,13,4,9,2145.13,165.01000000000002,26,2024-12-14,2026-01-14,397,1.0
C01564,13,13,8,11,2120.72,163.13230769230768,23,2024-12-22,2026-03-27,461,0.86
C02967,13,13,6,11,2112.56,162.5046153846154,23,2024-12-04,2025-09-22,293,1.35
C02080,13,13,7,11,2087.88,160.60615384615386,23,2024-12-28,2026-06-02,522,0.76
C02180,13,13,5,11,2071.03,159.31,20,2025-01-01,2026-05-21,506,0.78
C02683,13,13,6,12,2053.56,157.96615384615384,21,2024-12-04,2026-05-20,533,0.74
C03795,13,13,8,12,2050.32,157.71692307692308,17,2024-12-10,2026-04-09,486,0.81
C00774,13,13,7,13,2044.34,157.25692307692307,23,2025-03-16,2026-03-05,355,1.11
C03139,13,13,7,12,2042.42,157.10923076923078,22,2024-12-18,2026-02-27,437,0.91
C03158,13,13,7,11,2027.16,155.93538461538463,20,2025-01-08,2026-05-20,498,0.79
C00425,13,13,5,10,1986.51,152.80846153846153,18,2024-12-24,2026-03-05,437,0.91
C04752,13,13,6,11,1938.42,149.10923076923078,20,2025-01-14,2026-05-18,490,0.81
C00224,13,13,6,11,1853.4,142.56923076923078,19,2024-12-19,2026-05-10,508,0.78
C02385,13,13,5,12,1849.1200000000001,142.24,24,2024-12-14,2026-05-25,528,0.75
C02299,13,13,7,11,1847.8500000000001,142.1423076923077,16,2024-12-10,2026-03-28,474,0.83
C04659,13,13,7,12,1838.39,141.4146153846154,21,2024-12-11,2026-03-02,447,0.89
C04010,13,13,7,9,1807.61,139.04692307692306,18,2025-01-05,2026-04-02,453,0.87
C00026,13,13,7,13,1789.02,137.6169230769231,18,2025-01-23,2025-06-25,154,2.57
C02151,13,13,7,11,1785.75,137.3653846153846,20,2025-02-11,2026-04-28,442,0.9
C04823,13,13,6,10,1754.95,134.99615384615385,23,2024-12-27,2026-03-18,447,0.89
C01240,13,13,6,11,1744.64,134.20307692307694,15,2025-01-16,2026-05-15,485,0.82
C02880,13,13,7,10,1720.02,132.30923076923077,20,2024-12-24,2026-04-22,485,0.82
C01253,13,13,5,11,1706.56,131.27384615384614,16,2024-12-18,2026-05-02,501,0.79
C01919,13,13,8,13,1682.0,129.3846153846154,19,2025-01-15,2026-03-11,421,0.94
C04467,13,13,5,9,1669.11,128.3930769230769,25,2024-12-11,2026-01-31,417,0.95
C03246,13,13,5,9,1663.89,127.99153846153847,20,2025-03-31,2026-05-09,405,0.98
C00055,13,13,6,12,1661.53,127.81,26,2024-12-18,2026-03-18,456,0.87
C01314,13,13,8,13,1644.7,126.51538461538462,19,2025-02-28,2026-03-20,386,1.03
C04877,13,13,6,12,1633.03,125.61769230769231,18,2024-12-06,2025-06-19,196,2.02
C00265,13,13,7,10,1620.03,124.61769230769231,19,2025-03-01,2026-03-31,396,1.0
C01801,13,13,6,11,1605.09,123.46846153846153,21,2025-02-10,2026-05-15,460,0.86
C03375,13,13,6,11,1604.68,123.43692307692308,17,2025-03-13,2025-11-12,245,1.62
C04115,13,13,6,12,1575.46,121.18923076923078,22,2025-01-14,2026-01-30,382,1.04
C02948,13,13,8,11,1573.76,121.05846153846154,18,2024-12-17,2026-04-26,496,0.8
C04325,13,13,6,10,1558.91,119.91615384615385,16,2024-12-04,2025-11-25,357,1.11
C01049,13,13,8,13,1549.98,119.22923076923077,16,2025-01-24,2026-01-31,373,1.06
C04989,13,13,5,10,1549.49,119.19153846153846,22,2025-01-26,2026-03-07,406,0.97
C03235,13,13,6,11,1528.29,117.56076923076922,20,2025-01-08,2026-05-08,486,0.81
C00410,13,13,6,10,1526.18,117.39846153846155,14,2024-12-12,2026-03-20,464,0.85
C02539,13,13,6,11,1517.0700000000002,116.69769230769232,15,2024-12-22,2026-04-19,484,0.82
C03458,13,13,7,13,1514.71,116.51615384615386,21,2025-01-13,2026-01-19,372,1.06
C02856,13,13,8,13,1507.2,115.93846153846154,18,2024-12-28,2026-03-14,442,0.9
C00824,13,13,8,13,1464.23,112.63307692307693,18,2025-01-07,2026-04-17,466,0.85
C04751,13,13,6,12,1461.97,112.45923076923077,17,2024-12-29,2025-10-03,279,1.42
C00438,13,13,5,8,1461.18,112.39846153846155,19,2025-02-07,2026-03-25,412,0.96
C02769,13,13,5,12,1456.6000000000001,112.04615384615386,17,2024-12-20,2026-04-19,486,0.81
C01640,13,13,7,10,1413.06,108.69692307692307,13,2024-12-15,2026-03-25,466,0.85
C00100,13,13,6,11,1386.49,106.65307692307692,15,2025-01-07,2026-04-17,466,0.85
C04568,13,13,5,9,1384.33,106.48692307692308,19,2024-12-12,2026-02-12,428,0.92
C00132,13,13,7,13,1368.03,105.23307692307692,18,2025-04-20,2026-04-16,362,1.09
C01120,13,13,5,9,1355.39,104.26076923076924,13,2024-12-29,2026-05-06,494,0.8
C04329,13,13,7,12,1325.61,101.97,20,2025-01-18,2026-03-19,426,0.93
C01621,13,13,6,12,1304.24,100.32615384615384,22,2024-12-13,2025-08-11,242,1.64
C03719,13,13,7,11,1297.4099999999999,99.80076923076922,19,2025-01-17,2026-02-27,407,0.97
C00668,13,13,6,10,1279.18,98.39846153846155,18,2025-04-15,2026-04-21,372,1.06
C04566,13,13,7,12,1272.58,97.89076923076922,15,2025-01-28,2026-01-28,366,1.08
C03372,13,13,6,11,1257.36,96.72,19,2025-03-29,2026-05-30,428,0.92
C01364,13,13,6,9,1250.02,96.15538461538462,20,2025-01-28,2026-03-13,410,0.97
C00639,13,13,6,10,1246.32,95.87076923076923,13,2025-02-06,2026-02-13,373,1.06
C00912,13,13,7,11,1244.13,95.7023076923077,17,2024-12-09,2026-04-30,508,0.78
C03134,13,13,5,10,1207.76,92.90461538461538,17,2024-12-09,2026-05-22,530,0.75
C03221,13,13,6,12,1131.0,87.0,19,2024-12-29,2025-08-08,223,1.77
C00240,13,13,6,10,1127.52,86.73230769230769,23,2025-01-01,2026-04-18,473,0.84
C01734,13,13,7,10,1121.51,86.27,21,2024-12-08,2026-02-11,431,0.92
C02743,13,13,7,12,1116.51,85.88538461538461,17,2024-12-13,2026-03-22,465,0.85
C00696,13,13,7,11,1045.49,80.4223076923077,19,2025-04-27,2026-04-16,355,1.11
C04466,13,13,5,9,899.75,69.21153846153847,21,2025-01-02,2026-05-19,503,0.79
C00747,13,13,7,11,768.75,59.13461538461539,17,2024-12-21,2025-10-23,307,1.29
C03788,13,13,4,8,751.01,57.769999999999996,16,2025-01-14,2026-05-24,496,0.8
C00461,13,13,5,10,719.13,55.317692307692305,16,2025-01-08,2026-05-06,484,0.82
C02558,13,13,6,11,666.67,51.28230769230769,17,2024-12-11,2025-08-03,236,1.68
C04643,12,12,4,8,12953.27,1079.4391666666668,29,2025-05-19,2026-04-22,339,1.08
C02827,12,12,5,8,10575.22,881.2683333333333,32,2025-06-05,2026-05-28,358,1.02
C00400,12,12,5,8,10347.61,862.3008333333333,29,2025-04-10,2026-05-25,411,0.89
C01458,12,12,5,10,9796.31,816.3591666666666,24,2025-03-26,2026-03-07,347,1.05
C03424,12,12,4,8,9625.44,802.12,28,2025-03-10,2026-04-23,410,0.89
C00945,12,12,4,8,9228.65,769.0541666666667,22,2025-05-30,2026-03-05,280,1.3
C03062,12,12,5,8,9142.55,761.8791666666666,22,2025-05-06,2026-05-24,384,0.95
C00626,12,12,4,10,8915.26,742.9383333333334,23,2025-02-05,2026-04-12,432,0.85
C02034,12,12,7,10,8424.58,702.0483333333333,25,2025-05-04,2026-05-12,374,0.98
C02867,12,12,5,7,8366.4,697.1999999999999,27,2025-05-10,2026-04-05,331,1.1
C01566,12,12,5,10,8347.21,695.6008333333333,36,2025-04-13,2026-05-17,400,0.91
C04632,12,12,6,10,8144.38,678.6983333333334,27,2025-03-03,2026-05-13,437,0.84
C02065,12,12,6,9,7999.299999999999,666.6083333333332,24,2025-02-20,2026-04-25,430,0.85
C00359,12,12,6,10,7903.36,658.6133333333333,21,2025-04-25,2026-03-23,333,1.1
C03376,12,12,5,9,6840.049999999999,570.0041666666666,22,2025-03-02,2026-04-21,416,0.88
C02677,12,12,7,10,6508.4800000000005,542.3733333333333,30,2025-03-27,2026-04-25,395,0.92
C03880,12,12,7,10,6365.81,530.4841666666667,24,2025-04-10,2026-04-15,371,0.98
C01937,12,12,5,9,5767.05,480.58750000000003,21,2025-07-01,2026-05-30,334,1.09
C03740,12,12,5,11,5688.75,474.0625,24,2025-02-23,2026-04-12,414,0.88
C02168,12,12,4,9,5685.6900000000005,473.80750000000006,21,2025-05-29,2026-03-31,307,1.19
C03481,12,12,6,10,5268.22,439.0183333333334,19,2025-04-24,2026-05-02,374,0.98
C04150,12,12,6,9,4983.38,415.2816666666667,25,2025-02-12,2026-01-26,349,1.05
C03755,12,12,5,10,4951.89,412.6575,14,2025-05-09,2026-04-17,344,1.06
C01646,12,12,6,10,4733.18,394.4316666666667,20,2025-06-23,2026-04-30,312,1.17
C03124,12,12,5,9,4668.37,389.0308333333333,19,2025-03-19,2026-04-28,406,0.9
C00662,12,12,6,11,4627.63,385.6358333333333,24,2025-02-15,2026-03-25,404,0.9
C00138,12,12,8,10,4374.34,364.52833333333336,20,2025-03-01,2026-04-16,412,0.89
C01504,12,12,6,9,4279.29,356.6075,18,2025-06-12,2026-05-25,348,1.05
C00844,12,12,5,9,4197.62,349.8016666666667,21,2025-05-17,2026-05-07,356,1.03
C02277,12,12,6,8,4169.37,347.4475,20,2024-12-28,2026-05-10,499,0.73
C02193,12,12,5,9,4074.94,339.5783333333333,24,2025-01-19,2026-05-16,483,0.76
C02457,12,12,7,12,3960.87,330.0725,22,2025-02-03,2026-03-22,413,0.88
C01609,12,12,6,11,3897.38,324.7816666666667,19,2025-02-15,2026-04-18,428,0.85
C01066,12,12,6,11,3889.14,324.09499999999997,21,2025-02-04,2025-11-26,296,1.23
C03490,12,12,6,10,3853.37,321.1141666666667,20,2025-04-22,2026-05-03,377,0.97
C01560,12,12,4,9,3769.8,314.15000000000003,17,2024-12-15,2026-04-11,483,0.76
C04523,12,12,7,11,3710.0699999999997,309.17249999999996,18,2024-12-15,2026-05-23,525,0.7
C02559,12,12,6,11,3546.3,295.52500000000003,18,2025-06-17,2026-03-23,280,1.3
C01218,12,12,7,11,3368.02,280.66833333333335,23,2025-02-23,2026-01-02,314,1.16
C01254,12,12,7,12,3311.52,275.96,26,2025-02-27,2026-05-04,432,0.85
C03173,12,12,7,10,3250.95,270.91249999999997,22,2025-01-19,2026-05-03,470,0.78
C03348,12,12,7,11,3188.63,265.7191666666667,17,2025-01-25,2026-03-09,409,0.89
C04112,12,12,5,10,3120.9,260.075,24,2025-02-16,2025-12-19,307,1.19
C02066,12,12,8,10,3101.66,258.47166666666664,18,2024-12-16,2026-02-14,426,0.86
C01022,12,12,8,10,3099.42,258.285,24,2025-01-16,2026-02-21,402,0.91
C01073,12,12,6,10,2910.36,242.53,16,2025-04-23,2026-01-28,281,1.3
C01166,12,12,6,8,2861.48,238.45666666666668,15,2024-12-14,2026-04-17,490,0.75
C01882,12,12,6,11,2837.31,236.4425,22,2024-12-22,2026-03-18,452,0.81
C04714,12,12,8,12,2674.28,222.85666666666668,19,2024-12-27,2026-03-23,452,0.81
C01473,12,12,7,11,2656.06,221.33833333333334,16,2024-12-25,2026-04-29,491,0.74
C02702,12,12,7,11,2629.0899999999997,219.0908333333333,18,2025-01-27,2026-03-11,409,0.89
C00630,12,12,6,10,2599.11,216.5925,21,2025-01-29,2026-01-28,365,1.0
C03296,12,12,7,11,2580.58,215.04833333333332,16,2025-03-17,2026-02-11,332,1.1
C02274,12,12,5,10,2579.07,214.9225,15,2025-02-18,2026-04-29,436,0.84
C00117,12,12,6,10,2560.0499999999997,213.33749999999998,19,2025-04-03,2026-01-21,294,1.24
C03305,12,12,6,11,2557.34,213.11166666666668,17,2025-01-08,2026-02-08,397,0.92
C00413,12,12,6,12,2552.4,212.70000000000002,16,2025-01-18,2026-05-12,480,0.76
C01832,12,12,7,9,2533.71,211.1425,24,2025-01-19,2026-05-05,472,0.77
C04916,12,12,7,11,2503.96,208.66333333333333,16,2025-01-29,2026-02-15,383,0.95
C02127,12,12,7,10,2466.12,205.51,18,2024-12-29,2025-11-04,311,1.17
C01310,12,12,6,11,2462.45,205.20416666666665,19,2024-12-10,2026-03-11,457,0.8
C00598,12,12,7,11,2407.98,200.665,23,2024-12-17,2026-04-13,483,0.76
C03289,12,12,6,9,2397.43,199.78583333333333,17,2025-01-20,2026-05-04,470,0.78
C02834,12,12,7,11,2395.87,199.65583333333333,18,2024-12-30,2026-03-25,451,0.81
C00631,12,12,7,10,2384.71,198.72583333333333,23,2025-04-11,2026-03-20,344,1.06
C03933,12,12,6,11,2311.88,192.65666666666667,19,2025-03-29,2025-12-30,277,1.32
C03132,12,12,7,10,2289.14,190.76166666666666,18,2024-12-23,2026-04-10,474,0.77
C00152,12,12,7,11,2265.27,188.7725,15,2024-12-21,2026-02-17,424,0.86
C03467,12,12,5,10,2224.26,185.35500000000002,14,2025-01-25,2026-05-11,472,0.77
C04638,12,12,7,10,2205.36,183.78,16,2024-12-25,2026-01-22,394,0.93
C01342,12,12,7,11,2187.2799999999997,182.2733333333333,15,2024-12-10,2026-04-23,500,0.73
C04885,12,12,7,11,2186.92,182.24333333333334,14,2025-01-20,2026-04-11,447,0.82
C02960,12,12,6,12,2150.2799999999997,179.18999999999997,17,2025-02-06,2026-03-20,408,0.9
C04812,12,12,6,10,2140.5099999999998,178.3758333333333,16,2024-12-28,2026-05-08,497,0.73
C01644,12,12,6,10,2121.32,176.77666666666667,24,2024-12-16,2025-08-19,247,1.48
C03283,12,12,6,9,2095.68,174.64,22,2024-12-18,2025-06-27,192,1.9
C02796,12,12,7,10,2067.94,172.32833333333335,16,2025-02-09,2026-04-23,439,0.83
C03104,12,12,6,11,2060.19,171.6825,21,2025-02-01,2026-03-16,409,0.89
C03820,12,12,6,10,2048.21,170.68416666666667,20,2024-12-09,2026-03-15,462,0.79
C04428,12,12,6,12,2046.8700000000001,170.57250000000002,14,2024-12-06,2026-05-24,535,0.68
C01556,12,12,5,11,2039.73,169.9775,16,2025-01-17,2026-01-15,364,1.0
C02793,12,12,7,10,2030.43,169.20250000000001,22,2024-12-27,2026-02-17,418,0.87
C02651,12,12,6,12,2018.94,168.245,18,2024-12-18,2026-04-19,488,0.75
C01091,12,12,6,11,1988.95,165.74583333333334,19,2024-12-06,2025-10-01,300,1.22
C00648,12,12,7,12,1967.86,163.98833333333332,16,2025-01-07,2026-03-19,437,0.84
C00600,12,12,4,8,1949.32,162.44333333333333,19,2024-12-16,2026-02-25,437,0.84
C04008,12,12,6,10,1947.1000000000001,162.25833333333335,18,2025-02-26,2026-04-23,422,0.87
C03346,12,12,6,11,1939.87,161.65583333333333,16,2025-01-05,2026-05-20,501,0.73
C02828,12,12,6,10,1899.3,158.275,14,2024-12-06,2025-09-08,277,1.32
C01837,12,12,6,11,1894.75,157.89583333333334,13,2025-03-06,2026-05-25,446,0.82
C04778,12,12,6,11,1840.48,153.37333333333333,15,2025-02-28,2025-11-12,258,1.42
C04132,12,12,7,11,1825.97,152.16416666666666,21,2025-04-15,2026-05-10,391,0.93
C00238,12,12,5,11,1780.77,148.3975,26,2025-03-26,2026-05-14,415,0.88
C01729,12,12,5,10,1773.83,147.81916666666666,16,2024-12-17,2026-02-28,439,0.83
C03086,12,12,5,10,1751.26,145.93833333333333,19,2024-12-06,2025-08-05,243,1.5
C02679,12,12,6,12,1744.91,145.40916666666666,13,2025-02-04,2026-05-14,465,0.79
C00422,12,12,7,9,1744.41,145.3675,19,2025-03-03,2026-05-04,428,0.85
C01216,12,12,7,10,1743.1200000000001,145.26000000000002,14,2025-02-22,2026-04-14,417,0.88
C02981,12,12,5,9,1739.09,144.92416666666665,17,2025-01-17,2026-05-19,488,0.75
C00810,12,12,7,10,1699.95,141.6625,19,2024-12-23,2026-02-10,415,0.88
C03882,12,12,6,11,1691.12,140.92666666666665,18,2024-12-24,2026-03-09,441,0.83
C01339,12,12,7,11,1649.3,137.44166666666666,18,2025-01-31,2026-03-13,407,0.9
C03447,12,12,7,12,1643.87,136.98916666666665,16,2025-02-04,2026-04-21,442,0.83
C02584,12,12,5,9,1640.85,136.73749999999998,23,2024-12-20,2025-09-11,266,1.37
C04412,12,12,6,11,1616.24,134.68666666666667,17,2024-12-10,2026-04-25,502,0.73
C04250,12,12,6,11,1611.64,134.30333333333334,13,2024-12-09,2026-04-17,495,0.74
C01156,12,12,6,8,1597.1000000000001,133.09166666666667,17,2025-03-23,2026-05-07,411,0.89
C04816,12,12,7,11,1585.94,132.16166666666666,17,2024-12-29,2026-05-14,502,0.73
C03097,12,12,7,10,1576.57,131.38083333333333,14,2025-03-07,2026-04-01,391,0.93
C03558,12,12,6,11,1542.94,128.57833333333335,16,2025-01-28,2026-04-28,456,0.8
C02958,12,12,7,10,1522.93,126.91083333333334,22,2024-12-13,2026-05-27,531,0.69
C00656,12,12,7,10,1520.52,126.71,19,2024-12-23,2026-02-24,429,0.85
C00176,12,12,6,11,1517.41,126.45083333333334,18,2025-02-28,2026-02-16,354,1.03
C01586,12,12,6,11,1510.99,125.91583333333334,23,2024-12-20,2026-01-25,402,0.91
C00189,12,12,7,9,1498.73,124.89416666666666,16,2024-12-28,2026-04-09,468,0.78
C00765,12,12,7,10,1481.07,123.4225,19,2025-01-13,2026-05-14,487,0.75
C00873,12,12,7,10,1470.1499999999999,122.51249999999999,15,2025-03-06,2026-02-13,345,1.06
C02588,12,12,5,11,1465.03,122.08583333333333,19,2025-02-10,2026-05-10,455,0.8
C00226,12,12,5,11,1454.02,121.16833333333334,15,2025-03-29,2026-04-30,398,0.92
C04248,12,12,7,10,1452.66,121.055,22,2024-12-12,2026-04-08,483,0.76
C03093,12,12,6,10,1447.79,120.64916666666666,18,2024-12-04,2026-03-09,461,0.79
C03207,12,12,6,11,1434.03,119.5025,14,2024-12-20,2026-05-22,519,0.7
C03877,12,12,6,10,1429.54,119.12833333333333,18,2025-02-03,2026-05-25,477,0.77
C04728,12,12,6,8,1413.85,117.82083333333333,13,2025-01-01,2026-02-20,416,0.88
C04595,12,12,6,11,1408.35,117.3625,18,2024-12-14,2025-08-15,245,1.49
C00383,12,12,6,11,1403.39,116.94916666666667,18,2024-12-19,2026-04-26,494,0.74
C02152,12,12,7,11,1399.44,116.62,16,2024-12-16,2026-05-20,521,0.7
C03268,12,12,5,10,1398.48,116.54,13,2025-02-12,2026-02-01,355,1.03
C02074,12,12,8,11,1396.38,116.36500000000001,17,2025-01-03,2026-02-06,400,0.91
C03759,12,12,5,11,1388.51,115.70916666666666,15,2024-12-18,2025-09-29,286,1.28
C04447,12,12,5,9,1387.74,115.645,22,2024-12-23,2025-12-02,345,1.06
C04194,12,12,5,11,1373.06,114.42166666666667,16,2025-04-13,2026-05-11,394,0.93
C01553,12,12,5,9,1372.23,114.3525,19,2025-01-01,2025-10-31,304,1.2
C02091,12,12,5,11,1354.09,112.84083333333332,19,2025-01-21,2025-12-02,316,1.16
C01370,12,12,6,10,1349.96,112.49666666666667,18,2024-12-12,2025-09-26,289,1.26
C04627,12,12,6,11,1349.69,112.47416666666668,26,2024-12-10,2026-03-30,476,0.77
C03860,12,12,6,11,1334.25,111.1875,18,2024-12-17,2026-03-15,454,0.8
C04990,12,12,6,10,1316.71,109.72583333333334,17,2024-12-27,2026-05-29,519,0.7
C01374,12,12,6,10,1313.79,109.4825,20,2025-01-06,2026-04-09,459,0.8
C00216,12,12,6,10,1304.91,108.7425,15,2024-12-28,2026-04-02,461,0.79
C03176,12,12,6,12,1303.87,108.65583333333332,16,2024-12-12,2026-03-25,469,0.78
C00616,12,12,6,10,1296.63,108.05250000000001,16,2024-12-18,2026-05-26,525,0.7
C02175,12,12,5,11,1291.98,107.665,19,2024-12-18,2025-07-13,208,1.76
C04445,12,12,6,11,1277.97,106.4975,17,2025-02-27,2026-03-25,392,0.93
C02951,12,12,6,11,1264.83,105.40249999999999,19,2025-03-15,2026-05-31,443,0.82
C01776,12,12,6,11,1260.04,105.00333333333333,16,2024-12-25,2026-04-11,473,0.77
C03716,12,12,6,12,1198.74,99.895,18,2025-02-28,2026-05-11,438,0.83
C01821,12,12,5,10,1161.41,96.78416666666668,22,2025-04-15,2026-04-16,367,1.0
C04306,12,12,7,11,1154.04,96.17,15,2025-01-08,2026-04-18,466,0.78
C03976,12,12,7,10,1148.9,95.74166666666667,17,2024-12-10,2025-12-26,382,0.96
C02389,12,12,5,10,1140.71,95.05916666666667,16,2024-12-04,2026-03-14,466,0.78
C04601,12,12,7,11,1131.91,94.32583333333334,18,2025-01-19,2026-05-06,473,0.77
C04735,12,12,6,12,1130.81,94.23416666666667,17,2024-12-26,2026-02-23,425,0.86
C03273,12,12,6,10,1125.07,93.75583333333333,17,2025-01-31,2026-04-18,443,0.82
C00758,12,12,6,9,1094.25,91.1875,18,2025-02-02,2026-03-15,407,0.9
C00850,12,12,5,9,1083.2,90.26666666666667,17,2024-12-23,2026-03-20,453,0.81
C00851,12,12,7,12,1081.88,90.15666666666668,13,2025-02-04,2026-05-19,470,0.78
C02032,12,12,5,9,1074.94,89.57833333333333,14,2025-01-15,2026-03-12,422,0.87
C01175,12,12,6,11,1071.56,89.29666666666667,12,2025-04-22,2026-03-26,339,1.08
C03406,12,12,6,9,1046.53,87.21083333333333,17,2025-02-22,2026-03-01,373,0.98
C02622,12,12,6,9,1030.02,85.835,19,2025-01-17,2026-01-26,375,0.97
C02719,12,12,5,11,1023.77,85.31416666666667,15,2024-12-16,2026-02-17,429,0.85
C01619,12,12,6,10,1022.02,85.16833333333334,17,2025-01-14,2026-05-11,483,0.76
C04107,12,12,5,10,1012.59,84.38250000000001,20,2025-01-05,2026-03-31,451,0.81
C04376,12,12,7,11,975.09,81.25750000000001,16,2024-12-05,2026-05-29,541,0.68
C04204,12,12,7,10,972.5600000000001,81.04666666666667,17,2025-02-23,2026-03-30,401,0.91
C04696,12,12,5,10,955.85,79.65416666666667,16,2024-12-04,2026-05-01,514,0.71
C01497,12,12,5,11,922.8199999999999,76.90166666666666,14,2025-04-15,2026-03-17,337,1.08
C01081,12,12,6,11,912.0,76.0,16,2024-12-09,2026-01-28,416,0.88
C00450,12,12,6,9,897.74,74.81166666666667,15,2025-01-27,2026-02-01,371,0.98
C01367,12,12,6,9,892.78,74.39833333333333,15,2024-12-20,2025-12-12,358,1.02
C00186,12,12,6,10,883.18,73.59833333333333,17,2025-04-06,2026-05-27,417,0.88
C04994,12,12,6,9,861.91,71.82583333333334,14,2024-12-06,2026-02-15,437,0.84
C04292,12,12,5,9,848.54,70.71166666666666,18,2024-12-15,2026-04-28,500,0.73
C01122,12,12,7,10,845.7,70.47500000000001,13,2025-01-04,2026-06-03,516,0.71
C01389,12,12,5,10,845.3100000000001,70.44250000000001,17,2025-01-04,2026-01-14,376,0.97
C01947,12,12,7,11,829.22,69.10166666666667,18,2024-12-14,2025-06-21,190,1.92
C01377,12,12,5,9,825.18,68.765,17,2025-03-14,2026-04-13,396,0.92
C01437,12,12,6,9,746.41,62.20083333333333,16,2024-12-08,2025-08-25,261,1.4
C01543,12,12,6,10,744.9,62.074999999999996,13,2025-01-16,2025-11-25,314,1.16
C00517,12,12,7,12,739.09,61.590833333333336,14,2024-12-19,2025-11-30,347,1.05
C00105,12,12,6,9,718.42,59.86833333333333,15,2025-07-07,2026-04-04,272,1.34
C00183,12,12,7,9,708.02,59.001666666666665,16,2025-02-10,2025-12-11,305,1.2
C02847,12,12,6,7,567.86,47.321666666666665,15,2024-12-16,2025-11-30,350,1.04
C01528,11,11,5,8,11852.63,1077.5118181818182,27,2025-03-18,2026-02-06,326,1.03
C03322,11,11,5,10,10916.789999999999,992.4354545454545,26,2025-03-29,2026-02-10,319,1.05
C03355,11,11,4,7,10292.699999999999,935.6999999999999,23,2025-03-04,2026-04-27,420,0.8
C04396,11,11,5,10,9330.4,848.2181818181817,33,2025-05-14,2026-02-28,291,1.15
C03588,11,11,5,8,8929.64,811.7854545454545,24,2025-01-29,2026-04-08,435,0.77
C04597,11,11,4,9,8911.64,810.1490909090909,20,2025-06-09,2026-03-21,286,1.17
C01495,11,11,6,9,8578.18,779.8345454545455,28,2025-03-21,2026-04-08,384,0.87
C00126,11,11,6,9,7517.15,683.3772727272727,26,2025-05-15,2026-04-30,351,0.95
C01349,11,11,5,8,7508.71,682.61,24,2025-02-28,2026-03-06,372,0.9
C01332,11,11,6,10,7412.59,673.8718181818182,18,2025-02-23,2026-02-04,347,0.96
C00222,11,11,6,9,7236.67,657.8790909090909,23,2025-02-05,2026-05-16,466,0.72
C03634,11,11,6,9,7050.24,640.930909090909,21,2025-01-19,2026-04-16,453,0.74
C01159,11,11,5,9,6848.639999999999,622.6036363636363,24,2025-02-08,2026-05-02,449,0.75
C00015,11,11,8,10,6258.26,568.9327272727273,20,2025-03-26,2026-04-09,380,0.88
C03720,11,11,5,9,6223.2,565.7454545454545,22,2025-03-17,2026-02-21,342,0.98
C04826,11,11,5,8,6217.08,565.1890909090909,20,2025-01-07,2026-03-08,426,0.79
C02511,11,11,5,11,5596.5,508.77272727272725,25,2025-03-12,2026-05-20,435,0.77
C03684,11,11,3,7,5549.08,504.46181818181816,17,2025-02-24,2026-05-18,449,0.75
C00082,11,11,5,10,5516.71,501.5190909090909,20,2025-03-22,2026-04-07,382,0.88
C04258,11,11,6,8,5420.1900000000005,492.7445454545455,18,2025-07-07,2026-03-14,251,1.33
C01631,11,11,6,11,5264.389999999999,478.580909090909,20,2025-01-29,2026-03-16,412,0.81
C00088,11,11,5,9,5080.87,461.8972727272727,22,2024-12-22,2026-05-02,497,0.67
C03696,11,11,7,11,5059.240000000001,459.93090909090915,20,2025-02-21,2026-03-05,378,0.89
C01705,11,11,6,8,4965.38,451.39818181818185,19,2025-03-25,2026-04-08,380,0.88
C02280,11,11,6,10,4812.22,437.4745454545455,16,2025-01-06,2026-03-26,445,0.75
C00825,11,11,6,8,4636.9800000000005,421.5436363636364,19,2025-01-24,2026-03-27,428,0.78
C04213,11,11,6,11,4500.37,409.12454545454545,19,2025-02-01,2025-12-31,334,1.0
C02501,11,11,4,10,4495.76,408.7054545454546,14,2024-12-06,2026-04-03,484,0.69
C00002,11,11,6,8,4361.54,396.50363636363636,16,2025-03-11,2026-04-24,410,0.82
C01090,11,11,6,10,4339.59,394.5081818181818,23,2025-05-13,2026-03-30,322,1.04
C00710,11,11,8,11,4333.77,393.9790909090909,21,2025-05-21,2026-05-09,354,0.95
C00253,11,11,5,9,4103.55,373.05,17,2025-04-02,2026-04-12,376,0.89
C04553,11,11,7,10,4055.13,368.64818181818185,17,2025-01-07,2026-05-09,488,0.69
C03577,11,11,7,9,4028.5299999999997,366.22999999999996,21,2025-04-24,2026-04-03,345,0.97
C03935,11,11,6,8,3927.41,357.0372727272727,18,2025-05-28,2026-01-16,234,1.43
C04663,11,11,6,8,3851.43,350.13,18,2025-03-16,2026-01-17,308,1.09
C02448,11,11,4,10,3731.72,339.24727272727273,18,2025-03-23,2026-01-24,308,1.09
C01822,11,11,6,9,3718.33,338.03,14,2025-02-27,2026-03-28,395,0.85
C02811,11,11,4,8,3622.23,329.2936363636364,20,2024-12-12,2026-05-08,513,0.65
C04080,11,11,5,10,3569.2599999999998,324.4781818181818,15,2024-12-31,2026-04-23,479,0.7
C00978,11,11,5,10,3510.09,319.09909090909093,16,2025-01-30,2026-03-24,419,0.8
C04192,11,11,6,8,3489.19,317.1990909090909,18,2024-12-28,2026-04-09,468,0.72
C00856,11,11,6,8,3477.8199999999997,316.1654545454545,17,2025-05-26,2025-12-31,220,1.52
C03623,11,11,6,10,3439.6000000000004,312.69090909090914,22,2025-03-10,2026-02-11,339,0.99
C04480,11,11,5,11,3422.86,311.1690909090909,16,2024-12-27,2026-02-20,421,0.8
C03018,11,11,6,11,3397.31,308.8463636363636,17,2024-12-22,2026-03-18,452,0.74
C03700,11,11,6,10,3392.83,308.4390909090909,21,2025-02-08,2026-04-18,435,0.77
C04047,11,11,5,9,3332.42,302.9472727272727,23,2024-12-09,2025-11-09,336,1.0
C04365,11,11,5,10,3324.71,302.24636363636364,19,2024-12-23,2026-03-05,438,0.76
C01888,11,11,5,9,3297.95,299.81363636363636,25,2024-12-26,2025-11-14,324,1.03
C01602,11,11,6,10,3231.19,293.74454545454546,16,2024-12-27,2026-05-01,491,0.68
C01054,11,11,7,10,3222.19,292.92636363636365,19,2024-12-31,2026-03-13,438,0.76
C02509,11,11,4,9,3210.02,291.82,15,2025-01-12,2026-03-07,420,0.8
C03504,11,11,6,10,3200.39,290.94454545454545,16,2025-02-21,2026-03-25,398,0.84
C02341,11,11,7,10,3046.4999999999995,276.95454545454544,22,2025-03-05,2026-05-29,451,0.74
C00892,11,11,6,9,3032.88,275.71636363636367,19,2024-12-09,2026-01-22,410,0.82
C02182,11,11,5,10,2951.54,268.3218181818182,18,2024-12-14,2026-04-26,499,0.67
C00411,11,11,5,10,2946.88,267.89818181818185,23,2025-02-15,2026-02-04,355,0.94
C02619,11,11,6,9,2887.71,262.5190909090909,18,2024-12-22,2026-03-12,446,0.75
C03419,11,11,6,7,2847.45,258.85909090909087,18,2025-01-21,2026-03-14,418,0.8
C02176,11,11,5,9,2846.68,258.7890909090909,21,2024-12-04,2026-03-18,470,0.71
C01766,11,11,6,10,2840.03,258.18454545454546,14,2025-03-15,2026-05-23,435,0.77
C01021,11,11,6,10,2817.6499999999996,256.15,18,2025-01-01,2026-03-09,433,0.77
C03852,11,11,5,10,2749.25,249.9318181818182,17,2024-12-06,2025-08-16,254,1.32
C04276,11,11,6,11,2743.4,249.4,16,2025-02-01,2026-05-17,471,0.71
C04556,11,11,5,10,2639.73,239.97545454545454,17,2024-12-24,2026-02-16,420,0.8
C04219,11,11,6,11,2619.21,238.11,21,2024-12-10,2026-04-28,505,0.66
C01111,11,11,6,11,2592.26,235.66000000000003,14,2025-01-05,2026-04-05,456,0.73
C04854,11,11,5,9,2588.18,235.2890909090909,12,2024-12-21,2026-04-04,470,0.71
C04919,11,11,6,9,2580.39,234.58090909090907,20,2025-03-30,2026-01-20,297,1.13
C04605,11,11,5,10,2566.51,233.31909090909093,21,2025-02-04,2026-04-30,451,0.74
C00709,11,11,8,11,2557.3199999999997,232.48363636363635,22,2025-01-21,2026-04-08,443,0.76
C01059,11,11,6,10,2483.16,225.74181818181816,26,2025-02-18,2026-03-09,385,0.87
C02261,11,11,5,10,2466.06,224.18727272727273,11,2025-01-22,2025-10-28,280,1.2
C00421,11,11,6,11,2440.4300000000003,221.85727272727274,15,2025-01-13,2026-04-21,464,0.72
C00485,11,11,6,9,2424.78,220.43454545454549,20,2024-12-11,2026-05-10,516,0.65
C01946,11,11,6,10,2420.09,220.00818181818184,16,2025-01-20,2026-04-09,445,0.75
C02972,11,11,6,9,2407.16,218.83272727272725,21,2024-12-11,2026-02-27,444,0.75
C00148,11,11,6,9,2373.23,215.74818181818182,20,2025-03-20,2026-02-10,328,1.02
C00247,11,11,6,10,2372.2200000000003,215.65636363636366,14,2025-03-05,2026-04-02,394,0.85
C00274,11,11,6,10,2364.34,214.94000000000003,18,2025-03-10,2026-01-18,315,1.06
C02649,11,11,6,10,2353.39,213.94454545454545,18,2024-12-22,2026-04-15,480,0.7
C04874,11,11,8,10,2337.06,212.46,27,2025-01-08,2026-03-23,440,0.76
C03233,11,11,6,9,2307.81,209.80090909090907,18,2024-12-30,2026-02-04,402,0.83
C04200,11,11,5,10,2289.39,208.12636363636364,17,2024-12-09,2026-05-17,525,0.64
C02868,11,11,4,8,2271.47,206.4972727272727,16,2025-01-10,2026-04-06,452,0.74
C00780,11,11,7,10,2253.46,204.86,19,2025-03-01,2026-03-23,388,0.86
C00858,11,11,7,10,2203.54,200.32181818181817,18,2025-03-18,2026-01-15,304,1.1
C02823,11,11,7,10,2152.3599999999997,195.66909090909087,17,2025-01-08,2026-04-20,468,0.72
C00531,11,11,6,10,2107.12,191.5563636363636,15,2025-01-20,2026-04-18,454,0.74
C03232,11,11,5,9,2089.23,189.93,16,2025-01-19,2026-04-19,456,0.73
C04072,11,11,7,9,2069.08,188.0981818181818,13,2025-01-03,2026-03-15,437,0.77
C02270,11,11,5,10,2065.14,187.73999999999998,21,2024-12-29,2026-03-17,444,0.75
C04309,11,11,7,10,2062.36,187.48727272727274,20,2025-03-11,2026-04-03,389,0.86
C03710,11,11,7,9,2042.44,185.67636363636365,14,2024-12-23,2026-05-01,495,0.68
C02800,11,11,7,11,2034.8400000000001,184.98545454545456,12,2025-02-03,2026-03-25,416,0.8
C02656,11,11,6,8,2030.15,184.5590909090909,18,2025-01-15,2026-05-03,474,0.71
C01271,11,11,6,10,2028.54,184.41272727272727,16,2025-01-10,2026-03-19,434,0.77
C04724,11,11,7,10,2021.92,183.8109090909091,19,2024-12-15,2026-03-25,466,0.72
C01182,11,11,6,9,2004.41,182.2190909090909,17,2025-01-30,2026-05-16,472,0.71
C01006,11,11,5,9,1970.83,179.16636363636363,16,2024-12-10,2025-05-27,169,1.98
C00599,11,11,7,11,1947.93,177.08454545454546,20,2024-12-24,2026-03-27,459,0.73
C01092,11,11,6,10,1938.6,176.23636363636362,19,2024-12-25,2025-10-23,303,1.11
C02110,11,11,7,9,1925.24,175.0218181818182,20,2025-02-18,2026-04-19,426,0.79
C02721,11,11,7,10,1925.08,175.00727272727272,15,2025-03-28,2026-03-15,353,0.95
C00867,11,11,7,10,1921.1100000000001,174.64636363636365,19,2025-01-03,2026-02-17,411,0.81
C02073,11,11,5,9,1920.01,174.54636363636362,19,2024-12-15,2025-09-09,269,1.24
C03615,11,11,4,9,1906.14,173.28545454545454,21,2025-02-16,2026-05-03,442,0.76
C00900,11,11,5,8,1873.8899999999999,170.35363636363635,15,2024-12-10,2025-11-26,352,0.95
C01135,11,11,6,9,1860.0700000000002,169.09727272727275,19,2024-12-25,2026-05-07,499,0.67
C03679,11,11,7,10,1836.2700000000002,166.9336363636364,15,2024-12-12,2025-04-23,133,2.52
C02468,11,11,6,10,1834.67,166.7881818181818,16,2025-02-15,2026-04-09,419,0.8
C03914,11,11,8,10,1811.83,164.7118181818182,15,2024-12-09,2025-09-21,287,1.17
C03156,11,11,5,10,1797.3700000000001,163.39727272727274,17,2024-12-10,2026-01-16,403,0.83
C00154,11,11,7,11,1793.07,163.00636363636363,19,2025-02-27,2026-05-22,450,0.74
C00374,11,11,7,10,1761.59,160.14454545454544,18,2024-12-20,2025-06-21,184,1.82
C03364,11,11,7,10,1751.12,159.19272727272727,16,2025-03-09,2026-03-28,385,0.87
C04626,11,11,5,9,1741.24,158.29454545454544,15,2025-01-01,2026-01-27,392,0.85
C02085,11,11,7,9,1725.31,156.84636363636363,13,2025-01-22,2026-02-05,380,0.88
C01897,11,11,6,10,1698.04,154.36727272727273,14,2025-05-29,2026-01-19,236,1.42
C00409,11,11,7,10,1697.71,154.33727272727273,17,2025-02-02,2026-01-29,362,0.92
C03919,11,11,5,11,1697.69,154.33545454545455,16,2024-12-29,2026-04-10,468,0.72
C03977,11,11,7,11,1686.74,153.34,14,2025-01-24,2025-10-01,251,1.33
C01575,11,11,6,9,1670.4,151.85454545454547,15,2025-02-03,2026-05-13,465,0.72
C01724,11,11,6,11,1666.58,151.50727272727272,22,2025-01-04,2026-03-17,438,0.76
C04811,11,11,7,11,1660.25,150.9318181818182,16,2025-02-02,2026-01-05,338,0.99
C00842,11,11,6,9,1654.3799999999999,150.3981818181818,13,2025-02-14,2025-12-29,319,1.05
C01859,11,11,7,10,1647.2,149.74545454545455,16,2025-02-05,2025-11-19,288,1.16
C00816,11,11,6,10,1622.47,147.49727272727273,22,2024-12-12,2026-03-03,447,0.75
C00047,11,11,6,10,1613.95,146.72272727272727,20,2024-12-23,2025-09-30,282,1.19
C02676,11,11,6,10,1603.37,145.76090909090908,14,2025-02-21,2026-02-08,353,0.95
C00170,11,11,6,10,1600.74,145.5218181818182,18,2025-01-03,2026-03-05,427,0.78
C02695,11,11,7,10,1598.22,145.29272727272726,17,2025-03-26,2026-04-07,378,0.89
C02163,11,11,5,10,1585.32,144.12,19,2025-01-01,2025-11-21,325,1.03
C03717,11,11,7,11,1578.46,143.49636363636364,15,2024-12-15,2026-02-16,429,0.78
C03162,11,11,6,8,1559.7,141.79090909090908,14,2025-01-26,2026-05-05,465,0.72
C00393,11,11,7,10,1555.6200000000001,141.42000000000002,16,2025-01-25,2026-03-29,429,0.78
C04887,11,11,7,10,1550.75,140.97727272727272,19,2025-02-26,2026-05-24,453,0.74
C00347,11,11,6,8,1540.66,140.06,12,2024-12-21,2025-12-25,370,0.9
C04861,11,11,5,9,1502.85,136.62272727272727,16,2025-01-24,2026-04-02,434,0.77
C02985,11,11,6,11,1481.82,134.7109090909091,17,2024-12-21,2026-02-17,424,0.79
C02752,11,11,6,9,1481.8,134.70909090909092,15,2025-01-07,2025-10-11,278,1.2
C00428,11,11,5,11,1481.0,134.63636363636363,14,2024-12-12,2026-02-02,418,0.8
C02425,11,11,7,10,1479.5700000000002,134.50636363636366,15,2025-01-26,2026-04-16,446,0.75
C00365,11,11,5,9,1466.13,133.28454545454545,17,2025-05-11,2026-01-20,255,1.31
C03152,11,11,6,11,1459.62,132.69272727272727,20,2025-01-08,2026-05-08,486,0.69
C03058,11,11,5,9,1454.46,132.22363636363636,14,2025-01-30,2026-06-01,488,0.69
C00762,11,11,6,9,1450.8,131.89090909090908,16,2024-12-26,2026-05-29,520,0.64
C01406,11,11,6,9,1448.92,131.72,16,2024-12-17,2026-01-29,409,0.82
C04458,11,11,7,10,1448.47,131.67909090909092,15,2024-12-26,2026-04-19,480,0.7
C02225,11,11,7,11,1434.15,130.37727272727273,13,2025-01-07,2026-01-07,366,0.91
C00806,11,11,7,9,1420.2399999999998,129.11272727272726,16,2025-02-15,2026-04-07,417,0.8
C01522,11,11,5,10,1407.23,127.93,14,2025-04-06,2026-03-07,336,1.0
C03601,11,11,6,11,1406.87,127.89727272727272,18,2025-01-24,2025-08-03,192,1.74
C01333,11,11,4,7,1396.3600000000001,126.94181818181819,19,2025-01-11,2026-03-04,418,0.8
C02523,11,11,5,8,1394.68,126.78909090909092,20,2024-12-11,2026-02-03,420,0.8
C04283,11,11,7,11,1394.6,126.78181818181817,19,2024-12-06,2026-05-16,527,0.64
C04271,11,11,5,10,1393.51,126.68272727272728,13,2025-02-22,2026-05-14,447,0.75
C04071,11,11,6,10,1386.37,126.03363636363635,17,2024-12-29,2025-09-10,256,1.31
C01807,11,11,6,9,1384.56,125.8690909090909,12,2024-12-05,2026-05-17,529,0.63
C01334,11,11,7,10,1378.85,125.35,19,2025-01-13,2026-02-23,407,0.82
C04560,11,11,7,11,1361.53,123.77545454545454,17,2024-12-18,2025-11-26,344,0.97
C01885,11,11,7,11,1345.03,122.27545454545454,21,2024-12-05,2025-10-20,320,1.05
C01648,11,11,7,10,1344.56,122.23272727272727,14,2025-01-03,2026-01-18,381,0.88
C01432,11,11,6,10,1343.4,122.12727272727274,12,2025-01-28,2026-02-11,380,0.88
C01550,11,11,7,9,1338.0100000000002,121.63727272727274,16,2024-12-20,2025-11-21,337,0.99
C03653,11,11,6,10,1333.96,121.2690909090909,14,2024-12-06,2025-10-30,329,1.02
C01018,11,11,5,10,1307.78,118.88909090909091,18,2025-02-02,2026-05-30,483,0.69
C02411,11,11,7,10,1305.93,118.7209090909091,14,2025-04-14,2025-12-27,258,1.3
C03688,11,11,6,8,1304.76,118.61454545454545,16,2024-12-14,2026-04-27,500,0.67
C03445,11,11,8,10,1298.07,118.00636363636363,13,2025-01-13,2026-03-20,432,0.78
C01313,11,11,6,10,1291.75,117.43181818181819,15,2024-12-13,2025-11-19,342,0.98
C02314,11,11,7,11,1277.45,116.13181818181819,15,2025-01-02,2025-10-11,283,1.18
C04494,11,11,6,8,1273.68,115.78909090909092,22,2025-01-24,2026-03-07,408,0.82
C00099,11,11,5,10,1256.83,114.25727272727272,16,2025-04-08,2026-04-28,386,0.87
C04324,11,11,7,11,1234.92,112.26545454545455,15,2025-02-01,2026-05-30,484,0.69
C03431,11,11,6,9,1226.59,111.50818181818181,13,2025-01-18,2026-02-12,391,0.86
C04063,11,11,5,10,1225.48,111.40727272727273,15,2025-02-15,2026-06-01,472,0.71
C04275,11,11,6,10,1219.82,110.89272727272727,17,2024-12-27,2025-12-04,343,0.98
C04293,11,11,6,9,1188.6,108.05454545454545,14,2025-03-07,2026-04-28,418,0.8
C02643,11,11,5,9,1186.43,107.85727272727273,15,2025-01-01,2025-11-29,333,1.01
C04163,11,11,6,10,1159.3899999999999,105.3990909090909,16,2024-12-12,2026-01-13,398,0.84
C03487,11,11,6,9,1156.29,105.11727272727272,14,2025-01-14,2026-03-11,422,0.79
C03883,11,11,5,10,1145.03,104.09363636363636,11,2024-12-05,2026-01-29,421,0.8
C04996,11,11,6,10,1144.53,104.04818181818182,19,2024-12-14,2025-10-06,297,1.13
C04472,11,11,6,9,1142.5500000000002,103.86818181818184,15,2024-12-05,2025-10-05,305,1.1
C03975,11,11,5,9,1139.19,103.56272727272727,15,2025-01-05,2026-05-06,487,0.69
C02534,11,11,6,9,1135.19,103.19909090909091,15,2025-01-19,2026-03-02,408,0.82
C02983,11,11,6,11,1128.07,102.55181818181818,15,2025-02-08,2026-02-20,378,0.89
C04027,11,11,6,10,1116.15,101.46818181818183,14,2025-01-02,2026-05-22,506,0.66
C00832,11,11,7,9,1104.6599999999999,100.42363636363635,13,2025-01-02,2026-02-25,420,0.8
C00254,11,11,6,10,1082.02,98.36545454545454,15,2025-01-26,2025-09-25,243,1.38
C03563,11,11,6,10,1067.58,97.05272727272727,12,2025-01-29,2026-02-09,377,0.89
C00175,11,11,5,9,1060.24,96.38545454545455,16,2024-12-06,2026-04-08,489,0.68
C02136,11,11,5,9,1054.89,95.89909090909092,16,2025-05-23,2026-03-19,301,1.11
C00903,11,11,5,7,1053.79,95.7990909090909,16,2024-12-12,2026-05-05,510,0.66
C02271,11,11,7,10,1034.78,94.07090909090908,11,2025-04-18,2026-05-09,387,0.87
C03171,11,11,7,10,1031.42,93.76545454545455,13,2025-02-08,2026-05-05,452,0.74
C00589,11,11,7,10,1016.98,92.45272727272727,15,2024-12-07,2025-09-24,292,1.15
C03816,11,11,6,8,995.7800000000001,90.52545454545455,14,2024-12-11,2025-07-31,233,1.44
C00751,11,11,7,9,995.61,90.51,13,2024-12-05,2025-08-10,249,1.34
C04539,11,11,7,10,952.6,86.60000000000001,15,2024-12-04,2026-04-09,492,0.68
C02578,11,11,7,10,948.02,86.18363636363637,13,2024-12-24,2026-05-04,497,0.67
C04986,11,11,7,9,937.8100000000001,85.25545454545455,13,2024-12-12,2025-06-30,201,1.67
C00496,11,11,6,10,914.78,83.16181818181818,16,2025-06-20,2026-04-30,315,1.06
C00682,11,11,6,10,913.13,83.01181818181819,13,2024-12-26,2025-11-04,314,1.07
C03995,11,11,5,9,893.17,81.19727272727272,15,2025-01-01,2025-09-26,269,1.24
C00981,11,11,4,10,883.21,80.29181818181819,14,2025-01-24,2026-04-24,456,0.73
C00645,11,11,5,10,840.22,76.38363636363637,14,2025-02-13,2026-05-07,449,0.75
C04772,11,11,5,7,832.4200000000001,75.67454545454547,15,2024-12-28,2025-11-05,313,1.07
C02312,11,11,5,9,831.01,75.54636363636364,11,2024-12-15,2026-04-03,475,0.7
C00843,11,11,6,10,820.2099999999999,74.56454545454545,12,2024-12-22,2026-05-20,515,0.65
C03272,11,11,7,11,818.69,74.42636363636365,13,2025-02-02,2026-04-30,453,0.74
C04565,11,11,5,9,812.11,73.82818181818182,15,2024-12-31,2026-05-12,498,0.67
C00434,11,11,5,11,786.46,71.49636363636364,15,2025-02-24,2026-02-13,355,0.94
C00068,11,11,6,10,785.74,71.4309090909091,16,2024-12-18,2025-11-19,337,0.99
C03868,11,11,6,11,774.17,70.3790909090909,16,2024-12-22,2025-07-15,206,1.63
C04875,11,11,4,8,771.23,70.11181818181818,16,2024-12-11,2026-05-09,515,0.65
C02849,11,11,5,11,751.56,68.32363636363635,16,2025-06-16,2026-03-01,259,1.29
C03936,11,11,5,11,747.02,67.91090909090909,15,2025-01-06,2025-11-11,310,1.08
C04769,11,11,7,11,734.36,66.76,17,2024-12-11,2025-12-18,373,0.9
C01605,11,11,6,8,717.94,65.26727272727273,14,2024-12-08,2025-12-31,389,0.86
C02617,11,11,6,10,704.5600000000001,64.0509090909091,17,2024-12-23,2025-09-03,255,1.31
C00484,11,11,6,9,664.27,60.38818181818181,14,2024-12-13,2025-09-14,276,1.21
C04845,11,11,6,9,593.01,53.91,16,2024-12-20,2025-08-17,241,1.39
C02300,11,11,5,9,427.97,38.906363636363636,14,2025-01-19,2026-02-10,388,0.86
C01125,10,10,5,9,9349.949999999999,934.9949999999999,23,2025-05-09,2026-04-26,353,0.86
C01828,10,10,6,8,8573.31,857.3309999999999,20,2025-02-19,2026-05-25,461,0.66
C00322,10,10,5,8,8257.619999999999,825.762,20,2025-02-26,2026-01-10,319,0.95
C00651,10,10,5,9,8248.91,824.891,19,2025-03-30,2026-05-23,420,0.72
C00678,10,10,5,9,8130.629999999999,813.0629999999999,21,2025-02-18,2026-02-25,373,0.82
C02415,10,10,5,9,8096.93,809.693,26,2025-06-25,2026-04-30,310,0.98
C01358,10,10,5,7,7722.4800000000005,772.248,22,2025-03-14,2026-03-25,377,0.81
C02900,10,10,6,9,7128.69,712.8689999999999,16,2025-05-10,2026-03-31,326,0.93
C01808,10,10,5,9,7064.379999999999,706.4379999999999,25,2025-04-12,2026-05-27,411,0.74
C04517,10,10,5,9,6773.620000000001,677.3620000000001,15,2025-03-19,2026-03-30,377,0.81
C01038,10,10,6,9,6751.13,675.113,23,2025-03-17,2026-05-20,430,0.71
C00471,10,10,6,9,6728.11,672.8109999999999,19,2025-05-18,2025-12-20,217,1.4
C02603,10,10,4,9,5679.65,567.9649999999999,21,2025-04-14,2026-02-02,295,1.03
C01347,10,10,3,6,5667.25,566.725,20,2025-04-21,2026-05-17,392,0.78
C02319,10,10,7,9,5595.11,559.511,29,2025-03-05,2026-04-05,397,0.77
C00232,10,10,4,6,5504.35,550.4350000000001,19,2025-03-13,2026-03-25,378,0.81
C02613,10,10,5,8,5266.700000000001,526.6700000000001,17,2025-03-01,2026-03-16,381,0.8
C02380,10,10,5,9,4671.86,467.186,19,2024-12-29,2026-03-13,440,0.69
C04277,10,10,6,10,4527.69,452.76899999999995,16,2025-01-11,2026-02-13,399,0.76
C00724,10,10,5,9,4387.53,438.753,16,2025-03-07,2026-02-06,337,0.9
C04650,10,10,5,8,4375.6900000000005,437.5690000000001,23,2025-03-04,2026-03-10,372,0.82
C01039,10,10,5,9,4082.79,408.279,21,2025-03-06,2026-03-10,370,0.82
C02304,10,10,5,9,4082.7,408.27,20,2025-07-28,2026-04-03,250,1.22
C00324,10,10,6,9,3987.39,398.739,18,2025-03-02,2026-05-16,441,0.69
C02652,10,10,5,8,3755.5,375.55,20,2025-02-10,2026-03-25,409,0.74
C04765,10,10,6,8,3625.81,362.581,18,2025-03-14,2026-02-16,340,0.9
C01627,10,10,5,10,3623.4300000000003,362.343,19,2025-01-28,2025-08-24,209,1.46
C00390,10,10,7,9,3602.27,360.227,17,2025-02-10,2025-12-05,299,1.02
C04691,10,10,6,10,3594.44,359.444,24,2025-03-31,2026-04-06,372,0.82
C04754,10,10,6,9,3524.9300000000003,352.49300000000005,17,2025-01-25,2026-03-24,424,0.72
C03314,10,10,6,10,3453.2400000000002,345.324,19,2025-01-22,2026-03-09,412,0.74
C00507,10,10,5,9,3383.51,338.351,18,2024-12-15,2025-07-27,225,1.35
C02861,10,10,6,9,3359.1899999999996,335.919,18,2025-03-10,2026-04-03,390,0.78
C01169,10,10,6,9,3192.07,319.207,15,2024-12-13,2026-03-13,456,0.67
C01911,10,10,5,8,3140.8900000000003,314.08900000000006,12,2025-02-18,2026-04-25,432,0.7
C00345,10,10,6,9,2932.01,293.201,18,2025-02-09,2026-01-26,352,0.86
C01709,10,10,7,9,2899.55,289.95500000000004,13,2025-01-30,2026-03-08,403,0.76
C02496,10,10,7,9,2780.26,278.026,18,2025-02-14,2026-03-30,410,0.74
C00864,10,10,5,9,2750.98,275.098,17,2025-02-15,2026-03-31,410,0.74
C04726,10,10,6,9,2667.59,266.759,17,2024-12-06,2025-10-31,330,0.92
C00439,10,10,4,8,2666.67,266.66700000000003,13,2025-03-16,2026-01-12,303,1.0
C01147,10,10,6,9,2591.14,259.114,15,2024-12-23,2026-02-23,428,0.71
C04287,10,10,5,8,2559.61,255.961,13,2025-01-18,2026-04-08,446,0.68
C03180,10,10,7,10,2483.46,248.346,14,2024-12-17,2026-04-24,494,0.62
C03500,10,10,5,9,2451.91,245.19099999999997,14,2025-01-31,2026-04-08,433,0.7
C01323,10,10,7,10,2377.8,237.78000000000003,15,2024-12-08,2026-05-08,517,0.59
C03360,10,10,6,10,2355.89,235.589,15,2025-02-06,2026-02-19,379,0.8
C01649,10,10,6,10,2344.08,234.408,19,2025-01-01,2026-03-04,428,0.71
C03812,10,10,5,8,2329.36,232.936,15,2025-03-16,2026-05-23,434,0.7
C03410,10,10,6,9,2314.7,231.46999999999997,19,2025-01-19,2025-10-20,275,1.11
C00102,10,10,6,8,2277.6600000000003,227.76600000000002,12,2025-03-04,2026-04-15,408,0.75
C02029,10,10,6,9,2268.58,226.858,16,2025-03-02,2026-05-05,430,0.71
C02783,10,10,5,10,2257.51,225.75100000000003,19,2025-02-24,2025-12-02,282,1.08
C02945,10,10,6,10,2171.69,217.169,21,2024-12-19,2025-09-05,261,1.17
C03166,10,10,5,8,2159.12,215.91199999999998,14,2024-12-28,2025-12-18,356,0.86
C00947,10,10,5,7,2158.4300000000003,215.84300000000002,19,2025-01-25,2025-11-19,299,1.02
C00769,10,10,6,9,2139.42,213.942,16,2024-12-05,2026-03-05,456,0.67
C04668,10,10,7,10,2104.87,210.487,18,2025-04-10,2025-11-11,216,1.41
C04503,10,10,6,10,2089.51,208.95100000000002,18,2025-01-26,2026-02-17,388,0.78
C03028,10,10,7,10,2087.8,208.78000000000003,15,2025-01-13,2026-03-24,436,0.7
C03371,10,10,6,10,2068.64,206.86399999999998,15,2025-02-21,2026-03-09,382,0.8
C04537,10,10,7,10,2062.31,206.231,17,2024-12-28,2026-04-09,468,0.65
C03714,10,10,6,9,2056.71,205.671,17,2024-12-17,2025-10-27,315,0.97
C03494,10,10,6,9,2056.05,205.60500000000002,14,2024-12-11,2026-03-09,454,0.67
C04437,10,10,6,9,2044.75,204.475,12,2025-01-24,2026-05-12,474,0.64
C02814,10,10,7,8,2033.8,203.38,15,2025-03-28,2026-05-18,417,0.73
C03117,10,10,5,8,2028.5499999999997,202.85499999999996,14,2025-03-14,2026-04-04,387,0.79
C01027,10,10,6,8,2023.82,202.382,15,2024-12-06,2026-04-29,510,0.6
C03633,10,10,7,10,2021.99,202.199,16,2024-12-17,2026-02-27,438,0.69
C01716,10,10,5,10,2004.4299999999998,200.44299999999998,11,2025-02-05,2025-07-29,175,1.74
C02715,10,10,6,9,1981.58,198.158,17,2025-02-09,2026-05-13,459,0.66
C00674,10,10,5,8,1948.0,194.8,15,2025-01-25,2026-03-14,414,0.74
C02211,10,10,5,9,1932.1000000000001,193.21,14,2025-03-01,2025-10-12,226,1.35
C01379,10,10,6,10,1928.25,192.825,10,2025-03-07,2026-02-20,351,0.87
C01915,10,10,6,8,1926.88,192.68800000000002,20,2024-12-08,2026-03-06,454,0.67
C04059,10,10,6,10,1926.8400000000001,192.68400000000003,16,2024-12-04,2025-07-27,236,1.29
C00059,10,10,6,9,1915.76,191.576,14,2024-12-21,2026-04-30,496,0.61
C03147,10,10,7,10,1910.46,191.046,15,2025-01-23,2026-05-17,480,0.63
C01415,10,10,7,10,1904.7099999999998,190.47099999999998,17,2024-12-16,2026-04-23,494,0.62
C03275,10,10,6,10,1879.3600000000001,187.936,15,2025-01-20,2026-04-28,464,0.66
C02198,10,10,6,8,1873.4900000000002,187.34900000000002,14,2025-04-13,2026-04-28,381,0.8
C00566,10,10,5,6,1872.22,187.222,15,2025-01-10,2026-05-10,486,0.63
C00532,10,10,7,9,1861.6200000000001,186.162,18,2025-03-25,2026-05-05,407,0.75
C02309,10,10,6,10,1854.0900000000001,185.40900000000002,14,2025-03-29,2026-04-19,387,0.79
C02392,10,10,6,9,1840.94,184.094,14,2025-01-29,2026-03-18,414,0.74
C00862,10,10,6,9,1828.54,182.85399999999998,15,2025-04-10,2026-01-06,272,1.12
C03567,10,10,4,9,1828.4,182.84,21,2025-01-24,2026-04-30,462,0.66
C03726,10,10,5,10,1812.23,181.223,16,2025-03-13,2026-03-07,360,0.85
C04319,10,10,6,9,1794.8600000000001,179.48600000000002,20,2024-12-12,2026-03-08,452,0.67
C04530,10,10,5,8,1782.04,178.204,17,2025-03-12,2026-05-07,422,0.72
C04588,10,10,5,7,1777.74,177.774,14,2025-02-27,2026-02-01,340,0.9
C02545,10,10,6,9,1773.07,177.307,18,2025-02-04,2026-04-08,429,0.71
C04636,10,10,6,9,1772.46,177.246,13,2024-12-04,2026-01-03,396,0.77
C02129,10,10,5,9,1722.78,172.278,14,2025-01-10,2026-05-23,499,0.61
C02451,10,10,4,8,1717.43,171.743,18,2024-12-11,2025-10-28,322,0.95
C00423,10,10,5,8,1709.63,170.96300000000002,18,2024-12-19,2026-05-27,525,0.58
C04910,10,10,4,8,1704.41,170.441,13,2024-12-23,2025-08-01,222,1.37
C00691,10,10,7,9,1691.3300000000002,169.133,15,2025-03-26,2025-08-04,132,2.31
C01876,10,10,5,9,1691.12,169.112,16,2025-01-24,2026-01-10,352,0.86
C01352,10,10,6,9,1666.19,166.619,18,2024-12-19,2026-03-25,462,0.66
C02143,10,10,6,9,1657.22,165.722,17,2025-04-11,2026-03-04,328,0.93
C01852,10,10,6,7,1653.14,165.31400000000002,13,2025-01-12,2026-03-01,414,0.74
C03997,10,10,5,8,1649.78,164.978,17,2025-03-08,2026-04-23,412,0.74
C02756,10,10,7,10,1649.12,164.91199999999998,14,2025-03-09,2026-03-26,383,0.79
C04270,10,10,6,9,1641.56,164.156,14,2025-02-01,2026-04-01,425,0.72
C00717,10,10,6,8,1630.1699999999998,163.017,17,2025-02-02,2026-04-19,442,0.69
C01298,10,10,7,8,1601.53,160.153,15,2024-12-10,2026-04-04,481,0.63
C01740,10,10,7,10,1583.77,158.377,18,2025-01-10,2026-01-09,365,0.83
C03174,10,10,6,9,1574.26,157.426,15,2025-03-09,2026-03-01,358,0.85
C03473,10,10,6,9,1555.4299999999998,155.54299999999998,17,2024-12-15,2026-02-16,429,0.71
C00452,10,10,6,8,1549.01,154.901,22,2025-03-10,2026-03-26,382,0.8
C02725,10,10,5,9,1541.08,154.108,13,2024-12-25,2026-05-19,511,0.6
C00915,10,10,7,10,1531.3600000000001,153.13600000000002,14,2025-02-07,2026-04-16,434,0.7
C03281,10,10,5,9,1529.47,152.947,13,2025-01-30,2026-05-29,485,0.63
C04181,10,10,6,9,1519.9,151.99,14,2025-03-29,2026-05-14,412,0.74
C03566,10,10,8,8,1491.29,149.129,15,2024-12-26,2026-02-17,419,0.73
C02416,10,10,5,7,1485.66,148.566,15,2025-02-09,2026-05-24,470,0.65
C01100,10,10,6,10,1472.7,147.27,15,2024-12-23,2026-05-30,524,0.58
C04366,10,10,5,9,1469.67,146.967,20,2024-12-31,2026-05-01,487,0.63
C04442,10,10,6,9,1461.87,146.18699999999998,23,2024-12-11,2025-09-07,271,1.12
C00716,10,10,5,9,1461.49,146.149,23,2024-12-24,2026-01-14,387,0.79
C02742,10,10,5,8,1459.92,145.99200000000002,14,2025-04-27,2026-03-30,338,0.9
C04997,10,10,7,8,1457.49,145.749,16,2025-01-16,2026-01-28,378,0.81
C03229,10,10,5,8,1451.78,145.178,15,2024-12-17,2026-04-13,483,0.63
C01353,10,10,7,9,1445.74,144.574,11,2024-12-13,2025-08-10,241,1.26
C02009,10,10,4,8,1435.77,143.577,17,2025-02-05,2026-03-10,399,0.76
C01928,10,10,6,9,1433.89,143.389,17,2024-12-31,2026-03-31,456,0.67
C02139,10,10,6,10,1427.23,142.723,18,2025-01-27,2026-05-27,486,0.63
C00811,10,10,6,10,1421.18,142.118,13,2024-12-12,2026-04-27,502,0.61
C00970,10,10,5,10,1420.69,142.06900000000002,12,2024-12-30,2026-04-22,479,0.64
C03409,10,10,6,9,1394.08,139.408,15,2025-04-08,2026-03-19,346,0.88
C00427,10,10,7,9,1376.35,137.635,18,2024-12-09,2025-07-09,213,1.43
C04780,10,10,5,9,1372.07,137.207,15,2025-04-03,2026-04-25,388,0.78
C04265,10,10,5,8,1364.97,136.497,15,2025-03-16,2026-02-01,323,0.94
C03091,10,10,7,10,1360.86,136.08599999999998,14,2025-01-23,2026-03-29,431,0.71
C00405,10,10,5,9,1355.92,135.592,16,2025-01-28,2026-04-13,441,0.69
C00653,10,10,6,9,1350.12,135.012,15,2024-12-20,2026-03-17,453,0.67
C02265,10,10,6,10,1341.51,134.151,12,2025-02-06,2026-03-06,394,0.77
C03958,10,10,6,9,1340.98,134.098,13,2025-03-18,2026-03-27,375,0.81
C00612,10,10,6,9,1333.9099999999999,133.391,17,2024-12-18,2026-03-02,440,0.69
C02959,10,10,7,9,1331.95,133.195,13,2024-12-12,2025-10-11,304,1.0
C02532,10,10,6,8,1329.43,132.943,17,2025-01-11,2026-04-20,465,0.65
C03541,10,10,6,9,1326.8600000000001,132.686,15,2025-01-31,2026-03-17,411,0.74
C02579,10,10,6,9,1315.23,131.523,15,2025-01-10,2026-04-12,458,0.66
C00033,10,10,6,8,1314.25,131.425,15,2024-12-29,2025-09-14,260,1.17
C00493,10,10,4,9,1313.25,131.325,18,2025-01-23,2026-03-26,428,0.71
C00564,10,10,6,10,1309.36,130.93599999999998,14,2025-02-26,2026-04-28,427,0.71
C01765,10,10,5,9,1307.84,130.784,16,2025-01-15,2026-04-25,466,0.65
C02788,10,10,6,9,1300.68,130.068,12,2025-02-19,2026-02-26,373,0.82
C01925,10,10,5,8,1296.8,129.68,18,2024-12-23,2025-10-17,299,1.02
C01526,10,10,7,9,1290.76,129.076,13,2024-12-05,2026-02-01,424,0.72
C01152,10,10,5,9,1287.55,128.755,10,2024-12-27,2026-01-22,392,0.78
C00335,10,10,5,8,1285.94,128.594,15,2025-04-16,2026-05-30,410,0.74
C03961,10,10,6,9,1284.98,128.498,19,2024-12-26,2026-02-01,403,0.76
C00958,10,10,5,10,1271.1399999999999,127.11399999999999,17,2025-01-19,2026-05-12,479,0.64
C02731,10,10,6,9,1266.72,126.672,14,2025-01-26,2026-04-14,444,0.69
C01764,10,10,7,10,1241.71,124.171,18,2024-12-11,2026-05-28,534,0.57
C02456,10,10,6,9,1237.06,123.70599999999999,14,2025-01-04,2026-02-02,395,0.77
C03838,10,10,7,9,1232.44,123.244,15,2024-12-14,2026-05-22,525,0.58
C02704,10,10,6,10,1229.28,122.928,11,2025-02-22,2026-05-04,437,0.7
C03778,10,10,5,8,1221.74,122.174,13,2024-12-14,2026-01-01,384,0.79
C03675,10,10,6,9,1215.89,121.58900000000001,16,2025-03-04,2026-01-16,319,0.95
C03256,10,10,7,9,1214.44,121.444,13,2025-02-06,2026-03-13,401,0.76
C00135,10,10,5,10,1207.29,120.729,21,2025-02-19,2026-05-26,462,0.66
C03621,10,10,6,10,1206.77,120.67699999999999,18,2025-01-02,2025-11-17,320,0.95
C01460,10,10,5,8,1202.5700000000002,120.25700000000002,18,2025-01-10,2025-08-11,214,1.42
C01866,10,10,5,9,1198.99,119.899,16,2025-01-28,2026-02-09,378,0.81
C00813,10,10,6,10,1198.18,119.81800000000001,14,2025-01-01,2026-05-01,486,0.63
C02433,10,10,6,10,1189.54,118.954,14,2024-12-23,2026-04-04,468,0.65
C00781,10,10,6,9,1187.09,118.70899999999999,12,2025-01-27,2025-08-10,196,1.55
C03810,10,10,5,10,1172.4,117.24000000000001,12,2025-03-26,2026-01-05,286,1.06
C04540,10,10,6,9,1146.22,114.622,19,2024-12-11,2025-11-09,334,0.91
C01287,10,10,6,8,1145.49,114.549,10,2024-12-26,2026-01-23,394,0.77
C04087,10,10,5,8,1136.3,113.63,16,2024-12-18,2026-05-05,504,0.6
C01060,10,10,5,10,1130.18,113.018,13,2024-12-13,2026-02-04,419,0.73
C04676,10,10,6,10,1124.15,112.415,11,2025-01-09,2026-05-30,507,0.6
C03796,10,10,5,10,1123.49,112.349,20,2025-02-08,2026-02-26,384,0.79
C00793,10,10,5,10,1101.58,110.15799999999999,12,2024-12-09,2026-01-13,401,0.76
C02117,10,10,4,8,1094.34,109.434,15,2025-01-21,2025-11-14,298,1.02
C04766,10,10,4,7,1075.05,107.505,17,2024-12-08,2025-11-26,354,0.86
C02634,10,10,6,8,1069.56,106.95599999999999,11,2025-02-05,2026-01-31,361,0.84
C04395,10,10,6,8,1064.58,106.458,12,2024-12-13,2025-12-01,354,0.86
C02678,10,10,6,8,1054.81,105.481,12,2025-02-06,2026-03-15,403,0.76
C02307,10,10,5,7,1037.75,103.775,18,2025-01-13,2025-11-26,318,0.96
C00891,10,10,6,9,1026.63,102.66300000000001,20,2024-12-07,2025-06-21,197,1.55
C03996,10,10,6,7,1024.22,102.422,17,2024-12-16,2026-04-20,491,0.62
C01015,10,10,6,7,1023.22,102.322,16,2024-12-09,2025-11-02,329,0.93
C01555,10,10,4,8,1023.16,102.316,12,2024-12-24,2025-07-23,212,1.44
C04578,10,10,6,8,1007.9000000000001,100.79,14,2024-12-21,2026-03-26,461,0.66
C00932,10,10,6,9,996.89,99.689,13,2024-12-20,2025-11-10,326,0.93
C01559,10,10,7,8,995.13,99.513,11,2025-01-27,2026-01-07,346,0.88
C00846,10,10,6,9,984.51,98.451,14,2025-03-03,2025-11-14,257,1.18
C03074,10,10,5,8,982.73,98.273,13,2025-01-12,2026-03-09,422,0.72
C02353,10,10,6,9,958.87,95.887,14,2024-12-11,2025-10-09,303,1.0
C01286,10,10,6,9,939.39,93.939,19,2025-01-10,2026-05-17,493,0.62
C01325,10,10,6,8,938.8,93.88,14,2024-12-15,2025-10-10,300,1.01
C00582,10,10,5,9,934.47,93.447,14,2025-01-09,2026-03-27,443,0.69
C01194,10,10,5,8,929.25,92.925,18,2025-03-31,2026-02-01,308,0.99
C04533,10,10,5,8,928.7099999999999,92.871,13,2024-12-19,2026-01-27,405,0.75
C00206,10,10,5,9,924.39,92.439,15,2025-01-01,2025-11-11,315,0.97
C04642,10,10,5,9,918.9,91.89,15,2025-04-23,2026-05-26,399,0.76
C04572,10,10,5,8,910.54,91.054,13,2025-01-18,2026-04-20,458,0.66
C03758,10,10,4,6,903.6,90.36,20,2024-12-10,2025-11-17,343,0.89
C03189,10,10,5,7,880.19,88.019,14,2025-01-07,2026-03-22,440,0.69
C04259,10,10,5,8,874.06,87.40599999999999,17,2024-12-22,2026-03-06,440,0.69
C03241,10,10,6,9,870.8,87.08,18,2025-01-04,2026-04-16,468,0.65
C02876,10,10,5,9,867.5600000000001,86.756,11,2024-12-11,2025-08-20,253,1.2
C03484,10,10,8,10,856.29,85.62899999999999,11,2025-01-04,2026-03-28,449,0.68
C03164,10,10,7,9,853.29,85.329,10,2025-03-15,2026-05-06,418,0.73
C02369,10,10,4,8,842.4899999999999,84.249,15,2024-12-10,2025-06-22,195,1.56
C01871,10,10,5,7,840.8100000000001,84.081,10,2024-12-21,2025-12-05,350,0.87
C00855,10,10,6,9,836.6800000000001,83.668,13,2025-01-19,2025-08-30,224,1.36
C04197,10,10,6,9,836.24,83.624,14,2024-12-10,2026-03-02,448,0.68
C00562,10,10,5,10,832.1,83.21000000000001,12,2024-12-17,2025-07-08,204,1.49
C01396,10,10,7,10,825.55,82.55499999999999,15,2025-01-13,2026-04-14,457,0.67
C04404,10,10,7,10,825.18,82.518,11,2025-03-20,2025-09-10,175,1.74
C03191,10,10,6,9,822.68,82.268,13,2025-01-20,2025-09-08,232,1.31
C03818,10,10,6,8,797.1899999999999,79.719,14,2024-12-07,2026-01-02,392,0.78
C01119,10,10,6,9,774.41,77.441,14,2024-12-10,2025-12-20,376,0.81
C01075,10,10,5,9,771.85,77.185,14,2025-02-15,2026-04-02,412,0.74
C00701,10,10,6,9,767.75,76.775,11,2024-12-19,2025-04-09,112,2.72
C04135,10,10,5,7,760.6800000000001,76.06800000000001,13,2025-02-20,2026-04-11,416,0.73
C01853,10,10,6,9,756.3399999999999,75.63399999999999,11,2025-02-24,2025-12-12,292,1.04
C03964,10,10,5,10,754.0300000000001,75.403,15,2024-12-12,2025-10-18,311,0.98
C01242,10,10,6,10,752.58,75.25800000000001,14,2024-12-05,2025-08-07,246,1.24
C03840,10,10,4,7,749.65,74.965,14,2024-12-09,2025-08-07,242,1.26
C01625,10,10,7,9,743.97,74.397,12,2025-01-01,2025-08-17,229,1.33
C02419,10,10,6,10,727.1800000000001,72.718,11,2024-12-08,2026-05-03,512,0.59
C03285,10,10,6,9,723.15,72.315,15,2024-12-06,2025-08-17,255,1.19
C04473,10,10,6,9,718.69,71.869,14,2025-01-03,2026-04-15,468,0.65
C03869,10,10,5,10,711.03,71.103,15,2025-03-23,2026-01-27,311,0.98
C00340,10,10,5,8,670.89,67.089,12,2025-02-25,2025-11-27,276,1.1
C01499,10,10,5,10,670.78,67.078,15,2024-12-27,2025-06-16,172,1.77
C01276,10,10,6,10,650.89,65.089,14,2025-01-01,2026-02-22,418,0.73
C02902,10,10,6,7,606.5699999999999,60.657,13,2025-03-28,2026-01-15,294,1.04
C01237,10,10,6,9,601.9,60.19,17,2024-12-30,2025-11-20,326,0.93
C00772,10,10,6,9,600.21,60.021,12,2025-01-15,2025-12-21,341,0.89
C03887,10,10,6,10,594.74,59.474000000000004,12,2025-03-15,2026-05-07,419,0.73
C00459,10,10,5,9,593.04,59.303999999999995,16,2025-04-22,2026-01-26,280,1.09
C03747,10,10,6,9,591.51,59.150999999999996,18,2025-01-29,2025-12-06,312,0.98
C02206,10,10,6,9,581.62,58.162,14,2025-03-30,2026-02-16,324,0.94
C00449,10,10,5,7,581.21,58.121,11,2024-12-19,2026-04-19,487,0.63
C03846,10,10,6,9,576.72,57.672000000000004,16,2024-12-21,2026-01-30,406,0.75
C03228,10,10,4,10,570.19,57.019000000000005,18,2024-12-16,2025-12-21,371,0.82
C03771,10,10,5,7,565.5,56.55,15,2025-03-10,2026-01-11,308,0.99
C02409,10,10,5,8,530.96,53.096000000000004,12,2024-12-05,2025-06-01,179,1.7
C03915,10,10,4,10,495.94,49.594,11,2024-12-09,2025-09-02,268,1.14
C01588,10,10,6,8,450.1,45.010000000000005,10,2025-01-06,2026-01-13,373,0.82
C04162,10,10,5,7,425.2,42.519999999999996,11,2025-01-01,2025-12-26,360,0.85
C04279,10,10,6,9,374.53,37.452999999999996,11,2024-12-12,2025-10-03,296,1.03
C01516,10,10,3,6,358.56,35.856,12,2025-01-20,2025-09-28,252,1.21
C01209,10,10,5,8,328.11,32.811,14,2024-12-15,2025-08-20,249,1.22
C03295,9,9,5,6,8882.57,986.9522222222222,20,2025-04-01,2026-05-11,406,0.67
C00592,9,9,3,6,7708.82,856.5355555555556,19,2025-06-07,2026-04-23,321,0.85
C00250,9,9,4,6,6904.599999999999,767.1777777777777,20,2025-02-22,2026-05-19,452,0.61
C02477,9,9,6,8,6710.57,745.6188888888888,19,2025-06-17,2026-05-07,325,0.84
C04448,9,9,4,9,6306.58,700.7311111111111,18,2025-01-30,2026-04-05,431,0.64
C00740,9,9,5,8,6149.47,683.2744444444445,21,2025-01-05,2026-04-30,481,0.57
C03115,9,9,4,7,5842.549999999999,649.1722222222221,16,2025-03-05,2026-03-01,362,0.76
C01283,9,9,6,9,5449.91,605.5455555555556,18,2025-07-21,2026-05-17,301,0.91
C04798,9,9,5,7,5183.99,575.9988888888888,15,2025-02-22,2026-03-01,373,0.73
C02305,9,9,4,9,4766.13,529.57,17,2025-03-09,2026-04-07,395,0.69
C02626,9,9,4,7,4552.76,505.8622222222223,13,2025-04-12,2026-03-07,330,0.83
C02995,9,9,7,8,4238.02,470.8911111111112,21,2025-01-05,2026-04-03,454,0.6
C01833,9,9,5,7,4220.42,468.93555555555554,20,2025-06-25,2026-05-31,341,0.8
C04497,9,9,5,7,4218.38,468.7088888888889,12,2025-03-28,2025-12-04,252,1.09
C01942,9,9,5,7,4111.88,456.8755555555556,18,2025-01-04,2026-04-21,473,0.58
C00573,9,9,5,8,4093.79,454.86555555555555,17,2025-04-29,2026-04-20,357,0.77
C01809,9,9,6,8,3951.94,439.1044444444444,17,2025-04-09,2026-04-09,366,0.75
C04176,9,9,6,9,3837.79,426.4211111111111,13,2025-01-28,2026-01-22,360,0.76
C01849,9,9,5,8,3662.5099999999998,406.94555555555553,12,2025-03-29,2026-05-02,400,0.68
C03811,9,9,6,7,3626.1400000000003,402.9044444444445,13,2025-04-06,2026-05-12,402,0.68
C02914,9,9,5,8,3622.1400000000003,402.46000000000004,11,2025-02-07,2026-02-28,387,0.71
C02494,9,9,7,9,3549.39,394.37666666666667,18,2024-12-12,2026-03-29,473,0.58
C04991,9,9,4,7,3376.67,375.18555555555554,11,2025-01-28,2026-04-10,438,0.63
C02483,9,9,6,8,3363.0499999999997,373.6722222222222,19,2024-12-14,2026-04-06,479,0.57
C03066,9,9,6,8,3325.06,369.4511111111111,14,2025-05-07,2026-02-04,274,1.0
C01385,9,9,6,9,3151.5299999999997,350.16999999999996,14,2024-12-27,2026-02-24,425,0.64
C00177,9,9,5,8,3072.05,341.3388888888889,14,2025-02-12,2026-01-21,344,0.8
C04449,9,9,6,9,2889.53,321.05888888888893,16,2025-01-27,2026-02-24,394,0.7
C03930,9,9,5,9,2879.95,319.9944444444444,14,2025-04-21,2026-01-31,286,0.96
C01768,9,9,6,7,2813.9,312.65555555555557,11,2025-03-14,2026-05-29,442,0.62
C03780,9,9,4,6,2806.77,311.86333333333334,18,2025-02-18,2026-01-23,340,0.81
C02738,9,9,5,8,2763.78,307.0866666666667,13,2025-02-24,2026-04-04,405,0.68
C00370,9,9,5,7,2714.85,301.65,18,2025-02-16,2026-04-20,429,0.64
C01478,9,9,4,7,2669.3199999999997,296.5911111111111,13,2024-12-08,2025-12-10,368,0.74
C01887,9,9,5,8,2665.37,296.15222222222224,15,2024-12-24,2026-02-27,431,0.64
C01069,9,9,7,9,2624.73,291.63666666666666,15,2025-01-04,2026-04-09,461,0.59
C04155,9,9,5,7,2616.58,290.7311111111111,15,2025-03-16,2026-01-28,319,0.86
C04218,9,9,7,9,2582.56,286.9511111111111,17,2025-01-31,2026-05-24,479,0.57
C01541,9,9,4,7,2572.27,285.8077777777778,12,2025-03-02,2026-04-05,400,0.68
C02379,9,9,4,7,2564.35,284.92777777777775,12,2024-12-27,2026-06-03,524,0.52
C02331,9,9,5,8,2550.25,283.3611111111111,17,2024-12-24,2026-04-28,491,0.56
C02813,9,9,4,9,2543.12,282.56888888888886,13,2025-04-06,2026-03-02,331,0.83
C00992,9,9,6,9,2538.05,282.0055555555556,14,2025-03-29,2026-01-14,292,0.94
C01103,9,9,4,8,2529.23,281.02555555555557,13,2025-03-09,2026-04-24,412,0.66
C04580,9,9,5,7,2472.24,274.6933333333333,14,2024-12-21,2026-04-06,472,0.58
C04272,9,9,6,9,2466.44,274.0488888888889,14,2025-06-09,2026-03-07,272,1.01
C01163,9,9,4,7,2462.52,273.61333333333334,15,2025-02-13,2026-03-08,389,0.7
C02582,9,9,6,9,2451.4,272.3777777777778,13,2025-01-08,2026-04-14,462,0.59
C01456,9,9,5,7,2440.9,271.2111111111111,15,2024-12-12,2026-05-12,517,0.53
C02816,9,9,5,8,2432.25,270.25,14,2024-12-25,2026-03-15,446,0.61
C04666,9,9,6,8,2383.26,264.8066666666667,13,2025-03-03,2026-03-29,392,0.7
C01087,9,9,4,7,2382.71,264.74555555555554,12,2025-02-21,2026-04-27,431,0.64
C00139,9,9,6,8,2378.03,264.22555555555556,14,2024-12-14,2025-11-11,333,0.82
C01612,9,9,7,9,2360.49,262.27666666666664,13,2025-05-12,2026-04-30,354,0.77
C01036,9,9,6,9,2357.48,261.9422222222222,20,2025-03-14,2026-02-03,327,0.84
C01934,9,9,6,9,2304.77,256.0855555555556,10,2024-12-29,2025-11-26,333,0.82
C04340,9,9,6,9,2296.39,255.15444444444444,16,2025-02-17,2025-10-31,257,1.07
C04939,9,9,5,9,2283.39,253.70999999999998,14,2024-12-16,2026-03-01,441,0.62
C04969,9,9,6,7,2264.59,251.62111111111113,11,2024-12-18,2026-03-13,451,0.61
C04089,9,9,4,7,2196.49,244.0544444444444,10,2024-12-14,2026-05-27,530,0.52
C02054,9,9,6,8,2183.85,242.64999999999998,13,2025-01-01,2026-04-08,463,0.59
C04242,9,9,5,7,2169.77,241.08555555555554,14,2025-04-27,2026-04-19,358,0.77
C04425,9,9,6,9,2155.17,239.46333333333334,13,2025-04-17,2026-03-03,321,0.85
C00982,9,9,5,9,2133.13,237.01444444444445,18,2025-02-12,2025-11-21,283,0.97
C00251,9,9,4,8,2060.8399999999997,228.9822222222222,10,2025-03-02,2026-05-17,442,0.62
C03175,9,9,6,8,2010.96,223.44,16,2025-01-02,2026-04-04,458,0.6
C00080,9,9,5,8,2006.1000000000001,222.9,12,2025-01-10,2026-01-28,384,0.71
C01767,9,9,7,8,2003.45,222.60555555555555,16,2025-04-05,2026-04-10,371,0.74
C02734,9,9,5,9,2003.23,222.5811111111111,12,2024-12-12,2025-11-14,338,0.81
C01591,9,9,7,9,1992.09,221.34333333333333,14,2024-12-14,2025-10-31,322,0.85
C00287,9,9,4,7,1991.19,221.24333333333334,15,2024-12-04,2026-03-29,481,0.57
C03396,9,9,5,8,1977.19,219.6877777777778,12,2025-01-06,2026-02-04,395,0.69
C00698,9,9,5,7,1972.1000000000001,219.12222222222223,11,2025-01-14,2026-02-06,389,0.7
C00466,9,9,6,9,1953.28,217.0311111111111,16,2025-01-04,2026-04-07,459,0.6
C03312,9,9,6,7,1950.6399999999999,216.73777777777775,15,2025-03-11,2025-12-22,287,0.95
C03650,9,9,5,8,1945.88,216.2088888888889,15,2025-02-09,2025-11-24,289,0.95
C04794,9,9,6,9,1919.05,213.22777777777776,13,2025-04-02,2026-03-15,348,0.79
C04151,9,9,6,9,1895.29,210.58777777777777,10,2024-12-14,2025-10-06,297,0.92
C02407,9,9,6,9,1891.86,210.20666666666665,15,2025-01-24,2026-01-02,344,0.8
C00979,9,9,6,9,1886.0700000000002,209.56333333333336,14,2025-02-27,2026-01-10,318,0.86
C00245,9,9,6,8,1883.53,209.2811111111111,15,2025-03-07,2026-03-08,367,0.75
C02910,9,9,7,8,1882.42,209.1577777777778,17,2025-02-03,2025-11-19,290,0.94
C01737,9,9,5,8,1861.71,206.85666666666668,15,2024-12-30,2025-12-24,360,0.76
C02311,9,9,5,7,1811.58,201.28666666666666,18,2024-12-29,2026-03-10,437,0.63
C03552,9,9,5,9,1806.15,200.68333333333334,15,2025-01-22,2026-02-16,391,0.7
C04525,9,9,4,8,1805.25,200.58333333333334,14,2025-02-04,2026-03-15,405,0.68
C04255,9,9,7,9,1785.06,198.34,15,2025-01-26,2026-02-27,398,0.69
C01249,9,9,6,8,1776.84,197.42666666666665,11,2025-04-26,2026-03-11,320,0.86
C03120,9,9,6,8,1765.91,196.21222222222224,20,2024-12-27,2025-11-21,330,0.83
C04785,9,9,6,8,1748.82,194.31333333333333,15,2025-04-13,2026-02-05,299,0.92
C01051,9,9,7,9,1743.7600000000002,193.75111111111113,16,2025-02-20,2026-05-03,438,0.63
C01140,9,9,6,8,1733.23,192.5811111111111,10,2025-01-14,2026-04-23,465,0.59
C00890,9,9,7,8,1719.47,191.0522222222222,16,2025-05-12,2026-02-14,279,0.98
C02059,9,9,6,9,1717.76,190.86222222222221,16,2024-12-16,2026-05-05,506,0.54
C04336,9,9,6,9,1705.8,189.53333333333333,13,2025-01-23,2026-01-01,344,0.8
C03140,9,9,6,8,1702.6000000000001,189.1777777777778,16,2025-01-01,2025-10-04,277,0.99
C00269,9,9,5,8,1699.42,188.82444444444445,13,2025-01-12,2026-05-31,505,0.54
C04656,9,9,3,6,1698.54,188.72666666666666,12,2024-12-16,2025-12-26,376,0.73
C01712,9,9,5,9,1666.7,185.1888888888889,17,2025-01-02,2025-09-23,265,1.03
C04808,9,9,5,8,1662.05,184.67222222222222,10,2025-01-10,2026-05-23,499,0.55
C00089,9,9,5,8,1632.97,181.44111111111113,16,2024-12-31,2026-04-04,460,0.6
C02949,9,9,5,9,1627.62,180.84666666666666,13,2025-01-14,2025-10-14,274,1.0
C03668,9,9,6,9,1617.8700000000001,179.76333333333335,12,2024-12-25,2026-05-02,494,0.55
C04482,9,9,5,9,1617.36,179.70666666666665,13,2025-01-07,2026-01-02,361,0.76
C04048,9,9,4,6,1600.2,177.8,14,2024-12-09,2025-11-17,344,0.8
C00156,9,9,6,8,1599.47,177.7188888888889,14,2025-02-17,2026-02-28,377,0.73
C03586,9,9,4,8,1583.98,175.99777777777777,16,2025-03-17,2025-12-31,290,0.94
C01956,9,9,7,9,1575.49,175.05444444444444,10,2025-01-18,2026-05-18,486,0.56
C04524,9,9,6,9,1572.73,174.74777777777777,19,2025-05-08,2026-04-11,339,0.81
C03585,9,9,5,8,1564.68,173.85333333333335,15,2025-01-30,2026-03-19,414,0.66
C02192,9,9,6,9,1562.21,173.57888888888888,16,2025-06-01,2026-05-14,348,0.79
C03708,9,9,6,8,1553.49,172.61,12,2025-03-18,2026-05-17,426,0.64
C03657,9,9,6,8,1547.35,171.92777777777778,12,2024-12-06,2026-04-25,506,0.54
C03769,9,9,6,8,1534.97,170.5522222222222,13,2024-12-21,2025-10-12,296,0.93
C00879,9,9,5,8,1530.98,170.10888888888888,17,2025-02-08,2026-03-01,387,0.71
C00019,9,9,6,9,1526.71,169.63444444444445,11,2025-02-23,2026-03-31,402,0.68
C02924,9,9,7,9,1522.03,169.11444444444444,16,2025-02-28,2026-04-08,405,0.68
C02909,9,9,6,9,1520.49,168.94333333333333,16,2025-05-30,2026-03-15,290,0.94
C03354,9,9,5,7,1514.1999999999998,168.2444444444444,12,2024-12-08,2025-11-23,351,0.78
C02956,9,9,6,7,1513.05,168.11666666666667,18,2025-01-03,2025-12-27,359,0.76
C00242,9,9,4,6,1505.03,167.22555555555556,14,2025-01-18,2025-10-06,262,1.05
C03534,9,9,7,8,1503.16,167.01777777777778,13,2024-12-29,2026-06-03,522,0.52
C01585,9,9,5,8,1486.32,165.14666666666665,16,2024-12-30,2026-05-25,512,0.54
C01993,9,9,5,9,1481.44,164.60444444444445,13,2024-12-17,2026-01-22,402,0.68
C04003,9,9,6,9,1479.82,164.42444444444445,15,2025-01-27,2026-03-17,415,0.66
C00718,9,9,7,9,1478.24,164.2488888888889,11,2024-12-17,2026-05-23,523,0.52
C01616,9,9,5,9,1461.39,162.37666666666667,14,2024-12-11,2025-08-28,261,1.05
C04017,9,9,5,9,1456.1000000000001,161.7888888888889,14,2025-01-08,2025-07-19,193,1.42
C04753,9,9,6,8,1454.98,161.66444444444446,10,2025-01-08,2025-11-05,302,0.91
C03262,9,9,5,8,1454.91,161.65666666666667,14,2025-05-13,2026-04-06,329,0.83
C00572,9,9,5,8,1438.89,159.87666666666667,11,2025-03-24,2025-11-21,243,1.13
C03519,9,9,6,7,1434.65,159.40555555555557,12,2024-12-13,2026-04-14,488,0.56
C01188,9,9,6,8,1431.5,159.05555555555554,15,2025-01-01,2026-03-06,430,0.64
C01077,9,9,5,9,1430.05,158.89444444444445,13,2025-02-13,2026-02-08,361,0.76
C01453,9,9,6,9,1428.01,158.6677777777778,12,2025-02-20,2026-02-25,371,0.74
C01573,9,9,5,7,1381.5,153.5,11,2025-05-09,2026-04-29,356,0.77
C04057,9,9,6,8,1377.05,153.00555555555556,17,2025-01-01,2025-12-07,341,0.8
C01181,9,9,4,7,1375.63,152.8477777777778,18,2024-12-14,2026-02-14,428,0.64
C02197,9,9,6,8,1353.02,150.33555555555554,13,2025-01-20,2026-04-20,456,0.6
C03469,9,9,5,9,1344.91,149.43444444444447,14,2024-12-17,2025-07-06,202,1.36
C03785,9,9,7,7,1337.76,148.64,13,2024-12-22,2026-01-02,377,0.73
C04304,9,9,6,9,1335.3,148.36666666666667,15,2024-12-04,2025-08-13,253,1.08
C00346,9,9,5,7,1331.2700000000002,147.91888888888892,13,2025-04-03,2026-04-20,383,0.72
C01877,9,9,6,9,1326.9699999999998,147.4411111111111,12,2024-12-17,2025-05-28,163,1.68
C02870,9,9,6,9,1305.14,145.01555555555558,12,2024-12-29,2025-12-11,348,0.79
C04092,9,9,5,8,1289.93,143.32555555555555,13,2025-01-06,2026-05-02,482,0.57
C01446,9,9,6,8,1254.05,139.33888888888887,13,2025-02-14,2026-02-25,377,0.73
C02748,9,9,4,9,1249.3,138.8111111111111,15,2024-12-07,2025-05-22,167,1.64
C04613,9,9,4,8,1247.84,138.64888888888888,18,2024-12-18,2026-04-16,485,0.56
C03407,9,9,6,8,1246.33,138.4811111111111,16,2025-02-10,2026-05-15,460,0.6
C04177,9,9,6,8,1246.18,138.46444444444444,9,2025-03-26,2026-03-31,371,0.74
C03903,9,9,5,9,1225.45,136.16111111111113,12,2025-02-19,2026-04-23,429,0.64
C02077,9,9,6,9,1222.97,135.88555555555556,10,2025-01-19,2026-01-12,359,0.76
C00316,9,9,4,7,1218.0800000000002,135.34222222222223,20,2024-12-18,2026-01-28,407,0.67
C01204,9,9,5,8,1205.98,133.99777777777777,18,2024-12-16,2026-04-29,500,0.55
C04044,9,9,7,8,1201.22,133.4688888888889,15,2025-03-16,2026-04-08,389,0.7
C02464,9,9,5,8,1198.78,133.1977777777778,13,2025-01-05,2026-05-13,494,0.55
C00533,9,9,6,9,1187.97,131.99666666666667,13,2025-01-11,2025-07-31,202,1.36
C03040,9,9,6,9,1187.09,131.89888888888888,16,2025-03-24,2026-01-21,304,0.9
C03663,9,9,4,7,1186.81,131.86777777777777,13,2024-12-16,2026-02-24,436,0.63
C01900,9,9,7,8,1185.5900000000001,131.73222222222225,13,2024-12-23,2026-04-21,485,0.56
C04820,9,9,5,6,1181.6,131.2888888888889,14,2024-12-12,2026-01-31,416,0.66
C04987,9,9,5,8,1181.38,131.26444444444445,14,2025-01-25,2026-04-10,441,0.62
C01426,9,9,4,7,1179.52,131.05777777777777,13,2024-12-17,2025-06-06,172,1.59
C03661,9,9,5,9,1174.97,130.5522222222222,14,2024-12-27,2025-12-20,359,0.76
C04567,9,9,6,9,1155.62,128.4022222222222,13,2025-01-24,2026-02-01,374,0.73
C02838,9,9,4,7,1151.92,127.99111111111112,14,2024-12-12,2025-08-17,249,1.1
C02522,9,9,6,9,1148.94,127.66000000000001,16,2025-03-24,2026-02-09,323,0.85
C00234,9,9,4,9,1136.84,126.31555555555555,13,2025-03-02,2026-04-27,422,0.65
C03715,9,9,5,8,1135.7,126.1888888888889,9,2025-02-11,2026-04-27,441,0.62
C03949,9,9,4,7,1135.05,126.11666666666666,13,2025-04-25,2026-05-12,383,0.72
C04179,9,9,6,6,1129.29,125.47666666666666,14,2025-04-01,2026-01-27,302,0.91
C01518,9,9,5,9,1118.38,124.26444444444445,12,2025-01-07,2025-12-28,356,0.77
C04694,9,9,6,9,1115.42,123.93555555555557,14,2024-12-04,2026-01-18,411,0.67
C03569,9,9,6,8,1103.83,122.64777777777778,10,2025-01-28,2026-05-05,463,0.59
C00527,9,9,4,8,1101.32,122.36888888888888,14,2025-03-14,2026-02-20,344,0.8
C00209,9,9,4,8,1100.56,122.28444444444443,12,2025-02-03,2026-05-13,465,0.59
C00460,9,9,7,9,1097.53,121.94777777777777,11,2024-12-22,2026-05-26,521,0.53
C02885,9,9,5,9,1096.7,121.85555555555555,17,2024-12-11,2026-04-07,483,0.57
C01515,9,9,6,8,1087.62,120.84666666666665,12,2025-02-02,2026-03-13,405,0.68
C03774,9,9,5,8,1082.83,120.31444444444443,11,2025-01-21,2026-03-14,418,0.66
C00920,9,9,5,8,1082.63,120.29222222222224,10,2025-02-28,2026-01-29,336,0.82
C04841,9,9,5,7,1078.92,119.88000000000001,9,2025-04-15,2026-01-31,292,0.94
C03234,9,9,6,8,1071.78,119.08666666666666,16,2024-12-30,2026-01-09,376,0.73
C02607,9,9,4,6,1068.9,118.76666666666668,13,2024-12-14,2026-04-17,490,0.56
C02195,9,9,7,8,1060.72,117.85777777777778,12,2025-02-16,2026-03-02,380,0.72
C01266,9,9,4,7,1056.98,117.44222222222223,12,2025-02-13,2026-03-21,402,0.68
C01720,9,9,5,9,1046.27,116.25222222222222,15,2025-01-31,2025-12-15,319,0.86
C00036,9,9,5,8,1044.6399999999999,116.0711111111111,17,2024-12-05,2025-08-17,256,1.07
C03033,9,9,6,8,1032.96,114.77333333333334,13,2024-12-06,2025-07-18,225,1.22
C01017,9,9,4,7,1022.17,113.57444444444444,11,2025-01-23,2026-05-01,464,0.59
C01920,9,9,5,8,1011.96,112.44,16,2025-04-26,2026-01-17,267,1.03
C04331,9,9,7,9,1006.04,111.78222222222222,9,2024-12-31,2026-05-25,511,0.54
C02155,9,9,5,8,1004.92,111.65777777777777,11,2025-01-07,2026-01-28,387,0.71
C02490,9,9,5,8,997.67,110.85222222222222,16,2025-01-20,2026-03-24,429,0.64
C01492,9,9,7,9,991.69,110.18777777777778,14,2025-02-02,2026-02-28,392,0.7
C03942,9,9,5,8,981.11,109.01222222222222,16,2024-12-06,2025-12-02,362,0.76
C02022,9,9,5,7,978.07,108.67444444444445,12,2025-01-31,2026-06-03,489,0.56
C04786,9,9,6,7,968.51,107.61222222222221,11,2025-01-09,2025-10-14,279,0.98
C02759,9,9,5,6,968.29,107.58777777777777,14,2025-01-11,2025-08-30,232,1.18
C02203,9,9,4,7,952.86,105.87333333333333,11,2025-02-15,2026-05-01,441,0.62
C01388,9,9,6,9,948.5699999999999,105.39666666666666,11,2025-01-16,2025-09-18,246,1.11
C02201,9,9,4,6,947.46,105.27333333333334,12,2025-01-08,2026-03-19,436,0.63
C00198,9,9,5,6,945.3299999999999,105.03666666666666,15,2025-01-08,2026-04-11,459,0.6
C02134,9,9,4,8,943.14,104.79333333333334,19,2024-12-28,2026-04-20,479,0.57
C00597,9,9,5,8,932.27,103.58555555555556,13,2025-02-13,2026-04-17,429,0.64
C03575,9,9,5,9,930.97,103.44111111111111,16,2024-12-24,2025-05-21,149,1.84
C04311,9,9,3,7,922.85,102.53888888888889,10,2025-03-08,2025-12-27,295,0.93
C01747,9,9,5,8,920.5600000000001,102.28444444444445,12,2024-12-14,2026-02-10,424,0.65
C02167,9,9,5,9,915.08,101.67555555555556,14,2025-03-11,2026-03-02,357,0.77
C04867,9,9,4,9,913.0500000000001,101.45,10,2024-12-09,2025-10-28,324,0.85
C00798,9,9,5,7,911.01,101.22333333333333,13,2024-12-08,2026-06-03,543,0.5
C03844,9,9,6,8,909.91,101.10111111111111,10,2025-03-21,2026-03-31,376,0.73
C01345,9,9,4,8,905.3,100.58888888888889,12,2025-01-07,2026-03-31,449,0.61
C03736,9,9,6,8,893.23,99.24777777777778,12,2025-02-14,2026-04-22,433,0.63
C02979,9,9,6,9,891.71,99.0788888888889,13,2025-01-31,2026-01-31,366,0.75
C03349,9,9,5,7,891.51,99.05666666666667,9,2025-01-12,2026-01-13,367,0.75
C03137,9,9,6,8,890.8299999999999,98.9811111111111,13,2025-02-10,2025-12-06,300,0.91
C00733,9,9,5,8,884.75,98.30555555555556,10,2024-12-06,2026-02-11,433,0.63
C00786,9,9,4,8,869.87,96.65222222222222,13,2024-12-09,2025-11-27,354,0.77
C01454,9,9,5,7,865.69,96.18777777777778,14,2025-02-06,2026-03-03,391,0.7
C03973,9,9,5,8,862.89,95.87666666666667,13,2025-03-21,2026-01-27,313,0.88
C00024,9,9,5,7,849.96,94.44,10,2025-04-10,2026-04-05,361,0.76
C04612,9,9,5,7,849.81,94.42333333333333,13,2024-12-20,2025-10-18,303,0.9
C03603,9,9,6,8,849.28,94.36444444444444,12,2025-04-18,2026-01-20,278,0.99
C01759,9,9,5,8,846.58,94.06444444444445,11,2025-02-12,2026-02-09,363,0.75
C02722,9,9,5,9,843.75,93.75,12,2025-02-08,2026-03-28,414,0.66
C03902,9,9,6,8,840.65,93.40555555555555,10,2025-04-16,2026-05-23,403,0.68
C04369,9,9,6,8,825.9,91.76666666666667,13,2024-12-12,2026-05-11,516,0.53
C00518,9,9,5,8,825.46,91.71777777777778,11,2025-04-11,2025-12-22,256,1.07
C02969,9,9,5,8,821.09,91.23222222222222,13,2025-05-05,2026-01-29,270,1.01
C01846,9,9,5,9,818.06,90.89555555555555,16,2025-01-02,2026-04-07,461,0.59
C02879,9,9,4,8,813.38,90.37555555555555,15,2025-03-28,2026-02-08,318,0.86
C00006,9,9,6,9,796.84,88.53777777777778,13,2025-01-11,2026-03-08,422,0.65
C01641,9,9,6,8,795.75,88.41666666666667,13,2024-12-11,2026-05-19,525,0.52
C03357,9,9,4,8,786.46,87.38444444444445,12,2025-01-01,2026-02-26,422,0.65
C03434,9,9,5,9,779.49,86.61,11,2024-12-08,2025-12-05,363,0.75
C00281,9,9,4,8,773.4,85.93333333333334,11,2025-05-03,2026-01-29,272,1.01
C01226,9,9,6,9,771.14,85.68222222222222,13,2025-03-06,2026-04-03,394,0.7
C03133,9,9,4,7,768.61,85.4011111111111,14,2024-12-23,2026-04-04,468,0.59
C03894,9,9,5,6,760.5600000000001,84.50666666666667,10,2025-03-10,2026-03-28,384,0.71
C03538,9,9,5,9,757.23,84.13666666666667,10,2024-12-21,2025-10-13,297,0.92
C02285,9,9,4,8,755.0799999999999,83.89777777777778,13,2025-02-02,2025-05-27,115,2.38
C00826,9,9,4,9,743.07,82.56333333333333,16,2025-01-01,2026-05-11,496,0.55
C01971,9,9,7,9,739.96,82.21777777777778,10,2024-12-22,2025-08-27,249,1.1
C04489,9,9,5,8,739.8199999999999,82.20222222222222,13,2024-12-31,2025-06-20,172,1.59
C02561,9,9,4,8,737.94,81.99333333333334,13,2024-12-20,2026-04-08,475,0.58
C01845,9,9,7,9,726.93,80.77,12,2025-01-17,2026-05-26,495,0.55
C04805,9,9,7,9,712.37,79.15222222222222,12,2025-01-21,2026-01-22,367,0.75
C02221,9,9,6,7,711.19,79.02111111111111,9,2024-12-07,2025-08-19,256,1.07
C04899,9,9,5,7,709.52,78.83555555555556,12,2025-01-15,2026-02-25,407,0.67
C02566,9,9,6,8,709.33,78.81444444444445,13,2024-12-07,2025-11-27,356,0.77
C00936,9,9,5,8,702.71,78.0788888888889,11,2024-12-10,2025-08-31,265,1.03
C00998,9,9,7,8,701.55,77.94999999999999,10,2024-12-28,2026-05-24,513,0.53
C00271,9,9,4,7,694.45,77.16111111111111,12,2025-01-15,2026-01-07,358,0.77
C03697,9,9,5,6,687.3,76.36666666666666,10,2024-12-22,2025-09-14,267,1.03
C02245,9,9,5,9,671.12,74.56888888888889,11,2024-12-15,2025-09-17,277,0.99
C02765,9,9,4,9,670.11,74.45666666666666,13,2024-12-31,2026-05-08,494,0.55
C02230,9,9,5,7,657.04,73.00444444444445,15,2025-03-06,2026-03-09,369,0.74
C00025,9,9,4,8,649.49,72.16555555555556,14,2025-02-27,2026-02-06,345,0.79
C03400,9,9,6,9,624.49,69.38777777777779,14,2025-02-17,2026-04-21,429,0.64
C00887,9,9,4,7,614.0,68.22222222222223,17,2024-12-15,2025-12-10,361,0.76
C00043,9,9,6,9,609.95,67.77222222222223,12,2024-12-26,2026-03-19,449,0.61
C01400,9,9,5,7,602.95,66.99444444444445,13,2024-12-11,2025-12-10,365,0.75
C01248,9,9,5,8,591.57,65.73,12,2025-01-11,2025-07-17,188,1.46
C00965,9,9,6,8,591.05,65.67222222222222,10,2025-02-11,2026-04-10,424,0.65
C02919,9,9,3,7,589.6,65.51111111111112,14,2024-12-04,2026-02-26,450,0.61
C03392,9,9,5,7,585.21,65.02333333333334,10,2025-02-22,2026-05-25,458,0.6
C04223,9,9,5,8,581.47,64.60777777777778,13,2024-12-21,2025-06-21,183,1.5
C00200,9,9,4,7,576.39,64.04333333333334,10,2024-12-24,2025-10-15,296,0.93
C04436,9,9,6,9,571.74,63.52666666666667,9,2025-01-26,2025-09-04,222,1.23
C02848,9,9,5,9,563.13,62.57,15,2024-12-08,2026-04-21,500,0.55
C01960,9,9,6,8,540.36,60.04,11,2025-02-26,2025-12-02,280,0.98
C01857,9,9,5,8,539.3,59.92222222222222,12,2024-12-17,2025-08-21,248,1.1
C00967,9,9,5,8,530.84,58.98222222222223,14,2025-02-13,2026-05-31,473,0.58
C00361,9,9,5,7,527.97,58.663333333333334,12,2024-12-21,2025-12-02,347,0.79
C01340,9,9,5,9,526.97,58.55222222222223,12,2025-01-10,2025-10-19,283,0.97
C00241,9,9,5,8,518.29,57.587777777777774,10,2025-01-08,2026-02-23,412,0.66
C02850,9,9,6,9,498.92,55.43555555555556,11,2025-01-20,2025-12-13,328,0.84
C00483,9,9,5,7,482.31,53.59,12,2025-03-01,2026-03-03,368,0.74
C01171,9,9,6,8,480.15,53.349999999999994,12,2024-12-10,2026-01-01,388,0.71
C00897,9,9,6,9,457.8,50.86666666666667,10,2024-12-28,2025-09-07,254,1.08
C00559,9,9,4,9,450.46999999999997,50.05222222222222,9,2025-03-27,2026-05-16,416,0.66
C03926,9,9,4,7,410.94,45.66,9,2025-02-10,2026-02-14,370,0.74
C03802,9,9,7,8,404.09,44.898888888888884,11,2024-12-06,2025-06-20,197,1.39
C00823,9,9,3,7,382.23,42.47,11,2024-12-15,2025-10-15,305,0.9
C04576,9,9,5,9,361.13,40.12555555555556,12,2024-12-08,2026-01-24,413,0.66
C04037,9,9,3,7,342.2,38.02222222222222,14,2024-12-14,2025-11-05,327,0.84
C01282,8,8,5,8,11609.869999999999,1451.2337499999999,22,2025-04-18,2025-12-23,250,0.97
C01343,8,8,4,6,10793.16,1349.145,15,2025-06-04,2026-04-25,326,0.75
C00792,8,8,4,7,7356.7,919.5875,15,2025-05-31,2026-02-26,272,0.9
C01228,8,8,4,7,6628.54,828.5675,14,2025-04-02,2026-05-18,412,0.59
C04367,8,8,5,7,5768.13,721.01625,17,2025-09-08,2026-04-17,222,1.1
C01477,8,8,5,8,5694.42,711.8025,14,2025-06-29,2025-11-24,149,1.63
C02363,8,8,6,8,5621.49,702.68625,10,2025-04-29,2026-01-29,276,0.88
C01943,8,8,3,7,5450.82,681.3525,11,2025-04-03,2026-04-27,390,0.62
C03817,8,8,4,8,5444.45,680.55625,16,2025-04-02,2026-04-21,385,0.63
C04534,8,8,5,7,5336.05,667.00625,14,2025-08-07,2026-04-29,266,0.92
C01610,8,8,6,7,5119.83,639.97875,22,2025-01-05,2026-04-11,462,0.53
C04209,8,8,5,7,4875.01,609.37625,20,2025-05-18,2026-04-28,346,0.7
C03526,8,8,5,8,4434.8,554.35,15,2025-04-13,2026-04-18,371,0.66
C00995,8,8,5,8,4292.85,536.60625,13,2024-12-26,2026-02-23,425,0.57
C00984,8,8,5,8,4204.59,525.57375,19,2025-04-04,2026-02-01,304,0.8
C00057,8,8,6,8,4145.55,518.19375,14,2025-06-28,2026-02-15,233,1.05
C02616,8,8,3,7,4110.58,513.8225,12,2025-06-02,2026-03-14,286,0.85
C02832,8,8,7,8,4085.83,510.72875,19,2025-08-28,2026-03-30,215,1.13
C01906,8,8,5,7,4034.92,504.365,16,2025-03-31,2025-12-21,266,0.92
C00610,8,8,3,7,3970.48,496.31,16,2025-05-18,2026-03-13,300,0.81
C03658,8,8,5,8,3937.95,492.24375,10,2025-03-17,2026-05-13,423,0.58
C03709,8,8,5,8,3842.0499999999997,480.25624999999997,15,2025-03-27,2026-02-09,320,0.76
C04871,8,8,5,7,3829.4700000000003,478.68375000000003,11,2025-03-15,2025-11-16,247,0.99
C03799,8,8,5,7,3818.6,477.325,16,2025-08-08,2026-05-27,293,0.83
C03833,8,8,5,7,3812.44,476.555,18,2025-04-29,2026-03-04,310,0.79
C01818,8,8,5,8,3699.6099999999997,462.45124999999996,21,2025-03-27,2025-12-29,278,0.88
C01341,8,8,4,5,3695.4900000000002,461.93625000000003,19,2025-07-26,2026-02-20,210,1.16
C01030,8,8,5,6,3658.52,457.315,12,2025-06-18,2026-04-20,307,0.79
C04498,8,8,4,7,3552.8900000000003,444.11125000000004,11,2025-03-16,2026-04-24,405,0.6
C02335,8,8,4,8,3488.87,436.10875,15,2025-05-25,2026-05-09,350,0.7
C00601,8,8,4,7,3470.96,433.87,15,2025-02-12,2026-04-28,441,0.55
C01932,8,8,4,6,3254.98,406.8725,11,2025-02-16,2026-01-31,350,0.7
C01656,8,8,6,8,3236.3,404.5375,11,2025-06-23,2026-05-07,319,0.76
C04413,8,8,5,7,3180.61,397.57625,10,2025-03-28,2025-09-10,167,1.46
C02292,8,8,4,6,3068.6499999999996,383.58124999999995,11,2025-01-04,2025-12-27,358,0.68
C00284,8,8,5,7,3042.58,380.3225,20,2025-01-20,2025-08-23,216,1.13
C02070,8,8,6,8,3019.15,377.39375,16,2025-01-18,2026-02-19,398,0.61
C02865,8,8,5,6,2970.2,371.275,17,2025-04-27,2025-12-27,245,0.99
C01321,8,8,4,7,2949.28,368.66,12,2025-04-15,2026-05-08,389,0.63
C00385,8,8,6,7,2926.42,365.8025,15,2024-12-21,2025-10-31,315,0.77
C02933,8,8,5,8,2824.21,353.02625,16,2025-01-23,2026-02-26,400,0.61
C00799,8,8,5,8,2782.89,347.86125,15,2025-01-03,2026-03-31,453,0.54
C04734,8,8,5,8,2778.6,347.325,11,2024-12-12,2025-05-23,163,1.49
C01565,8,8,4,7,2745.73,343.21625,16,2025-05-01,2026-02-07,283,0.86
C01581,8,8,4,8,2730.42,341.3025,13,2024-12-06,2026-01-22,413,0.59
C04804,8,8,3,6,2682.59,335.32375,13,2025-01-26,2026-05-21,481,0.51
C04224,8,8,5,7,2667.4300000000003,333.42875000000004,13,2025-04-17,2026-05-28,407,0.6
C00558,8,8,5,7,2658.69,332.33625,16,2025-02-23,2026-03-09,380,0.64
C04368,8,8,6,8,2631.27,328.90875,12,2024-12-13,2026-05-26,530,0.46
C04700,8,8,6,8,2620.9,327.6125,12,2025-01-01,2026-03-12,436,0.56
C02936,8,8,4,7,2608.92,326.115,12,2025-04-02,2026-03-15,348,0.7
C02637,8,8,5,8,2596.7799999999997,324.59749999999997,13,2025-04-08,2026-03-27,354,0.69
C01481,8,8,5,7,2524.98,315.6225,13,2025-05-06,2026-04-14,344,0.71
C01711,8,8,6,8,2482.07,310.25875,14,2024-12-21,2025-12-27,372,0.65
C00934,8,8,5,7,2477.7400000000002,309.71750000000003,13,2025-01-13,2026-02-22,406,0.6
C04477,8,8,6,8,2464.7,308.0875,10,2025-02-28,2026-04-01,398,0.61
C00784,8,8,6,8,2430.86,303.8575,12,2025-01-30,2026-01-16,352,0.69
C01227,8,8,5,6,2391.44,298.93,15,2025-03-30,2026-04-15,382,0.64
C04965,8,8,4,7,2389.0299999999997,298.62874999999997,14,2025-01-10,2025-09-09,243,1.0
C01666,8,8,5,7,2356.24,294.53,12,2024-12-11,2026-03-24,469,0.52
C04761,8,8,7,8,2353.79,294.22375,17,2025-03-17,2026-04-01,381,0.64
C01647,8,8,5,8,2326.0299999999997,290.75374999999997,13,2025-01-20,2025-07-31,193,1.26
C03055,8,8,5,8,2316.96,289.62,12,2025-01-17,2026-05-14,483,0.5
C00389,8,8,4,5,2305.87,288.23375,13,2025-01-25,2026-02-19,391,0.62
C02116,8,8,6,8,2305.61,288.20125,13,2025-02-02,2026-01-14,347,0.7
C03387,8,8,4,7,2183.98,272.9975,12,2024-12-06,2026-01-10,401,0.61
C04146,8,8,6,8,2171.56,271.445,15,2024-12-20,2026-02-16,424,0.57
C01772,8,8,5,7,2123.46,265.4325,12,2025-01-22,2026-03-20,423,0.58
C01113,8,8,6,8,2099.36,262.42,11,2025-01-12,2026-01-13,367,0.66
C03373,8,8,6,7,2098.16,262.27,15,2025-02-05,2026-01-01,331,0.74
C04863,8,8,7,8,2074.65,259.33125,11,2024-12-04,2025-09-25,296,0.82
C03546,8,8,6,8,2055.1600000000003,256.89500000000004,8,2025-07-20,2025-12-21,155,1.57
C02544,8,8,4,7,2033.5700000000002,254.19625000000002,12,2024-12-18,2025-07-12,207,1.18
C03547,8,8,4,6,2010.98,251.3725,14,2025-03-30,2026-05-12,409,0.6
C02436,8,8,6,8,1942.09,242.76125,12,2025-03-19,2025-11-23,250,0.97
C02961,8,8,6,8,1935.28,241.91,15,2025-06-16,2026-03-25,283,0.86
C02420,8,8,5,7,1918.49,239.81125,12,2025-02-16,2026-04-03,412,0.59
C04746,8,8,5,8,1907.02,238.3775,16,2025-02-05,2026-03-22,411,0.59
C02997,8,8,6,7,1905.6100000000001,238.20125000000002,15,2025-02-02,2025-11-11,283,0.86
C02482,8,8,5,8,1840.44,230.055,16,2024-12-09,2025-08-03,238,1.02
C04848,8,8,5,8,1832.25,229.03125,9,2025-02-15,2026-05-12,452,0.54
C01760,8,8,4,7,1824.0,228.0,11,2025-02-13,2026-02-04,357,0.68
C04471,8,8,6,7,1823.54,227.9425,14,2025-01-20,2026-03-07,412,0.59
C01305,8,8,6,8,1814.52,226.815,13,2025-05-18,2026-02-25,284,0.86
C04743,8,8,5,7,1814.49,226.81125,14,2025-03-07,2026-04-28,418,0.58
C00829,8,8,5,7,1813.99,226.74875,10,2025-02-01,2026-01-01,335,0.73
C02794,8,8,5,7,1784.05,223.00625,12,2025-02-17,2025-12-07,294,0.83
C01239,8,8,6,7,1780.45,222.55625,17,2025-01-19,2026-05-02,469,0.52
C04963,8,8,7,8,1773.57,221.69625,15,2025-01-09,2026-03-05,421,0.58
C04161,8,8,6,8,1770.8600000000001,221.35750000000002,13,2024-12-11,2025-10-01,295,0.83
C02359,8,8,5,8,1769.9099999999999,221.23874999999998,11,2025-01-05,2026-05-02,483,0.5
C04121,8,8,4,7,1768.52,221.065,15,2025-02-19,2026-03-14,389,0.63
C04519,8,8,6,8,1763.25,220.40625,12,2024-12-11,2026-02-06,423,0.58
C01127,8,8,5,8,1738.26,217.2825,12,2025-02-28,2026-03-08,374,0.65
C00021,8,8,7,8,1718.63,214.82875,14,2025-03-27,2026-02-15,326,0.75
C03518,8,8,5,8,1713.09,214.13625,16,2025-02-17,2026-04-06,414,0.59
C01412,8,8,3,8,1698.89,212.36125,13,2025-02-26,2026-03-09,377,0.65
C01622,8,8,4,7,1691.79,211.47375,13,2025-01-20,2026-05-06,472,0.52
C02585,8,8,5,6,1688.5,211.0625,10,2024-12-05,2026-05-02,514,0.47
C04828,8,8,7,8,1682.8400000000001,210.35500000000002,15,2025-08-09,2026-04-17,252,0.97
C01279,8,8,5,8,1678.39,209.79875,11,2024-12-26,2026-05-05,496,0.49
C00480,8,8,6,8,1677.18,209.6475,12,2024-12-22,2026-02-06,412,0.59
C03136,8,8,5,7,1671.73,208.96625,11,2025-02-27,2026-03-09,376,0.65
C03789,8,8,5,8,1670.13,208.76625,10,2024-12-23,2025-11-13,326,0.75
C03094,8,8,6,8,1660.52,207.565,13,2025-01-05,2026-04-18,469,0.52
C03324,8,8,5,6,1659.88,207.485,11,2024-12-27,2026-02-19,420,0.58
C03689,8,8,5,7,1656.52,207.065,16,2025-01-22,2026-03-04,407,0.6
C04705,8,8,5,7,1638.57,204.82125,13,2025-01-16,2026-02-21,402,0.61
C03836,8,8,6,7,1634.53,204.31625,16,2025-07-04,2026-03-03,243,1.0
C01905,8,8,4,7,1634.05,204.25625,11,2025-03-21,2026-03-08,353,0.69
C01383,8,8,7,8,1625.1499999999999,203.14374999999998,11,2025-05-13,2026-01-18,251,0.97
C01012,8,8,5,5,1624.42,203.0525,14,2025-04-25,2026-04-26,367,0.66
C00720,8,8,5,7,1618.8500000000001,202.35625000000002,10,2025-01-13,2026-02-06,390,0.62
C00859,8,8,5,7,1612.72,201.59,14,2025-01-02,2025-12-24,357,0.68
C04025,8,8,3,6,1609.9,201.2375,13,2025-01-14,2025-11-08,299,0.81
C03762,8,8,4,7,1600.63,200.07875,13,2025-01-15,2025-11-13,303,0.8
C00712,8,8,6,8,1598.99,199.87375,12,2024-12-30,2026-05-19,506,0.48
C02606,8,8,5,8,1591.8999999999999,198.98749999999998,15,2024-12-26,2026-04-10,471,0.52
C02675,8,8,6,8,1586.09,198.26125,11,2025-05-05,2026-03-23,323,0.75
C00412,8,8,6,8,1571.6399999999999,196.45499999999998,10,2025-01-18,2026-02-03,382,0.64
C00456,8,8,5,7,1570.97,196.37125,12,2024-12-31,2025-10-07,281,0.87
C00880,8,8,6,7,1557.66,194.7075,10,2025-01-26,2026-02-02,373,0.65
C01109,8,8,6,7,1547.6799999999998,193.45999999999998,11,2025-02-01,2026-05-20,474,0.51
C00064,8,8,6,8,1542.03,192.75375,14,2024-12-22,2026-05-17,512,0.48
C03150,8,8,5,8,1539.29,192.41125,11,2024-12-23,2025-09-29,281,0.87
C00695,8,8,5,8,1537.0,192.125,13,2025-01-26,2026-05-06,466,0.52
C01985,8,8,6,7,1535.9099999999999,191.98874999999998,14,2025-03-23,2026-01-13,297,0.82
C04729,8,8,5,8,1535.8899999999999,191.98624999999998,16,2025-02-17,2026-02-23,372,0.65
C01698,8,8,5,7,1500.42,187.5525,14,2024-12-11,2026-03-10,455,0.54
C03036,8,8,5,5,1496.21,187.02625,10,2024-12-27,2026-05-01,491,0.5
C04220,8,8,6,8,1489.6,186.2,14,2025-01-10,2026-03-18,433,0.56
C03383,8,8,4,7,1488.78,186.0975,11,2024-12-07,2025-10-08,306,0.8
C01144,8,8,6,7,1477.09,184.63625,12,2025-01-24,2025-09-06,226,1.08
C00929,8,8,6,7,1476.8700000000001,184.60875000000001,17,2025-05-07,2026-05-02,361,0.67
C04741,8,8,6,7,1469.0,183.625,13,2025-01-07,2025-08-10,216,1.13
C00087,8,8,5,8,1462.88,182.86,11,2025-01-28,2026-01-25,363,0.67
C00986,8,8,5,7,1461.81,182.72625,10,2025-05-22,2026-02-19,274,0.89
C03738,8,8,5,7,1457.8600000000001,182.23250000000002,11,2025-01-07,2025-11-08,306,0.8
C00429,8,8,6,8,1456.0,182.0,12,2025-06-09,2026-06-03,360,0.68
C00049,8,8,6,8,1455.0500000000002,181.88125000000002,11,2025-05-17,2025-12-06,204,1.19
C00607,8,8,5,8,1446.46,180.8075,15,2025-02-27,2025-12-30,307,0.79
C04993,8,8,7,8,1443.49,180.43625,10,2025-04-21,2026-02-18,304,0.8
C04117,8,8,4,7,1441.36,180.17,13,2025-02-23,2026-02-22,365,0.67
C01604,8,8,6,8,1437.56,179.695,15,2024-12-31,2025-12-08,343,0.71
C02401,8,8,5,7,1434.79,179.34875,12,2025-04-05,2026-02-21,323,0.75
C01268,8,8,5,8,1429.1599999999999,178.64499999999998,11,2025-02-04,2026-02-23,385,0.63
C02107,8,8,5,8,1425.59,178.19875,12,2025-01-27,2026-05-01,460,0.53
C03195,8,8,7,8,1410.85,176.35625,13,2025-03-26,2026-03-30,370,0.66
C01308,8,8,6,6,1410.27,176.28375,10,2025-01-29,2025-11-30,306,0.8
C00542,8,8,4,7,1409.58,176.1975,15,2025-01-22,2025-10-24,276,0.88
C01257,8,8,6,8,1404.01,175.50125,12,2025-02-13,2026-03-11,392,0.62
C01280,8,8,5,8,1402.88,175.36,14,2024-12-27,2026-04-04,464,0.52
C04032,8,8,6,7,1397.58,174.6975,11,2025-01-16,2025-12-22,341,0.71
C01114,8,8,5,7,1394.97,174.37125,17,2024-12-14,2026-03-26,468,0.52
C04353,8,8,4,8,1389.0,173.625,17,2024-12-07,2026-03-13,462,0.53
C01938,8,8,6,8,1387.51,173.43875,8,2025-05-02,2025-09-24,146,1.67
C02718,8,8,4,6,1385.78,173.2225,12,2025-01-19,2026-04-12,449,0.54
C02332,8,8,4,7,1385.56,173.195,12,2024-12-25,2025-09-15,265,0.92
C03060,8,8,5,8,1380.9,172.6125,16,2025-01-10,2025-05-11,122,2.0
C01748,8,8,4,7,1378.15,172.26875,10,2025-01-28,2025-12-24,331,0.74
C04690,8,8,6,8,1374.63,171.82875,9,2025-04-25,2026-04-03,344,0.71
C02187,8,8,5,8,1354.81,169.35125,12,2025-02-19,2025-11-03,258,0.94
C03064,8,8,5,7,1352.3,169.0375,10,2025-02-09,2026-02-22,379,0.64
C03962,8,8,4,7,1347.59,168.44875,16,2025-01-08,2025-10-28,294,0.83
C03054,8,8,5,8,1339.68,167.46,11,2025-01-16,2026-03-01,410,0.59
C02328,8,8,6,7,1337.31,167.16375,15,2024-12-17,2025-03-29,103,2.36
C02302,8,8,6,8,1302.67,162.83375,9,2025-02-04,2026-05-30,481,0.51
C03188,8,8,5,7,1295.8899999999999,161.98624999999998,14,2024-12-27,2026-01-19,389,0.63
C04171,8,8,7,8,1286.17,160.77125,13,2025-03-23,2026-05-30,434,0.56
C00235,8,8,6,8,1285.73,160.71625,12,2025-01-01,2026-04-17,472,0.52
C03863,8,8,5,7,1278.35,159.79375,13,2025-05-19,2025-10-23,158,1.54
C04822,8,8,5,8,1261.6499999999999,157.70624999999998,12,2024-12-26,2025-08-03,221,1.1
C00320,8,8,4,7,1261.47,157.68375,13,2025-02-11,2025-11-09,272,0.9
C01613,8,8,6,7,1257.92,157.24,9,2025-03-12,2026-04-20,405,0.6
C00782,8,8,7,7,1257.46,157.1825,14,2025-05-08,2026-03-16,313,0.78
C01645,8,8,5,7,1256.81,157.10125,11,2025-01-12,2025-11-26,319,0.76
C04577,8,8,6,7,1254.68,156.835,12,2025-01-14,2026-05-11,483,0.5
C01546,8,8,5,8,1251.76,156.47,10,2025-01-10,2025-09-30,264,0.92
C02169,8,8,6,8,1249.9,156.2375,12,2025-03-16,2025-08-17,155,1.57
C00179,8,8,5,8,1246.74,155.8425,10,2025-04-05,2026-03-13,343,0.71
C02577,8,8,7,7,1243.67,155.45875,10,2025-03-17,2026-02-12,333,0.73
C01398,8,8,6,8,1232.74,154.0925,10,2025-03-09,2025-12-13,280,0.87
C03981,8,8,5,8,1228.01,153.50125,12,2025-05-08,2026-05-17,375,0.65
C01687,8,8,6,8,1226.49,153.31125,12,2025-05-28,2026-02-24,273,0.89
C03718,8,8,5,8,1217.6,152.2,11,2024-12-31,2026-01-22,388,0.63
C03948,8,8,4,6,1209.17,151.14625,12,2025-01-13,2026-04-14,457,0.53
C01016,8,8,5,7,1204.23,150.52875,17,2024-12-27,2026-05-18,508,0.48
C04464,8,8,6,8,1200.57,150.07125,10,2024-12-11,2026-04-06,482,0.51
C00403,8,8,5,7,1195.42,149.4275,12,2025-02-03,2026-04-01,423,0.58
C01519,8,8,5,7,1185.33,148.16625,12,2025-01-15,2026-03-02,412,0.59
C02356,8,8,6,7,1174.63,146.82875,11,2025-02-23,2026-05-22,454,0.54
C00336,8,8,5,8,1167.84,145.98,10,2025-01-21,2026-02-28,404,0.6
C04499,8,8,6,8,1167.14,145.8925,13,2025-03-09,2026-02-17,346,0.7
C00922,8,8,6,8,1161.93,145.24125,11,2025-03-14,2026-03-27,379,0.64
C01892,8,8,6,8,1152.63,144.07875,9,2025-01-09,2026-04-29,476,0.51
C03757,8,8,4,7,1142.06,142.7575,11,2024-12-26,2025-10-13,292,0.83
C03678,8,8,4,7,1132.16,141.52,9,2025-03-03,2025-12-26,299,0.81
C03855,8,8,6,7,1128.59,141.07375,9,2025-01-17,2026-05-07,476,0.51
C03928,8,8,4,6,1125.21,140.65125,8,2025-03-02,2026-03-23,387,0.63
C02235,8,8,5,8,1120.4,140.05,13,2024-12-24,2025-09-18,269,0.91
C03048,8,8,7,8,1118.5,139.8125,13,2024-12-30,2025-12-01,337,0.72
C03302,8,8,4,7,1118.13,139.76625,15,2024-12-12,2025-06-27,198,1.23
C04026,8,8,4,6,1109.22,138.6525,14,2025-02-09,2026-04-10,426,0.57
C01875,8,8,5,8,1105.87,138.23375,10,2025-03-03,2025-12-02,275,0.89
C00663,8,8,6,8,1095.01,136.87625,16,2024-12-30,2025-08-27,241,1.01
C01183,8,8,5,8,1088.6100000000001,136.07625000000002,8,2025-01-17,2026-04-18,457,0.53
C02377,8,8,6,8,1088.3,136.0375,14,2025-02-25,2026-02-09,350,0.7
C03278,8,8,6,8,1080.43,135.05375,11,2025-03-25,2026-02-14,327,0.74
C01848,8,8,7,8,1077.51,134.68875,13,2025-01-08,2026-04-15,463,0.53
C02650,8,8,5,7,1073.88,134.235,13,2025-03-09,2026-01-05,303,0.8
C03945,8,8,5,7,1065.25,133.15625,13,2025-01-21,2026-05-19,484,0.5
C02418,8,8,6,7,1065.0,133.125,8,2024-12-06,2025-12-26,386,0.63
C04460,8,8,3,8,1063.88,132.985,10,2025-07-02,2025-11-19,141,1.73
C03652,8,8,6,8,1060.94,132.6175,11,2025-01-29,2025-11-13,289,0.84
C03079,8,8,6,8,1060.22,132.5275,15,2025-02-22,2026-05-10,443,0.55
C02508,8,8,3,6,1058.49,132.31125,12,2025-03-02,2026-04-30,425,0.57
C00178,8,8,5,8,1047.63,130.95375,9,2025-03-16,2026-04-24,405,0.6
C01246,8,8,6,8,1037.84,129.73,15,2025-01-17,2025-05-29,133,1.83
C02000,8,8,5,7,1036.92,129.615,9,2024-12-17,2025-12-28,377,0.65
C02602,8,8,6,8,1034.66,129.3325,12,2024-12-26,2026-01-14,385,0.63
C01563,8,8,4,8,1031.73,128.96625,9,2025-01-24,2026-04-28,460,0.53
C02030,8,8,5,7,1027.33,128.41625,10,2025-01-14,2026-03-18,429,0.57
C01317,8,8,6,7,1027.18,128.3975,11,2025-04-23,2026-04-22,365,0.67
C04879,8,8,5,8,1017.97,127.24625,13,2025-01-26,2025-11-06,285,0.85
C04759,8,8,6,8,1010.83,126.35375,13,2024-12-18,2026-01-31,410,0.59
C04779,8,8,4,8,1004.61,125.57625,14,2024-12-25,2025-09-04,254,0.96
C00827,8,8,5,8,1001.67,125.20875,15,2025-02-26,2025-12-16,294,0.83
C03637,8,8,4,8,997.43,124.67875,12,2025-02-22,2025-08-16,176,1.38
C03411,8,8,5,7,996.16,124.52,14,2025-02-09,2026-03-07,392,0.62
C03772,8,8,4,6,987.52,123.44,8,2025-06-25,2026-02-25,246,0.99
C02693,8,8,6,7,981.6500000000001,122.70625000000001,11,2024-12-08,2026-04-27,506,0.48
C01606,8,8,5,8,981.4399999999999,122.67999999999999,13,2025-01-01,2025-09-28,271,0.9
C02337,8,8,6,8,981.16,122.645,9,2025-05-05,2026-03-12,312,0.78
C01904,8,8,5,5,974.25,121.78125,15,2024-12-04,2026-06-01,545,0.45
C02162,8,8,5,6,971.68,121.46,8,2025-02-04,2025-11-09,279,0.87
C04968,8,8,4,8,968.0799999999999,121.00999999999999,10,2024-12-17,2025-09-26,284,0.86
C02329,8,8,4,8,965.0699999999999,120.63374999999999,11,2024-12-06,2026-04-29,510,0.48
C01626,8,8,6,8,960.6800000000001,120.08500000000001,13,2025-04-30,2026-02-24,301,0.81
C02215,8,8,4,6,956.82,119.6025,13,2024-12-29,2026-04-02,460,0.53
C01471,8,8,4,8,945.36,118.17,11,2025-04-27,2026-04-22,361,0.67
C00763,8,8,5,7,942.43,117.80375,8,2025-01-22,2026-03-06,409,0.6
C04429,8,8,5,7,937.5099999999999,117.18874999999998,14,2025-01-07,2025-12-27,355,0.69
C00285,8,8,6,7,935.36,116.92,13,2024-12-25,2026-04-27,489,0.5
C02119,8,8,6,8,921.35,115.16875,8,2025-01-10,2026-03-23,438,0.56
C01061,8,8,5,8,917.74,114.7175,10,2025-04-04,2026-05-10,402,0.61
C04727,8,8,5,7,907.61,113.45125,13,2024-12-27,2025-12-09,348,0.7
C02078,8,8,5,7,904.97,113.12125,15,2024-12-05,2025-10-17,317,0.77
C04397,8,8,4,8,894.74,111.8425,14,2024-12-27,2025-10-25,303,0.8
C02375,8,8,5,7,894.57,111.82125,11,2025-01-02,2025-10-16,288,0.85
C00266,8,8,4,7,893.17,111.64625,10,2025-01-22,2026-04-27,461,0.53
C01151,8,8,6,7,892.8199999999999,111.60249999999999,9,2025-01-13,2026-05-13,486,0.5
C04432,8,8,5,8,886.47,110.80875,13,2025-02-12,2026-02-26,380,0.64
C03721,8,8,5,6,878.05,109.75625,9,2025-01-05,2026-01-26,387,0.63
C04294,8,8,5,8,873.82,109.2275,11,2025-02-23,2026-05-09,441,0.55
C04847,8,8,5,8,870.4,108.8,9,2024-12-20,2026-02-09,417,0.58
C03829,8,8,4,7,870.39,108.79875,9,2025-01-18,2025-11-30,317,0.77
C00367,8,8,5,7,865.11,108.13875,15,2025-02-04,2026-05-28,479,0.51
C04630,8,8,5,6,858.5699999999999,107.32124999999999,13,2024-12-28,2025-08-18,234,1.04
C04393,8,8,5,7,857.75,107.21875,12,2025-06-09,2026-03-14,279,0.87
C00948,8,8,6,8,852.98,106.6225,14,2024-12-29,2026-05-16,504,0.48
C00116,8,8,5,7,848.5799999999999,106.07249999999999,12,2025-02-08,2026-03-22,408,0.6
C02264,8,8,5,8,840.5500000000001,105.06875000000001,12,2024-12-11,2026-03-09,454,0.54
C01535,8,8,5,8,836.02,104.5025,11,2024-12-17,2026-05-16,516,0.47
C03149,8,8,4,7,829.9100000000001,103.73875000000001,13,2024-12-21,2026-01-10,386,0.63
C00173,8,8,5,7,828.44,103.555,16,2024-12-23,2025-09-23,275,0.89
C03654,8,8,4,7,817.95,102.24375,17,2024-12-12,2025-10-26,319,0.76
C01745,8,8,6,7,805.82,100.7275,9,2025-01-18,2026-04-23,461,0.53
C00906,8,8,7,7,798.99,99.87375,10,2025-02-04,2026-02-21,383,0.64
C01533,8,8,6,8,798.54,99.8175,9,2025-03-14,2025-12-16,278,0.88
C00453,8,8,7,7,796.18,99.5225,8,2024-12-21,2026-05-14,510,0.48
C04408,8,8,6,7,791.98,98.9975,12,2024-12-05,2026-03-17,468,0.52
C01657,8,8,6,7,788.8,98.6,12,2024-12-26,2025-07-23,210,1.16
C03307,8,8,3,6,774.75,96.84375,9,2025-01-28,2026-03-21,418,0.58
C04917,8,8,4,6,772.0899999999999,96.51124999999999,12,2024-12-19,2026-02-08,417,0.58
C02088,8,8,4,8,760.88,95.11,15,2024-12-11,2025-07-28,230,1.06
C02966,8,8,4,7,759.34,94.9175,15,2025-07-23,2026-06-01,314,0.78
C02646,8,8,5,7,753.49,94.18625,10,2025-02-27,2025-10-23,239,1.02
C00140,8,8,4,8,749.38,93.6725,11,2025-01-15,2026-05-01,472,0.52
C00697,8,8,6,7,748.87,93.60875,11,2025-02-16,2026-03-27,405,0.6
C00394,8,8,6,8,748.0,93.5,10,2025-01-16,2026-01-21,371,0.66
C04459,8,8,5,7,747.62,93.4525,11,2024-12-23,2026-05-16,510,0.48
C01730,8,8,5,7,737.8,92.225,14,2024-12-30,2025-10-01,276,0.88
C01034,8,8,6,8,730.21,91.27625,10,2025-05-06,2026-05-18,378,0.64
C01718,8,8,5,8,729.8199999999999,91.22749999999999,11,2025-01-29,2026-04-30,457,0.53
C01997,8,8,4,8,726.77,90.84625,11,2024-12-19,2025-09-29,285,0.85
C01451,8,8,5,7,724.37,90.54625,11,2025-03-25,2026-02-16,329,0.74
C03116,8,8,5,8,723.69,90.46125,10,2025-01-03,2026-01-06,369,0.66
C01811,8,8,7,8,720.4200000000001,90.05250000000001,10,2024-12-29,2025-05-16,139,1.75
C03004,8,8,5,8,716.41,89.55125,13,2025-01-27,2026-04-16,445,0.55
C01715,8,8,3,5,708.24,88.53,12,2024-12-20,2025-07-22,215,1.13
C04207,8,8,6,7,705.1800000000001,88.14750000000001,10,2024-12-04,2025-11-24,356,0.68
C01539,8,8,6,8,696.23,87.02875,10,2025-06-18,2026-04-17,304,0.8
C02144,8,8,4,7,695.51,86.93875,11,2025-02-25,2026-04-06,406,0.6
C04583,8,8,6,8,687.39,85.92375,9,2025-01-11,2026-01-17,372,0.65
C04346,8,8,6,8,683.54,85.4425,11,2025-01-02,2026-02-01,396,0.61
C02052,8,8,6,7,675.86,84.4825,12,2024-12-27,2026-02-13,414,0.59
C01787,8,8,5,8,675.82,84.4775,15,2024-12-06,2025-11-07,337,0.72
C03337,8,8,6,8,674.16,84.27,10,2025-01-03,2026-01-13,376,0.65
C00893,8,8,6,7,673.1400000000001,84.14250000000001,9,2024-12-18,2025-09-27,284,0.86
C00677,8,8,5,6,672.9,84.1125,13,2025-01-09,2026-04-11,458,0.53
C01785,8,8,4,6,668.16,83.52,14,2025-01-21,2025-11-19,303,0.8
C04456,8,8,6,7,663.9200000000001,82.99000000000001,10,2024-12-18,2025-08-21,247,0.99
C02831,8,8,5,8,647.57,80.94625,9,2025-03-09,2025-11-05,242,1.01
C00020,8,8,4,8,636.77,79.59625,10,2025-01-22,2026-04-24,458,0.53
C04788,8,8,4,6,628.55,78.56875,11,2025-02-24,2025-12-19,299,0.81
C02709,8,8,7,7,626.18,78.2725,8,2025-02-21,2026-03-21,394,0.62
C04945,8,8,5,8,625.4300000000001,78.17875000000001,10,2024-12-31,2025-12-13,348,0.7
C04102,8,8,6,7,620.01,77.50125,14,2025-01-15,2026-03-21,431,0.57
C01686,8,8,3,7,619.78,77.4725,12,2025-01-13,2026-02-13,397,0.61
C01514,8,8,6,7,619.66,77.4575,10,2025-03-23,2026-01-28,312,0.78
C00617,8,8,5,7,617.95,77.24375,9,2025-01-27,2026-04-07,436,0.56
C03978,8,8,5,6,617.67,77.20875,8,2025-05-26,2026-02-28,279,0.87
C03980,8,8,7,8,612.35,76.54375,10,2025-02-17,2026-03-26,403,0.6
C03237,8,8,5,8,609.95,76.24375,8,2024-12-08,2026-04-28,507,0.48
C00956,8,8,5,8,577.24,72.155,10,2025-05-28,2026-03-19,296,0.82
C00108,8,8,5,8,576.49,72.06125,10,2024-12-13,2025-04-04,113,2.16
C01524,8,8,4,7,573.08,71.635,18,2024-12-18,2026-03-14,452,0.54
C02199,8,8,5,7,571.74,71.4675,14,2024-12-21,2025-07-17,209,1.17
C04796,8,8,4,7,568.6,71.075,11,2025-03-07,2026-01-24,324,0.75
C04872,8,8,4,8,567.18,70.8975,10,2025-01-03,2025-08-23,233,1.05
C02069,8,8,6,8,562.44,70.305,9,2024-12-22,2025-08-16,238,1.02
C03845,8,8,5,8,557.66,69.7075,13,2025-03-01,2026-03-19,384,0.63
C04967,8,8,5,8,557.06,69.6325,10,2024-12-15,2025-10-07,297,0.82
C01827,8,8,5,7,538.2,67.275,12,2025-03-09,2026-02-11,340,0.72
C03673,8,8,7,8,535.73,66.96625,10,2024-12-28,2025-05-08,132,1.84
C01967,8,8,5,7,531.41,66.42625,10,2025-03-08,2026-02-26,356,0.68
C00571,8,8,6,8,527.06,65.8825,11,2025-01-31,2025-08-09,191,1.27
C03742,8,8,4,6,526.14,65.7675,9,2025-02-02,2025-10-12,253,0.96
C03830,8,8,4,7,524.69,65.58625,14,2025-02-12,2026-05-26,469,0.52
C01085,8,8,5,8,523.56,65.445,10,2024-12-17,2026-05-06,506,0.48
C00871,8,8,4,5,521.02,65.1275,9,2024-12-21,2026-02-06,413,0.59
C00549,8,8,6,7,508.78,63.5975,9,2024-12-28,2025-10-08,285,0.85
C02821,8,8,4,8,504.53,63.06625,10,2024-12-10,2025-08-07,241,1.01
C00526,8,8,5,7,495.18,61.8975,9,2024-12-26,2026-03-13,443,0.55
C02925,8,8,3,6,493.38,61.6725,13,2025-01-11,2026-05-02,477,0.51
C02625,8,8,3,7,492.26,61.5325,8,2024-12-06,2026-05-19,530,0.46
C03423,8,8,5,7,490.55999999999995,61.31999999999999,9,2024-12-29,2026-01-08,376,0.65
C03924,8,8,5,7,489.94000000000005,61.24250000000001,15,2024-12-27,2025-11-04,313,0.78
C04985,8,8,6,8,489.29,61.16125,8,2024-12-31,2025-08-21,234,1.04
C03374,8,8,5,7,485.43,60.67875,8,2025-06-16,2026-05-05,324,0.75
C03386,8,8,5,8,485.09,60.63625,9,2024-12-24,2026-03-27,459,0.53
C01731,8,8,4,7,460.77,57.59625,9,2024-12-12,2026-03-04,448,0.54
C00476,8,8,5,7,460.59999999999997,57.574999999999996,10,2025-01-27,2025-10-18,265,0.92
C00039,8,8,4,6,460.15,57.51875,12,2025-02-24,2025-09-05,194,1.26
C01450,8,8,5,8,445.53,55.69125,13,2024-12-06,2025-09-07,276,0.88
C01232,8,8,4,7,439.33,54.91625,10,2025-01-18,2025-09-06,232,1.05
C02957,8,8,5,7,425.65999999999997,53.207499999999996,12,2025-02-24,2026-04-13,414,0.59
C03282,8,8,4,7,420.63,52.57875,10,2025-02-14,2026-05-19,460,0.53
C02955,8,8,4,7,416.27,52.03375,8,2025-05-13,2026-02-18,282,0.86
C00276,8,8,3,6,414.61,51.82625,11,2024-12-11,2025-10-29,323,0.75
C01231,8,8,4,7,414.52,51.815,11,2024-12-30,2025-12-02,338,0.72
C03674,8,8,4,7,408.87,51.10875,11,2024-12-08,2025-12-03,361,0.67
C00847,8,8,5,7,405.46,50.6825,13,2024-12-13,2025-11-18,341,0.71
C03098,8,8,4,7,375.91,46.98875,9,2024-12-11,2025-07-27,229,1.06
C02608,8,8,5,7,367.17,45.89625,10,2024-12-28,2025-07-02,187,1.3
C04866,8,8,5,7,325.08000000000004,40.635000000000005,10,2025-01-05,2025-12-10,340,0.72
C01908,8,8,3,6,321.98,40.2475,8,2024-12-21,2026-06-01,528,0.46
C04631,8,8,4,7,297.07,37.13375,9,2024-12-10,2025-09-14,279,0.87
C00286,7,7,4,7,6136.62,876.66,22,2025-07-11,2025-12-23,166,1.28
C02368,7,7,4,6,6127.99,875.4271428571428,13,2025-01-21,2026-03-26,430,0.5
C03776,7,7,5,7,6120.87,874.41,18,2025-04-13,2026-05-05,388,0.55
C01238,7,7,3,6,5924.0,846.2857142857143,13,2025-02-19,2026-02-02,349,0.61
C02308,7,7,3,7,5795.7,827.9571428571428,20,2025-05-31,2026-05-03,338,0.63
C00306,7,7,5,6,5234.81,747.83,17,2025-01-29,2025-11-26,302,0.71
C01011,7,7,5,7,5141.31,734.4728571428572,13,2025-04-11,2026-01-16,281,0.76
C03379,7,7,4,6,4882.5599999999995,697.5085714285714,14,2025-04-05,2025-11-03,213,1.0
C03724,7,7,5,7,4745.7699999999995,677.9671428571428,10,2025-07-20,2026-01-22,187,1.14
C00624,7,7,5,7,4619.29,659.8985714285715,16,2025-03-15,2026-05-02,414,0.51
C04977,7,7,4,6,4478.95,639.85,13,2025-06-07,2026-01-08,216,0.99
C04615,7,7,5,6,4141.43,591.6328571428572,10,2025-01-01,2025-06-01,152,1.4
C03254,7,7,3,5,4120.21,588.6014285714285,15,2025-03-09,2026-04-22,410,0.52
C04896,7,7,4,6,4085.07,583.5814285714285,16,2025-05-07,2026-02-10,280,0.76
C02665,7,7,5,6,3775.34,539.3342857142858,16,2025-04-29,2026-04-21,358,0.6
C02439,7,7,4,6,3235.6200000000003,462.23142857142864,16,2025-04-05,2026-03-07,337,0.63
C04114,7,7,4,6,3206.15,458.0214285714286,11,2025-01-19,2026-01-09,356,0.6
C00185,7,7,4,7,3168.89,452.6985714285714,13,2025-03-05,2026-02-16,349,0.61
C01438,7,7,6,7,3009.03,429.8614285714286,12,2025-01-22,2026-05-26,490,0.43
C03031,7,7,4,7,2778.74,396.9628571428571,8,2025-01-08,2025-10-13,279,0.76
C03067,7,7,6,6,2748.21,392.6014285714286,11,2025-05-22,2026-02-21,276,0.77
C02141,7,7,4,7,2658.68,379.81142857142856,14,2025-01-16,2026-01-02,352,0.61
C03378,7,7,5,5,2639.43,377.06142857142856,11,2025-03-18,2025-10-19,216,0.99
C01975,7,7,6,7,2610.7599999999998,372.9657142857142,12,2024-12-30,2026-04-19,476,0.45
C04375,7,7,5,6,2571.5099999999998,367.3585714285714,11,2025-04-05,2026-02-21,323,0.66
C04475,7,7,5,6,2528.1099999999997,361.1585714285714,14,2025-08-29,2026-06-01,277,0.77
C00354,7,7,4,7,2486.2599999999998,355.17999999999995,8,2025-02-17,2026-02-20,369,0.58
C04981,7,7,5,7,2450.1800000000003,350.02571428571434,11,2025-02-19,2025-10-30,254,0.84
C00977,7,7,5,7,2410.5099999999998,344.3585714285714,11,2025-06-27,2026-03-21,268,0.8
C04295,7,7,5,7,2372.69,338.9557142857143,12,2024-12-24,2026-01-20,393,0.54
C01815,7,7,4,6,2300.84,328.6914285714286,14,2025-03-24,2026-01-10,293,0.73
C04105,7,7,5,6,2295.48,327.92571428571426,10,2025-03-24,2026-05-18,421,0.51
C02612,7,7,4,4,2259.41,322.7728571428571,10,2025-01-19,2025-11-23,309,0.69
C04651,7,7,6,7,2210.18,315.73999999999995,13,2025-03-05,2026-04-03,395,0.54
C03483,7,7,4,6,2196.3199999999997,313.75999999999993,11,2025-03-17,2026-04-09,389,0.55
C04358,7,7,6,7,2182.18,311.73999999999995,10,2024-12-18,2025-09-14,271,0.79
C03803,7,7,5,5,2143.88,306.2685714285714,12,2024-12-16,2025-04-28,134,1.59
C01778,7,7,3,4,2139.1400000000003,305.5914285714286,9,2025-01-24,2026-04-13,445,0.48
C01465,7,7,4,6,2114.01,302.0014285714286,9,2025-04-15,2026-04-14,365,0.58
C00363,7,7,5,6,2113.87,301.9814285714286,11,2025-01-31,2025-08-22,204,1.04
C01583,7,7,4,7,2111.99,301.7128571428571,10,2025-04-11,2026-01-18,283,0.75
C02736,7,7,6,6,2107.59,301.0842857142857,9,2025-06-25,2026-03-03,252,0.85
C03542,7,7,3,5,2087.9,298.2714285714286,9,2025-06-20,2026-05-13,328,0.65
C04020,7,7,4,5,2067.4900000000002,295.3557142857143,16,2024-12-21,2026-02-14,421,0.51
C00092,7,7,5,7,2036.79,290.96999999999997,11,2024-12-18,2026-04-18,487,0.44
C00594,7,7,5,6,2008.2000000000003,286.8857142857143,11,2025-02-05,2025-11-03,272,0.78
C01148,7,7,5,7,1993.0,284.7142857142857,10,2025-02-04,2025-11-04,274,0.78
C00137,7,7,6,7,1989.42,284.20285714285717,11,2025-05-12,2026-03-10,303,0.7
C04665,7,7,6,7,1981.51,283.0728571428571,11,2025-04-21,2026-02-12,298,0.72
C03476,7,7,5,6,1979.08,282.7257142857143,11,2024-12-21,2026-05-24,520,0.41
C01933,7,7,4,6,1968.75,281.25,10,2025-02-21,2026-02-26,371,0.57
C03395,7,7,6,7,1930.21,275.7442857142857,13,2025-05-12,2026-02-13,278,0.77
C02598,7,7,5,6,1926.8,275.25714285714287,9,2025-05-11,2026-02-18,284,0.75
C01095,7,7,4,7,1921.59,274.5128571428571,14,2025-10-15,2026-03-20,157,1.36
C00567,7,7,4,7,1879.5000000000002,268.50000000000006,9,2024-12-21,2025-08-18,241,0.88
C00622,7,7,3,5,1858.07,265.43857142857144,9,2025-03-02,2026-03-16,380,0.56
C04360,7,7,4,6,1817.2599999999998,259.6085714285714,11,2024-12-13,2025-12-16,369,0.58
C02251,7,7,4,6,1809.17,258.45285714285717,8,2024-12-17,2025-12-12,361,0.59
C02701,7,7,5,7,1801.59,257.37,9,2025-01-03,2026-01-16,379,0.56
C04405,7,7,5,7,1799.2399999999998,257.03428571428566,9,2025-02-26,2025-12-16,294,0.72
C04652,7,7,3,6,1770.67,252.95285714285714,13,2025-09-01,2026-04-21,233,0.91
C01579,7,7,4,7,1763.8799999999999,251.9828571428571,9,2025-02-12,2025-12-05,297,0.72
C02185,7,7,4,5,1763.05,251.8642857142857,15,2025-03-05,2026-03-04,365,0.58
C00989,7,7,5,6,1752.88,250.4114285714286,13,2025-03-10,2025-10-20,225,0.95
C03516,7,7,5,6,1746.97,249.56714285714287,10,2025-01-27,2026-03-03,401,0.53
C03452,7,7,6,7,1722.35,246.04999999999998,17,2025-02-02,2026-02-17,381,0.56
C00244,7,7,4,6,1707.52,243.93142857142857,12,2025-01-17,2026-02-04,384,0.55
C01682,7,7,6,7,1683.94,240.56285714285715,14,2025-04-30,2026-02-27,304,0.7
C00161,7,7,5,7,1682.51,240.35857142857142,12,2024-12-11,2026-05-31,537,0.4
C02256,7,7,6,7,1670.79,238.68428571428572,9,2025-02-02,2026-05-26,479,0.44
C00787,7,7,3,6,1669.05,238.43571428571428,10,2024-12-26,2026-05-29,520,0.41
C04152,7,7,5,7,1639.13,234.1614285714286,12,2025-03-01,2026-02-13,350,0.61
C02227,7,7,4,7,1607.27,229.60999999999999,9,2025-02-03,2026-02-09,372,0.57
C00801,7,7,5,7,1591.18,227.3114285714286,11,2025-01-13,2026-03-08,420,0.51
C00779,7,7,6,7,1571.6,224.5142857142857,11,2025-02-10,2026-03-17,401,0.53
C01202,7,7,4,5,1562.5500000000002,223.2214285714286,12,2024-12-20,2026-02-01,409,0.52
C04810,7,7,5,7,1562.29,223.18428571428572,9,2025-01-08,2026-05-09,487,0.44
C03110,7,7,5,7,1551.14,221.5914285714286,11,2025-04-03,2026-02-13,317,0.67
C03009,7,7,4,5,1538.63,219.80428571428573,15,2025-05-10,2025-12-11,216,0.99
C02766,7,7,5,7,1528.79,218.39857142857142,7,2024-12-19,2026-02-27,436,0.49
C02269,7,7,4,7,1521.11,217.30142857142854,8,2025-02-07,2026-04-21,439,0.49
C03193,7,7,3,6,1505.72,215.10285714285715,16,2025-05-07,2026-02-01,271,0.79
C01527,7,7,5,6,1502.24,214.6057142857143,9,2024-12-25,2025-09-18,268,0.8
C02639,7,7,5,7,1487.61,212.51571428571427,10,2025-01-02,2025-10-18,290,0.73
C01820,7,7,4,7,1482.29,211.75571428571428,9,2025-04-01,2025-11-29,243,0.88
C03777,7,7,6,7,1482.01,211.71571428571428,10,2025-01-22,2025-12-30,343,0.62
C03767,7,7,6,7,1475.68,210.8114285714286,13,2025-01-29,2025-10-31,276,0.77
C01753,7,7,5,6,1464.58,209.22571428571428,12,2024-12-21,2026-01-26,402,0.53
C04836,7,7,5,7,1460.01,208.57285714285715,9,2025-04-13,2026-01-17,280,0.76
C04938,7,7,6,7,1454.03,207.71857142857144,14,2025-09-10,2026-02-25,169,1.26
C02990,7,7,4,6,1452.19,207.4557142857143,12,2025-01-06,2026-02-05,396,0.54
C02761,7,7,5,6,1446.9299999999998,206.7042857142857,9,2024-12-22,2026-02-03,409,0.52
C01580,7,7,5,6,1437.87,205.41,10,2025-03-31,2026-05-03,399,0.53
C03382,7,7,3,6,1436.64,205.23428571428573,7,2025-02-01,2026-04-17,441,0.48
C00821,7,7,6,7,1432.5900000000001,204.6557142857143,13,2025-01-05,2026-01-04,365,0.58
C04813,7,7,4,7,1431.66,204.52285714285716,11,2024-12-17,2026-01-06,386,0.55
C01361,7,7,5,7,1425.72,203.67428571428573,9,2025-05-13,2025-12-20,222,0.96
C01496,7,7,5,7,1425.07,203.58142857142857,10,2025-02-05,2025-09-18,226,0.94
C01719,7,7,5,6,1424.96,203.56571428571428,9,2024-12-14,2026-03-17,459,0.46
C00311,7,7,6,7,1422.9,203.27142857142857,13,2025-04-26,2026-03-29,338,0.63
C03744,7,7,5,6,1403.9,200.55714285714288,17,2025-01-30,2025-11-28,303,0.7
C01607,7,7,5,7,1397.46,199.63714285714286,10,2025-05-20,2026-05-04,350,0.61
C03384,7,7,6,7,1394.03,199.14714285714285,12,2025-06-12,2026-01-08,211,1.01
C01870,7,7,5,5,1384.06,197.72285714285712,14,2025-01-04,2026-01-10,372,0.57
C04440,7,7,5,6,1377.06,196.72285714285712,12,2024-12-25,2025-07-09,197,1.08
C02395,7,7,4,7,1367.22,195.31714285714287,10,2025-02-28,2026-04-23,420,0.51
C04392,7,7,7,7,1366.5099999999998,195.21571428571426,12,2025-03-13,2026-05-08,422,0.5
C03589,7,7,6,7,1362.67,194.66714285714286,12,2025-06-01,2026-03-02,275,0.77
C02339,7,7,7,7,1351.37,193.05285714285714,12,2025-02-24,2026-01-06,317,0.67
C00692,7,7,4,6,1347.4,192.4857142857143,10,2025-02-04,2026-02-02,364,0.59
C02720,7,7,7,7,1346.39,192.3414285714286,13,2025-05-02,2026-04-04,338,0.63
C01635,7,7,5,7,1342.88,191.84,10,2025-02-05,2025-11-26,295,0.72
C03907,7,7,5,6,1326.89,189.5557142857143,10,2024-12-20,2026-03-29,465,0.46
C01485,7,7,4,7,1324.52,189.21714285714285,9,2025-04-03,2026-03-31,363,0.59
C03705,7,7,5,6,1319.6399999999999,188.51999999999998,12,2025-01-24,2026-04-02,434,0.49
C00334,7,7,6,7,1318.49,188.3557142857143,13,2025-03-07,2026-05-06,426,0.5
C03614,7,7,6,7,1314.87,187.8385714285714,12,2025-04-12,2026-02-24,319,0.67
C01410,7,7,6,7,1313.75,187.67857142857142,11,2025-02-27,2026-05-03,431,0.49
C02491,7,7,6,6,1312.28,187.46857142857144,8,2025-04-06,2026-02-16,317,0.67
C00498,7,7,5,7,1303.7399999999998,186.2485714285714,10,2025-02-17,2026-03-10,387,0.55
C04760,7,7,6,7,1293.5,184.78571428571428,8,2024-12-09,2026-05-09,517,0.41
C04233,7,7,6,7,1292.6100000000001,184.65857142857143,12,2025-03-03,2025-12-16,289,0.74
C02435,7,7,5,6,1284.73,183.53285714285715,16,2025-03-13,2026-04-14,398,0.54
C03543,7,7,6,7,1276.32,182.33142857142857,9,2025-03-16,2026-03-17,367,0.58
C00883,7,7,5,7,1258.07,179.7242857142857,18,2025-01-13,2025-10-26,287,0.74
C00407,7,7,7,7,1248.08,178.29714285714286,10,2025-01-08,2026-02-07,396,0.54
C02713,7,7,4,7,1243.02,177.5742857142857,10,2024-12-09,2025-06-15,189,1.13
C02343,7,7,4,7,1237.21,176.74428571428572,8,2025-03-27,2025-10-18,206,1.03
C02352,7,7,5,7,1229.54,175.64857142857142,11,2025-02-02,2026-04-07,430,0.5
C00505,7,7,7,7,1225.8,175.1142857142857,10,2025-06-11,2026-03-25,288,0.74
C01506,7,7,5,5,1224.62,174.94571428571427,11,2025-02-23,2026-02-13,356,0.6
C01414,7,7,6,7,1223.64,174.8057142857143,10,2025-03-12,2026-03-28,382,0.56
C01510,7,7,6,7,1216.59,173.79857142857142,11,2025-04-22,2026-01-06,260,0.82
C02219,7,7,4,7,1215.99,173.71285714285713,10,2024-12-24,2026-02-21,425,0.5
C03491,7,7,5,7,1202.73,171.81857142857143,10,2025-02-05,2026-05-14,464,0.46
C00446,7,7,4,7,1197.25,171.03571428571428,10,2025-01-23,2025-12-19,331,0.64
C01913,7,7,4,7,1196.44,170.92000000000002,9,2025-03-20,2026-01-31,318,0.67
C01965,7,7,4,7,1195.38,170.76857142857145,10,2025-02-06,2026-03-11,399,0.53
C03148,7,7,4,7,1186.83,169.54714285714286,9,2024-12-18,2025-11-13,331,0.64
C03687,7,7,3,7,1174.98,167.8542857142857,9,2025-01-05,2025-07-03,180,1.18
C04050,7,7,6,7,1168.84,166.97714285714284,10,2024-12-18,2026-02-05,415,0.51
C02172,7,7,4,6,1167.08,166.72571428571428,14,2024-12-29,2025-05-05,128,1.66
C00197,7,7,3,7,1165.3600000000001,166.48000000000002,9,2025-03-18,2025-11-07,235,0.91
C02001,7,7,6,7,1154.21,164.88714285714286,12,2025-03-29,2026-04-01,369,0.58
C00828,7,7,5,7,1153.95,164.85,8,2024-12-08,2025-08-30,266,0.8
C02565,7,7,5,7,1149.18,164.16857142857143,15,2025-04-05,2025-11-05,215,0.99
C02560,7,7,5,7,1143.47,163.35285714285715,9,2025-01-28,2026-04-10,438,0.49
C02599,7,7,5,7,1139.06,162.72285714285712,10,2025-04-04,2025-11-17,228,0.93
C03437,7,7,5,7,1135.21,162.17285714285714,10,2025-01-29,2025-09-30,245,0.87
C00482,7,7,6,7,1132.33,161.76142857142855,12,2024-12-12,2025-05-03,143,1.49
C01217,7,7,4,7,1131.14,161.5914285714286,9,2024-12-05,2025-07-29,237,0.9
C02760,7,7,4,7,1127.12,161.01714285714283,14,2025-02-08,2026-04-30,447,0.48
C03598,7,7,5,5,1123.28,160.46857142857144,7,2025-02-20,2026-03-18,392,0.54
C04469,7,7,6,6,1122.23,160.31857142857143,9,2025-04-06,2026-05-07,397,0.54
C04954,7,7,3,5,1120.1100000000001,160.0157142857143,13,2025-03-13,2026-04-29,413,0.52
C04110,7,7,5,7,1102.33,157.47571428571428,11,2025-07-19,2026-01-19,185,1.15
C02697,7,7,3,7,1092.49,156.07,7,2025-01-06,2026-05-05,485,0.44
C04140,7,7,4,7,1086.33,155.19,10,2024-12-31,2026-05-03,489,0.44
C04263,7,7,3,6,1084.1100000000001,154.87285714285716,17,2024-12-08,2025-08-28,264,0.81
C02438,7,7,4,7,1073.8500000000001,153.40714285714287,11,2025-03-27,2026-05-30,430,0.5
C04280,7,7,5,7,1071.41,153.05857142857144,12,2025-04-27,2025-12-14,232,0.92
C04607,7,7,5,6,1070.69,152.9557142857143,9,2025-03-08,2026-02-19,349,0.61
C00886,7,7,4,6,1068.5900000000001,152.6557142857143,9,2025-01-01,2025-07-28,209,1.02
C02570,7,7,4,6,1066.78,152.39714285714285,11,2025-01-19,2026-03-10,416,0.51
C04653,7,7,5,7,1063.58,151.94,13,2024-12-10,2026-05-19,526,0.41
C00943,7,7,5,6,1059.4099999999999,151.3442857142857,10,2025-01-28,2026-05-17,475,0.45
C02097,7,7,7,7,1059.04,151.29142857142855,10,2025-01-18,2026-05-11,479,0.44
C00739,7,7,6,7,1053.71,150.53,13,2025-01-22,2026-01-02,346,0.62
C03616,7,7,4,6,1052.85,150.40714285714284,8,2025-01-29,2026-05-23,480,0.44
C00647,7,7,5,6,1051.22,150.17428571428573,12,2025-01-31,2026-04-10,435,0.49
C04618,7,7,6,7,1050.22,150.03142857142856,10,2025-03-17,2026-05-18,428,0.5
C04380,7,7,4,7,1049.4,149.91428571428574,9,2025-01-07,2026-02-27,417,0.51
C00800,7,7,4,6,1048.87,149.8385714285714,11,2024-12-10,2026-02-26,444,0.48
C02733,7,7,6,7,1048.67,149.81,10,2025-01-26,2026-02-14,385,0.55
C00115,7,7,6,7,1048.1,149.72857142857143,15,2025-04-05,2025-12-31,271,0.79
C00939,7,7,5,7,1047.3,149.6142857142857,13,2025-02-01,2026-03-31,424,0.5
C01512,7,7,5,7,1035.78,147.96857142857144,12,2024-12-15,2025-06-21,189,1.13
C04064,7,7,3,7,1020.3499999999999,145.7642857142857,11,2025-05-25,2026-01-27,248,0.86
C00877,7,7,5,7,1013.55,144.79285714285714,10,2024-12-10,2025-09-21,286,0.75
C04290,7,7,5,7,1009.5699999999999,144.2242857142857,14,2025-03-25,2026-01-02,284,0.75
C00834,7,7,4,7,1004.96,143.56571428571428,15,2025-02-14,2026-05-31,472,0.45
C04234,7,7,4,7,1003.7,143.3857142857143,10,2025-01-05,2026-02-15,407,0.52
C04034,7,7,4,6,1002.29,143.18428571428572,7,2025-04-20,2025-11-08,203,1.05
C00103,7,7,5,7,998.54,142.64857142857142,16,2024-12-29,2025-06-26,180,1.18
C02200,7,7,5,6,990.53,141.50428571428571,8,2025-01-27,2026-05-29,488,0.44
C03368,7,7,7,7,989.88,141.41142857142856,11,2025-01-12,2026-03-23,436,0.49
C04853,7,7,5,7,987.48,141.06857142857143,9,2025-02-05,2026-01-01,331,0.64
C00315,7,7,5,7,982.13,140.30428571428573,10,2024-12-27,2025-06-25,181,1.18
C04137,7,7,5,7,981.06,140.15142857142857,8,2025-01-17,2026-02-03,383,0.56
C02350,7,7,3,7,980.8399999999999,140.11999999999998,9,2025-03-03,2026-04-08,402,0.53
C00118,7,7,5,7,978.21,139.74428571428572,8,2025-05-25,2026-04-13,324,0.66
C01165,7,7,4,5,974.09,139.15571428571428,13,2024-12-19,2026-05-16,514,0.41
C01834,7,7,4,6,971.29,138.75571428571428,13,2025-01-04,2025-11-28,329,0.65
C02246,7,7,4,7,969.2400000000001,138.46285714285716,11,2024-12-29,2025-10-30,306,0.7
C00869,7,7,4,7,968.96,138.42285714285714,10,2025-02-09,2026-01-27,353,0.6
C02092,7,7,4,6,965.24,137.89142857142858,9,2024-12-23,2026-01-12,386,0.55
C03457,7,7,5,6,957.3299999999999,136.76142857142855,13,2024-12-27,2026-05-01,491,0.43
C03703,7,7,6,7,951.69,135.9557142857143,10,2025-03-16,2026-04-16,397,0.54
C02927,7,7,5,7,943.13,134.73285714285714,11,2024-12-22,2026-02-20,426,0.5
C00768,7,7,6,7,935.63,133.66142857142856,9,2024-12-06,2026-05-14,525,0.41
C03797,7,7,4,5,928.4200000000001,132.6314285714286,9,2024-12-06,2026-04-30,511,0.42
C01728,7,7,4,7,927.11,132.4442857142857,9,2025-05-15,2026-03-14,304,0.7
C03172,7,7,5,7,923.7,131.95714285714286,15,2024-12-09,2026-05-29,537,0.4
C01139,7,7,4,6,923.28,131.89714285714285,10,2025-02-23,2026-05-02,434,0.49
C00294,7,7,3,6,907.2900000000001,129.61285714285717,11,2025-06-22,2026-02-15,239,0.89
C04403,7,7,5,7,903.47,129.06714285714287,13,2024-12-17,2026-04-16,486,0.44
C02764,7,7,5,6,902.89,128.9842857142857,11,2024-12-23,2026-01-20,394,0.54
C00501,7,7,3,6,900.94,128.7057142857143,11,2024-12-28,2026-04-01,460,0.46
C01326,7,7,5,7,900.9100000000001,128.70142857142858,9,2025-02-12,2026-02-20,374,0.57
C03857,7,7,6,6,899.8000000000001,128.54285714285714,11,2025-01-27,2025-12-27,335,0.64
C04251,7,7,5,6,894.58,127.79714285714286,8,2025-01-06,2025-08-16,223,0.96
C02818,7,7,4,6,893.17,127.59571428571428,10,2025-03-10,2025-12-25,291,0.73
C02393,7,7,5,6,891.6,127.37142857142858,9,2025-01-09,2025-08-02,206,1.03
C01752,7,7,5,6,891.1800000000001,127.31142857142858,11,2024-12-17,2026-01-15,395,0.54
C00837,7,7,5,5,890.97,127.28142857142858,8,2025-01-23,2026-03-24,426,0.5
C04099,7,7,5,6,889.67,127.09571428571428,11,2025-03-09,2026-04-30,418,0.51
C02487,7,7,5,7,887.14,126.73428571428572,9,2025-02-02,2026-03-30,422,0.5
C03890,7,7,5,5,885.92,126.55999999999999,10,2024-12-04,2025-08-26,266,0.8
C00416,7,7,5,6,884.4899999999999,126.35571428571427,12,2025-02-10,2025-07-26,167,1.28
C03965,7,7,5,7,881.51,125.92999999999999,8,2024-12-12,2025-08-16,248,0.86
C04262,7,7,4,7,875.69,125.09857142857143,8,2024-12-19,2025-12-13,360,0.59
C02405,7,7,6,7,875.36,125.05142857142857,7,2025-06-04,2026-02-21,263,0.81
C01826,7,7,5,7,872.6800000000001,124.66857142857144,11,2024-12-17,2026-04-14,484,0.44
C02740,7,7,6,7,863.77,123.39571428571428,8,2025-06-16,2026-05-09,328,0.65
C00980,7,7,5,7,863.62,123.37428571428572,9,2024-12-09,2025-04-02,115,1.85
C02460,7,7,5,7,862.37,123.19571428571429,9,2024-12-21,2026-01-12,388,0.55
C04231,7,7,5,7,855.98,122.28285714285714,11,2025-04-29,2026-03-10,316,0.67
C04898,7,7,4,7,854.79,122.11285714285714,8,2025-03-06,2026-01-24,325,0.66
C04082,7,7,5,6,852.13,121.73285714285714,10,2024-12-08,2025-10-08,305,0.7
C03766,7,7,5,6,851.98,121.71142857142857,9,2024-12-23,2026-03-27,460,0.46
C03944,7,7,5,7,851.55,121.64999999999999,12,2024-12-25,2025-07-11,199,1.07
C02386,7,7,5,6,848.26,121.17999999999999,10,2025-03-17,2025-10-14,212,1.01
C00942,7,7,4,7,847.37,121.05285714285715,8,2025-03-28,2026-04-14,383,0.56
C02912,7,7,5,6,845.6600000000001,120.80857142857144,12,2025-04-27,2026-04-08,347,0.61
C00777,7,7,3,5,844.66,120.66571428571429,10,2025-03-10,2026-04-04,391,0.54
C01357,7,7,5,7,841.04,120.14857142857143,14,2025-01-04,2026-04-14,466,0.46
C00778,7,7,5,7,838.81,119.83,11,2025-02-14,2026-04-26,437,0.49
C03953,7,7,4,6,836.72,119.53142857142858,12,2025-05-28,2026-03-29,306,0.7
C04454,7,7,5,6,836.47,119.49571428571429,9,2024-12-13,2026-04-19,493,0.43
C00580,7,7,4,7,836.46,119.49428571428572,9,2025-01-15,2025-05-17,123,1.73
C04180,7,7,5,7,827.5100000000001,118.2157142857143,10,2025-02-06,2025-12-25,323,0.66
C01792,7,7,5,7,825.18,117.88285714285713,11,2024-12-20,2025-11-03,319,0.67
C02469,7,7,5,7,821.29,117.32714285714285,9,2025-01-27,2026-02-26,396,0.54
C00552,7,7,5,7,820.4100000000001,117.20142857142858,12,2024-12-22,2025-12-16,360,0.59
C00053,7,7,5,7,817.41,116.77285714285713,7,2025-02-23,2026-05-21,453,0.47
C00441,7,7,5,6,810.3399999999999,115.76285714285713,9,2024-12-09,2025-12-20,377,0.57
C04886,7,7,4,7,807.66,115.38,10,2025-03-25,2026-04-19,391,0.54
C03157,7,7,4,7,804.39,114.91285714285713,7,2025-03-07,2026-05-28,448,0.48
C04629,7,7,5,6,802.9300000000001,114.70428571428572,9,2024-12-15,2025-07-05,203,1.05
C00997,7,7,4,6,792.8199999999999,113.25999999999999,9,2025-06-27,2026-04-09,287,0.74
C01213,7,7,5,6,792.28,113.18285714285715,11,2025-04-03,2026-04-19,382,0.56
C00577,7,7,7,7,789.17,112.73857142857142,9,2024-12-12,2025-11-26,350,0.61
C00649,7,7,5,7,788.6800000000001,112.66857142857144,13,2025-06-05,2026-04-03,303,0.7
C01025,7,7,4,7,786.39,112.34142857142857,7,2025-02-03,2026-05-03,455,0.47
C02844,7,7,5,6,784.2,112.02857142857144,10,2025-01-04,2025-09-11,251,0.85
C03963,7,7,5,7,780.92,111.55999999999999,8,2024-12-30,2026-03-19,445,0.48
C04551,7,7,3,6,778.93,111.27571428571427,10,2025-02-07,2026-04-30,448,0.48
C01278,7,7,5,7,777.8,111.11428571428571,13,2024-12-13,2026-03-08,451,0.47
C04349,7,7,5,7,777.6700000000001,111.0957142857143,10,2024-12-04,2026-02-12,436,0.49
C00293,7,7,5,7,776.61,110.94428571428571,8,2025-01-22,2026-02-19,394,0.54
C03200,7,7,3,6,776.58,110.94000000000001,8,2025-02-09,2025-12-14,309,0.69
C00820,7,7,6,7,772.62,110.37428571428572,11,2025-01-19,2026-03-27,433,0.49
C02428,7,7,5,6,772.4599999999999,110.35142857142856,10,2025-01-02,2026-05-12,496,0.43
C03548,7,7,3,5,762.15,108.87857142857142,11,2025-04-17,2026-03-28,346,0.62
C02591,7,7,4,7,760.7099999999999,108.67285714285713,8,2025-04-03,2026-04-15,378,0.56
C01042,7,7,6,7,759.46,108.49428571428572,9,2025-04-28,2026-03-13,320,0.67
C00313,7,7,5,6,755.1,107.87142857142858,12,2025-01-17,2025-08-24,220,0.97
C02502,7,7,5,6,749.31,107.0442857142857,8,2025-01-15,2026-01-29,380,0.56
C02190,7,7,6,7,739.85,105.69285714285715,7,2025-01-25,2025-11-26,306,0.7
C01618,7,7,4,7,737.76,105.39428571428572,12,2025-02-20,2026-01-22,337,0.63
C03639,7,7,3,6,725.65,103.66428571428571,12,2025-02-13,2026-04-24,436,0.49
C02716,7,7,6,6,723.8,103.39999999999999,13,2024-12-18,2025-07-17,212,1.01
C00595,7,7,6,7,715.59,102.22714285714287,13,2024-12-16,2026-01-04,385,0.55
C01099,7,7,4,5,709.65,101.37857142857142,9,2025-07-26,2026-01-01,160,1.33
C02830,7,7,6,7,701.56,100.22285714285714,9,2024-12-28,2026-03-18,446,0.48
C04083,7,7,6,7,701.05,100.14999999999999,9,2025-02-09,2025-10-18,252,0.85
C03214,7,7,6,7,698.81,99.83,9,2025-02-24,2025-10-16,235,0.91
C00344,7,7,4,7,697.6899999999999,99.66999999999999,7,2024-12-16,2026-03-04,444,0.48
C03486,7,7,6,7,697.41,99.63,9,2025-02-17,2026-05-20,458,0.47
C00788,7,7,5,7,693.18,99.02571428571427,9,2024-12-31,2025-08-08,221,0.96
C04070,7,7,5,7,691.51,98.78714285714285,12,2024-12-18,2025-08-18,244,0.87
C04269,7,7,5,7,688.18,98.31142857142856,10,2025-01-13,2026-03-23,435,0.49
C04654,7,7,4,6,687.42,98.20285714285714,12,2025-04-18,2026-04-04,352,0.61
C04247,7,7,6,7,686.9200000000001,98.13142857142859,9,2025-02-09,2026-03-17,402,0.53
C04834,7,7,4,6,685.23,97.89,9,2025-01-31,2025-12-05,309,0.69
C03640,7,7,4,7,683.2900000000001,97.61285714285715,9,2024-12-30,2026-04-23,480,0.44
C04792,7,7,5,7,680.26,97.17999999999999,8,2025-03-18,2026-02-10,330,0.65
C02998,7,7,5,7,678.76,96.96571428571428,8,2024-12-06,2025-04-19,135,1.58
C03276,7,7,5,6,678.33,96.90428571428572,9,2024-12-24,2025-12-09,351,0.61
C04944,7,7,5,7,678.12,96.87428571428572,10,2025-01-12,2026-03-25,438,0.49
C00146,7,7,4,6,677.5699999999999,96.79571428571428,12,2025-01-26,2025-07-28,184,1.16
C01615,7,7,5,7,677.04,96.72,13,2025-02-16,2026-01-12,331,0.64
C03672,7,7,3,6,675.55,96.50714285714285,10,2024-12-12,2026-01-24,409,0.52
C01722,7,7,4,7,670.42,95.77428571428571,11,2024-12-22,2025-09-09,262,0.81
C01805,7,7,3,7,670.17,95.73857142857142,10,2025-01-10,2025-06-15,157,1.36
C03578,7,7,4,6,669.0799999999999,95.58285714285714,8,2024-12-06,2025-11-18,348,0.61
C02170,7,7,4,6,666.0,95.14285714285714,10,2025-05-22,2026-01-31,255,0.84
C02968,7,7,5,6,658.88,94.12571428571428,13,2024-12-12,2025-06-23,194,1.1
C01693,7,7,5,7,658.8399999999999,94.11999999999999,9,2025-01-03,2025-08-31,241,0.88
C00282,7,7,6,7,658.1,94.01428571428572,7,2024-12-18,2026-03-07,445,0.48
C00470,7,7,5,7,655.88,93.69714285714285,7,2024-12-30,2026-05-17,504,0.42
C00420,7,7,5,6,654.83,93.54714285714286,8,2024-12-18,2025-09-16,273,0.78
C01681,7,7,4,7,652.5699999999999,93.2242857142857,12,2025-01-27,2025-12-18,326,0.65
C03707,7,7,6,7,652.35,93.19285714285715,11,2025-01-13,2025-07-17,186,1.15
C04344,7,7,5,7,651.6800000000001,93.09714285714287,10,2024-12-31,2025-09-04,248,0.86
C03664,7,7,4,7,644.25,92.03571428571429,8,2025-01-05,2026-01-14,375,0.57
C01733,7,7,6,7,643.77,91.96714285714286,10,2024-12-28,2026-02-16,416,0.51
C01684,7,7,5,5,641.7,91.67142857142858,7,2025-01-02,2025-10-20,292,0.73
C03828,7,7,5,5,637.62,91.08857142857143,9,2025-01-06,2025-05-14,129,1.65
C01574,7,7,4,7,635.8299999999999,90.83285714285714,7,2025-01-05,2026-05-22,503,0.42
C03080,7,7,4,7,634.78,90.68285714285715,10,2024-12-29,2025-11-03,310,0.69
C03648,7,7,4,7,623.42,89.05999999999999,9,2024-12-26,2025-06-27,184,1.16
C01082,7,7,5,6,621.74,88.82000000000001,9,2024-12-19,2026-02-16,425,0.5
C03537,7,7,5,7,620.53,88.64714285714285,10,2025-01-05,2025-12-01,331,0.64
C01751,7,7,5,7,618.83,88.40428571428572,10,2024-12-14,2025-11-11,333,0.64
C00076,7,7,6,6,618.51,88.35857142857142,8,2024-12-12,2025-06-13,184,1.16
C02275,7,7,5,6,618.34,88.33428571428571,8,2025-02-14,2026-02-20,372,0.57
C03941,7,7,6,6,616.37,88.05285714285715,8,2025-04-06,2026-05-12,402,0.53
C00990,7,7,4,7,616.25,88.03571428571429,9,2025-02-06,2026-03-26,414,0.51
C02989,7,7,5,7,613.49,87.64142857142858,7,2025-03-17,2026-03-01,350,0.61
C04870,7,7,4,6,613.4200000000001,87.63142857142859,7,2025-01-02,2025-10-18,290,0.73
C02283,7,7,5,7,610.4399999999999,87.20571428571428,9,2024-12-27,2025-09-05,253,0.84
C00669,7,7,4,7,608.3699999999999,86.90999999999998,9,2024-12-19,2025-10-12,298,0.72
C02644,7,7,4,5,606.99,86.71285714285715,7,2025-05-01,2026-04-11,346,0.62
C03591,7,7,5,7,606.3,86.61428571428571,11,2025-03-03,2026-05-13,437,0.49
C03938,7,7,6,6,602.4399999999999,86.06285714285714,9,2025-09-15,2026-02-23,162,1.32
C01115,7,7,5,7,598.3299999999999,85.47571428571428,10,2025-02-02,2026-03-20,412,0.52
C02051,7,7,4,6,598.27,85.46714285714286,10,2025-03-04,2025-11-11,253,0.84
C04195,7,7,5,7,588.34,84.04857142857144,8,2024-12-16,2025-05-05,141,1.51
C03517,7,7,4,7,586.29,83.75571428571428,10,2025-03-24,2025-12-24,276,0.77
C01441,7,7,3,7,585.46,83.63714285714286,15,2024-12-25,2025-11-03,314,0.68
C00110,7,7,6,7,579.1,82.72857142857143,10,2025-06-21,2026-04-14,298,0.72
C02757,7,7,4,7,577.22,82.46000000000001,12,2025-06-16,2026-03-11,269,0.79
C02703,7,7,3,6,577.14,82.44857142857143,15,2024-12-26,2025-10-21,300,0.71
C03580,7,7,4,6,575.2,82.17142857142858,7,2024-12-22,2026-02-28,434,0.49
C01206,7,7,4,6,571.31,81.61571428571428,10,2025-09-02,2026-04-24,235,0.91
C04138,7,7,5,7,571.06,81.58,8,2025-02-21,2026-03-12,385,0.55
C01281,7,7,5,7,566.17,80.88142857142857,8,2024-12-08,2025-05-06,150,1.42
C02016,7,7,6,7,565.03,80.71857142857142,10,2025-01-20,2026-03-20,425,0.5
C02906,7,7,4,6,563.16,80.45142857142856,9,2025-04-18,2025-12-27,254,0.84
C02293,7,7,2,5,558.99,79.85571428571428,12,2025-01-20,2026-03-16,421,0.51
C04245,7,7,5,7,556.81,79.5442857142857,11,2025-02-08,2026-05-17,464,0.46
C04895,7,7,5,7,554.27,79.18142857142857,11,2024-12-22,2026-04-29,494,0.43
C00260,7,7,6,7,553.3000000000001,79.04285714285716,10,2024-12-15,2026-01-08,390,0.55
C04628,7,7,5,6,548.87,78.41,9,2025-03-01,2026-02-16,353,0.6
C04949,7,7,5,6,545.4399999999999,77.91999999999999,7,2025-03-09,2026-01-18,316,0.67
C04332,7,7,5,7,542.91,77.55857142857143,9,2025-03-03,2026-04-11,405,0.53
C01802,7,7,6,7,540.95,77.27857142857144,11,2025-01-10,2025-08-08,211,1.01
C02546,7,7,4,7,540.78,77.25428571428571,11,2024-12-19,2025-11-03,320,0.67
C03365,7,7,5,7,539.8,77.11428571428571,11,2025-01-12,2026-01-09,363,0.59
C03039,7,7,5,7,537.72,76.81714285714285,10,2024-12-31,2025-10-29,303,0.7
C04098,7,7,6,7,534.35,76.33571428571429,10,2025-02-13,2026-03-22,403,0.53
C02604,7,7,6,6,531.6700000000001,75.95285714285716,10,2025-04-19,2026-03-15,331,0.64
C03441,7,7,4,6,531.36,75.90857142857143,8,2024-12-09,2025-11-13,340,0.63
C02809,7,7,4,6,529.63,75.66142857142857,13,2024-12-08,2025-11-21,349,0.61
C04206,7,7,4,5,523.74,74.82000000000001,8,2025-04-16,2025-10-29,197,1.08
C02935,7,7,5,7,515.9,73.7,7,2025-01-30,2026-01-08,344,0.62
C01462,7,7,4,5,508.73,72.67571428571429,8,2025-01-27,2026-05-06,465,0.46
C00201,7,7,4,7,505.67,72.23857142857143,9,2024-12-18,2026-01-30,409,0.52
C02673,7,7,4,7,498.48,71.21142857142857,11,2025-03-22,2025-11-02,226,0.94
C03123,7,7,4,6,490.62,70.08857142857143,8,2024-12-21,2025-07-30,222,0.96
C00419,7,7,5,7,480.23,68.60428571428572,8,2024-12-20,2025-10-08,293,0.73
C03367,7,7,5,7,477.61,68.23,10,2024-12-23,2025-12-07,350,0.61
C01704,7,7,4,5,476.75,68.10714285714286,18,2025-01-26,2025-08-28,215,0.99
C00743,7,7,4,7,474.21000000000004,67.74428571428572,8,2025-02-02,2026-05-03,456,0.47
C04992,7,7,5,7,466.45,66.63571428571429,7,2025-03-05,2025-09-14,194,1.1
C01984,7,7,4,6,463.2,66.17142857142856,10,2025-01-09,2025-09-16,251,0.85
C04672,7,7,5,7,462.89,66.12714285714286,10,2024-12-06,2025-07-18,225,0.95
C04006,7,7,7,7,449.58,64.22571428571429,8,2024-12-21,2025-07-09,201,1.06
C01475,7,7,5,7,449.33,64.19,7,2025-03-07,2025-11-28,267,0.8
C03245,7,7,5,6,446.74,63.82,7,2024-12-04,2026-01-12,405,0.53
C04749,7,7,4,7,445.61,63.65857142857143,9,2025-03-11,2026-04-03,389,0.55
C00066,7,7,4,6,444.41,63.487142857142864,10,2025-01-09,2026-05-11,488,0.44
C00719,7,7,4,7,442.22,63.174285714285716,11,2025-01-07,2025-12-09,337,0.63
C02004,7,7,4,6,441.47,63.06714285714286,8,2025-05-24,2026-05-11,353,0.6
C02288,7,7,5,7,437.68,62.52571428571429,8,2025-04-07,2026-01-22,291,0.73
C04958,7,7,4,6,435.89,62.269999999999996,11,2025-02-19,2025-06-27,129,1.65
C04427,7,7,5,6,433.84000000000003,61.97714285714286,10,2024-12-15,2025-11-18,339,0.63
C00513,7,7,5,7,424.05,60.57857142857143,9,2025-01-01,2026-01-31,396,0.54
C03265,7,7,4,7,421.74,60.24857142857143,10,2025-01-26,2025-10-09,257,0.83
C00058,7,7,4,7,412.24,58.89142857142857,8,2025-02-11,2026-02-17,372,0.57
C04710,7,7,4,6,405.58,57.94,11,2024-12-18,2025-08-07,233,0.91
C04514,7,7,4,5,394.51,56.35857142857143,7,2025-02-27,2026-04-10,408,0.52
C02648,7,7,4,7,384.42,54.917142857142856,10,2025-02-10,2025-12-11,305,0.7
C01578,7,7,5,6,383.17,54.73857142857143,10,2025-04-16,2026-04-13,363,0.59
C04173,7,7,5,6,363.85,51.978571428571435,9,2025-04-03,2026-03-12,344,0.62
C03783,7,7,3,7,361.28,51.61142857142857,9,2025-03-06,2025-12-17,287,0.74
C00309,7,7,5,7,360.7,51.528571428571425,10,2024-12-26,2025-03-04,69,3.09
C01000,7,7,3,7,346.57,49.51,8,2025-01-05,2025-10-28,297,0.72
C04049,7,7,5,7,321.99,45.99857142857143,7,2024-12-23,2025-07-14,204,1.04
C03059,7,7,4,7,320.81,45.83,7,2024-12-22,2026-02-16,422,0.5
C03750,7,7,4,6,303.67,43.38142857142857,8,2024-12-05,2025-10-07,307,0.69
C02886,7,7,3,6,256.02,36.574285714285715,9,2024-12-05,2025-06-05,183,1.16
C04230,7,7,4,5,250.9,35.84285714285714,8,2024-12-30,2025-08-13,227,0.94
C02503,7,7,4,7,227.16,32.45142857142857,8,2024-12-21,2025-11-25,340,0.63
C04925,6,6,4,6,10273.900000000001,1712.3166666666668,19,2025-02-06,2026-03-28,416,0.44
C02915,6,6,4,6,6866.9400000000005,1144.49,10,2025-08-26,2026-03-20,207,0.88
C01907,6,6,4,6,6242.84,1040.4733333333334,11,2025-07-23,2026-04-28,280,0.65
C03088,6,6,4,5,5966.1900000000005,994.3650000000001,14,2025-02-02,2026-03-10,402,0.45
C01269,6,6,3,6,5137.31,856.2183333333334,14,2025-05-06,2026-03-18,317,0.58
C00959,6,6,3,5,5071.8,845.3000000000001,11,2025-06-27,2026-03-16,263,0.69
C04268,6,6,4,5,5033.57,838.9283333333333,14,2025-02-12,2025-09-03,204,0.9
C00145,6,6,4,6,4697.04,782.84,17,2025-03-11,2026-03-16,371,0.49
C04918,6,6,5,5,4624.29,770.715,12,2025-04-24,2026-05-14,386,0.47
C01380,6,6,2,4,4456.8099999999995,742.8016666666666,8,2025-08-13,2026-03-10,210,0.87
C02330,6,6,5,6,4361.26,726.8766666666667,16,2025-08-08,2026-01-27,173,1.06
C02802,6,6,5,6,4322.59,720.4316666666667,11,2025-02-15,2026-02-27,378,0.48
C02208,6,6,3,5,4299.7699999999995,716.6283333333332,12,2025-05-26,2026-03-21,300,0.61
C00010,6,6,5,6,4285.4800000000005,714.2466666666668,14,2025-03-15,2026-03-02,353,0.52
C04190,6,6,4,5,4221.610000000001,703.6016666666668,8,2025-06-08,2026-02-28,266,0.69
C02590,6,6,3,6,3931.43,655.2383333333333,9,2025-05-16,2025-12-20,219,0.83
C00944,6,6,4,6,3927.5200000000004,654.5866666666667,13,2025-02-18,2026-03-22,398,0.46
C03851,6,6,3,5,3771.68,628.6133333333333,13,2024-12-30,2026-02-22,420,0.43
C04869,6,6,4,5,3713.54,618.9233333333333,10,2025-07-16,2026-03-08,236,0.77
C03242,6,6,4,6,3630.52,605.0866666666667,11,2025-01-15,2026-01-12,363,0.5
C01883,6,6,4,5,3573.01,595.5016666666667,8,2025-04-28,2026-04-20,358,0.51
C04544,6,6,4,6,3388.0499999999997,564.675,14,2025-05-04,2026-02-26,299,0.61
C03600,6,6,4,6,3359.11,559.8516666666667,7,2025-07-07,2026-05-07,305,0.6
C01191,6,6,3,5,3308.94,551.49,10,2025-01-20,2025-11-30,315,0.58
C02014,6,6,5,6,3244.96,540.8266666666667,9,2025-02-27,2026-04-29,427,0.43
C02281,6,6,4,5,3187.04,531.1733333333333,17,2025-01-11,2025-12-15,339,0.54
C02303,6,6,4,6,3148.19,524.6983333333334,10,2025-06-04,2026-04-11,312,0.59
C02601,6,6,4,6,3099.78,516.63,13,2025-02-21,2026-01-20,334,0.55
C01089,6,6,4,6,3027.14,504.5233333333333,10,2025-04-05,2026-03-03,333,0.55
C00711,6,6,3,5,2966.5299999999997,494.4216666666666,7,2025-02-07,2026-05-17,465,0.39
C01552,6,6,4,6,2961.87,493.645,11,2025-01-20,2026-02-10,387,0.47
C03131,6,6,4,4,2897.23,482.87166666666667,9,2025-01-13,2025-06-03,142,1.29
C04688,6,6,3,6,2840.85,473.47499999999997,13,2025-02-23,2026-05-01,433,0.42
C03089,6,6,5,6,2814.5699999999997,469.09499999999997,10,2025-04-13,2026-02-28,322,0.57
C04029,6,6,6,6,2753.98,458.99666666666667,16,2025-04-30,2026-05-08,374,0.49
C03983,6,6,4,4,2737.03,456.1716666666667,12,2025-03-30,2025-12-10,256,0.71
C03288,6,6,4,5,2708.95,451.4916666666666,12,2025-03-22,2026-04-20,395,0.46
C03014,6,6,5,6,2573.02,428.83666666666664,12,2025-06-27,2026-01-02,190,0.96
C03106,6,6,3,5,2550.69,425.115,11,2025-01-17,2026-05-14,483,0.38
C03271,6,6,5,6,2543.67,423.945,9,2025-03-12,2026-03-19,373,0.49
C03892,6,6,4,6,2496.53,416.08833333333337,13,2025-03-07,2025-11-29,268,0.68
C04522,6,6,4,6,2436.04,406.00666666666666,13,2025-03-11,2026-01-10,306,0.6
C02946,6,6,5,6,2428.5,404.75,12,2025-04-05,2026-03-28,358,0.51
C02746,6,6,4,6,2338.91,389.8183333333333,10,2025-01-23,2025-10-28,279,0.65
C01593,6,6,3,6,2309.79,384.965,7,2025-02-13,2025-12-17,308,0.59
C03508,6,6,3,5,2302.6400000000003,383.77333333333337,13,2025-05-17,2026-01-09,238,0.77
C04016,6,6,3,6,2290.1,381.68333333333334,7,2025-03-13,2026-04-03,387,0.47
C01803,6,6,4,6,2275.27,379.21166666666664,10,2025-02-08,2025-11-20,286,0.64
C02177,6,6,5,6,2268.08,378.0133333333333,7,2025-02-18,2026-01-25,342,0.53
C02657,6,6,4,5,2264.41,377.40166666666664,9,2024-12-25,2025-02-20,58,3.15
C04952,6,6,5,6,2252.3399999999997,375.38999999999993,11,2025-02-09,2026-02-20,377,0.48
C01969,6,6,5,6,2210.94,368.49,12,2025-07-19,2026-04-07,263,0.69
C01749,6,6,3,6,2201.52,366.92,8,2025-07-11,2026-01-14,188,0.97
C04453,6,6,3,5,2198.5299999999997,366.4216666666666,12,2025-03-22,2025-10-11,204,0.9
C00070,6,6,4,6,2177.6,362.93333333333334,11,2025-06-30,2026-04-20,295,0.62
C04481,6,6,5,6,2148.79,358.13166666666666,9,2025-07-30,2026-01-09,164,1.11
C04855,6,6,6,6,2123.9900000000002,353.9983333333334,10,2024-12-20,2026-05-12,509,0.36
C02037,6,6,5,6,2107.16,351.1933333333333,11,2025-02-05,2025-12-20,319,0.57
C03574,6,6,5,5,2081.66,346.9433333333333,10,2025-02-12,2026-03-09,391,0.47
C00802,6,6,4,6,2058.8399999999997,343.13999999999993,12,2024-12-19,2025-08-21,246,0.74
C01440,6,6,5,6,2044.6700000000003,340.77833333333336,11,2025-03-31,2026-05-12,408,0.45
C01867,6,6,5,6,2024.1000000000001,337.35,10,2025-04-13,2025-12-13,245,0.75
C02345,6,6,4,6,2018.8999999999999,336.4833333333333,9,2025-03-13,2026-02-07,332,0.55
C04762,6,6,4,6,2010.13,335.0216666666667,10,2024-12-31,2026-01-24,390,0.47
C02371,6,6,5,6,2007.1,334.51666666666665,12,2025-05-23,2026-03-20,302,0.6
C04764,6,6,4,6,1967.69,327.9483333333333,11,2025-01-22,2025-09-27,249,0.73
C04390,6,6,5,6,1894.4499999999998,315.7416666666666,10,2025-04-16,2026-02-10,301,0.61
C02883,6,6,4,5,1840.67,306.77833333333336,12,2025-01-17,2026-01-22,371,0.49
C04856,6,6,5,5,1840.3799999999999,306.72999999999996,9,2025-02-28,2026-04-07,404,0.45
C01569,6,6,5,6,1771.17,295.195,10,2025-10-06,2026-05-08,215,0.85
C04509,6,6,4,5,1745.27,290.87833333333333,10,2024-12-04,2025-12-25,387,0.47
C01763,6,6,5,5,1742.9299999999998,290.4883333333333,14,2025-01-16,2025-12-18,337,0.54
C03413,6,6,3,5,1728.78,288.13,6,2025-01-18,2026-03-15,422,0.43
C01570,6,6,4,5,1713.68,285.61333333333334,12,2025-03-02,2025-10-09,222,0.82
C02344,6,6,4,6,1681.5,280.25,12,2024-12-25,2025-08-30,249,0.73
C02889,6,6,4,6,1650.49,275.08166666666665,8,2025-04-04,2026-06-03,426,0.43
C03037,6,6,5,6,1644.24,274.04,9,2025-02-08,2025-10-09,244,0.75
C03317,6,6,5,5,1596.87,266.145,9,2025-01-18,2026-03-10,417,0.44
C00142,6,6,4,5,1587.87,264.645,7,2025-07-09,2026-03-24,259,0.71
C00149,6,6,4,5,1586.94,264.49,7,2025-02-24,2026-05-02,433,0.42
C00776,6,6,4,5,1576.3700000000001,262.72833333333335,10,2025-05-24,2026-05-01,343,0.53
C03287,6,6,5,6,1555.58,259.2633333333333,12,2025-06-21,2026-01-06,200,0.91
C04441,6,6,5,6,1549.3899999999999,258.2316666666666,10,2025-03-05,2026-03-13,374,0.49
C04303,6,6,5,6,1546.77,257.795,12,2025-04-29,2026-04-12,349,0.52
C00120,6,6,6,6,1538.65,256.44166666666666,8,2025-01-31,2026-04-16,441,0.41
C04924,6,6,4,6,1538.18,256.36333333333334,9,2025-05-23,2025-11-30,192,0.95
C04254,6,6,5,6,1517.96,252.99333333333334,8,2025-01-20,2026-02-27,404,0.45
C01786,6,6,4,5,1517.01,252.835,12,2025-02-27,2026-05-06,434,0.42
C04148,6,6,4,6,1508.71,251.45166666666668,8,2025-04-27,2026-01-19,268,0.68
C02839,6,6,3,6,1499.77,249.96166666666667,8,2024-12-27,2025-11-02,311,0.59
C01695,6,6,5,6,1492.54,248.75666666666666,11,2025-08-17,2026-02-21,189,0.97
C00655,6,6,6,6,1476.9299999999998,246.15499999999997,12,2025-03-10,2025-12-13,279,0.65
C00008,6,6,5,6,1476.39,246.06500000000003,8,2025-02-14,2026-02-10,362,0.5
C01935,6,6,5,6,1470.4,245.0666666666667,9,2025-03-02,2026-03-27,391,0.47
C03626,6,6,4,5,1451.49,241.915,8,2025-03-11,2026-05-04,420,0.43
C02770,6,6,3,6,1448.35,241.39166666666665,8,2025-03-17,2026-02-06,327,0.56
C00171,6,6,4,5,1432.26,238.71,14,2025-01-14,2025-06-04,142,1.29
C02488,6,6,5,6,1428.79,238.13166666666666,9,2025-03-17,2026-04-01,381,0.48
C03535,6,6,4,5,1414.0700000000002,235.67833333333337,12,2025-03-08,2025-11-13,251,0.73
C00382,6,6,4,6,1410.4,235.0666666666667,8,2025-06-25,2026-05-14,324,0.56
C01130,6,6,5,6,1401.96,233.66,8,2025-04-12,2026-03-08,331,0.55
C00554,6,6,5,6,1398.15,233.025,9,2024-12-16,2025-11-10,330,0.55
C03582,6,6,4,6,1385.12,230.85333333333332,11,2025-04-29,2026-01-27,274,0.67
C03183,6,6,4,5,1363.5,227.25,9,2025-05-12,2025-12-27,230,0.79
C02822,6,6,4,6,1347.49,224.58166666666668,9,2025-02-24,2026-01-03,314,0.58
C04506,6,6,4,6,1347.41,224.56833333333336,8,2025-01-03,2025-07-13,192,0.95
C04771,6,6,4,5,1342.75,223.79166666666666,8,2025-01-31,2026-03-01,395,0.46
C01064,6,6,5,5,1342.46,223.74333333333334,10,2025-02-05,2026-02-02,363,0.5
C03609,6,6,5,5,1339.17,223.19500000000002,11,2025-01-04,2025-09-06,246,0.74
C01487,6,6,4,5,1338.91,223.15166666666667,9,2025-02-07,2025-08-30,205,0.89
C00321,6,6,4,6,1338.1899999999998,223.03166666666664,9,2025-04-25,2026-05-10,381,0.48
C02255,6,6,5,6,1318.18,219.6966666666667,13,2024-12-20,2025-10-13,298,0.61
C00048,6,6,5,5,1310.8,218.46666666666667,9,2025-01-13,2026-01-17,370,0.49
C00585,6,6,4,5,1301.3,216.88333333333333,10,2025-04-20,2025-12-22,247,0.74
C01589,6,6,4,6,1289.41,214.90166666666667,10,2024-12-18,2025-11-06,324,0.56
C04338,6,6,5,6,1288.88,214.81333333333336,12,2025-03-08,2025-12-24,292,0.63
C01836,6,6,4,6,1284.44,214.07333333333335,12,2024-12-15,2025-12-18,369,0.49
C00632,6,6,4,6,1278.97,213.16166666666666,9,2024-12-21,2026-05-06,502,0.36
C04683,6,6,6,6,1277.57,212.9283333333333,9,2025-02-18,2026-04-29,436,0.42
C03334,6,6,4,6,1273.06,212.17666666666665,9,2024-12-12,2025-05-14,154,1.19
C04995,6,6,3,5,1252.51,208.75166666666667,8,2025-06-14,2025-11-26,166,1.1
C03565,6,6,5,6,1246.67,207.77833333333334,8,2025-04-20,2025-09-15,149,1.23
C01164,6,6,4,6,1244.32,207.38666666666666,12,2024-12-19,2026-05-07,505,0.36
C01638,6,6,5,6,1243.57,207.26166666666666,9,2025-03-05,2026-05-24,446,0.41
C00180,6,6,4,5,1241.53,206.92166666666665,10,2025-01-22,2026-02-27,402,0.45
C00391,6,6,6,6,1236.82,206.13666666666666,9,2025-01-29,2026-04-26,453,0.4
C00960,6,6,3,5,1234.36,205.72666666666666,10,2024-12-07,2026-03-15,464,0.39
C00017,6,6,4,5,1228.77,204.795,12,2024-12-27,2026-02-05,406,0.45
C00657,6,6,4,6,1226.58,204.42999999999998,7,2025-01-12,2026-03-24,437,0.42
C01931,6,6,4,5,1221.86,203.64333333333332,11,2025-05-14,2026-02-13,276,0.66
C04015,6,6,3,5,1218.36,203.05999999999997,8,2025-02-06,2026-03-29,417,0.44
C04108,6,6,5,6,1212.97,202.16166666666666,8,2025-04-14,2025-10-21,191,0.96
C02795,6,6,4,5,1211.16,201.86,9,2025-02-03,2025-12-12,313,0.58
C02799,6,6,4,6,1210.24,201.70666666666668,10,2025-04-14,2026-03-28,349,0.52
C00588,6,6,4,6,1202.84,200.47333333333333,9,2025-01-03,2025-11-26,328,0.56
C02686,6,6,4,4,1198.62,199.76999999999998,7,2025-02-03,2025-08-06,185,0.99
C03238,6,6,3,5,1192.67,198.77833333333334,7,2025-01-19,2025-07-27,190,0.96
C03596,6,6,5,6,1192.03,198.67166666666665,9,2025-05-19,2026-04-25,342,0.53
C00713,6,6,5,6,1187.3400000000001,197.89000000000001,7,2025-05-08,2026-01-16,254,0.72
C03496,6,6,4,5,1184.98,197.49666666666667,13,2025-11-12,2026-04-14,154,1.19
C01804,6,6,5,6,1180.3100000000002,196.71833333333336,12,2024-12-21,2026-02-14,421,0.43
C02954,6,6,4,6,1173.7,195.61666666666667,13,2025-02-15,2026-01-15,335,0.55
C02964,6,6,3,4,1173.35,195.5583333333333,10,2025-03-22,2026-05-24,429,0.43
C03112,6,6,4,6,1162.1200000000001,193.6866666666667,8,2024-12-10,2025-06-30,203,0.9
C03770,6,6,5,5,1156.74,192.79,9,2025-03-08,2026-03-05,363,0.5
C04799,6,6,5,6,1156.06,192.67666666666665,14,2025-01-17,2025-08-29,225,0.81
C01667,6,6,5,6,1150.35,191.725,7,2024-12-14,2026-03-19,461,0.4
C04389,6,6,4,5,1140.52,190.08666666666667,9,2024-12-30,2026-03-22,448,0.41
C01258,6,6,4,5,1136.0,189.33333333333334,10,2025-03-03,2026-04-25,419,0.44
C01076,6,6,6,6,1131.1,188.51666666666665,13,2025-01-07,2025-11-13,311,0.59
C03587,6,6,3,5,1130.99,188.49833333333333,8,2025-01-28,2025-10-22,268,0.68
C03101,6,6,4,5,1129.7,188.28333333333333,13,2024-12-16,2026-01-28,409,0.45
C00007,6,6,6,6,1123.71,187.285,8,2025-04-11,2026-01-06,271,0.67
C01299,6,6,4,6,1114.99,185.83166666666668,7,2025-01-21,2026-04-18,453,0.4
C01856,6,6,3,5,1105.31,184.21833333333333,6,2025-03-20,2026-02-07,325,0.56
C00953,6,6,4,5,1094.54,182.42333333333332,13,2024-12-08,2025-08-27,263,0.69
C01742,6,6,5,6,1086.83,181.13833333333332,13,2025-02-06,2025-12-23,321,0.57
C03255,6,6,4,6,1086.6399999999999,181.10666666666665,17,2025-01-18,2026-03-25,432,0.42
C01896,6,6,3,5,1077.82,179.63666666666666,10,2025-04-16,2026-05-17,397,0.46
C00172,6,6,5,6,1057.47,176.245,7,2025-02-08,2026-04-14,431,0.42
C01088,6,6,4,5,1055.06,175.84333333333333,9,2025-07-07,2026-04-18,286,0.64
C03109,6,6,5,6,1046.4,174.4,11,2024-12-27,2025-08-16,233,0.78
C00188,6,6,5,5,1046.3600000000001,174.39333333333335,10,2025-01-30,2026-04-20,446,0.41
C03399,6,6,5,6,1045.27,174.21166666666667,7,2024-12-12,2026-01-14,399,0.46
C01123,6,6,3,6,1044.85,174.14166666666665,7,2025-01-14,2025-12-11,332,0.55
C04373,6,6,4,5,1043.91,173.985,7,2025-02-15,2026-02-11,362,0.5
C02699,6,6,5,5,1042.3400000000001,173.72333333333336,8,2025-03-06,2025-10-27,236,0.77
C02105,6,6,4,6,1041.6,173.6,6,2025-01-29,2026-04-30,457,0.4
C00641,6,6,5,6,1040.88,173.48000000000002,8,2025-04-26,2026-03-08,317,0.58
C02888,6,6,5,6,1040.17,173.36166666666668,9,2024-12-21,2025-12-03,348,0.52
C01562,6,6,4,6,1039.4,173.23333333333335,8,2025-01-07,2025-12-11,339,0.54
C00950,6,6,5,6,1023.5600000000001,170.59333333333333,9,2024-12-19,2025-10-01,287,0.64
C01999,6,6,5,5,1018.74,169.79,7,2025-04-29,2026-03-01,307,0.59
C01668,6,6,5,6,1015.27,169.21166666666667,10,2024-12-24,2025-07-19,208,0.88
C00999,6,6,5,6,1010.5699999999999,168.4283333333333,8,2025-02-12,2025-10-18,249,0.73
C01023,6,6,5,5,1010.45,168.40833333333333,7,2025-02-11,2025-12-09,302,0.6
C02835,6,6,6,6,1009.84,168.30666666666667,10,2025-06-01,2026-01-14,228,0.8
C04604,6,6,5,6,1006.46,167.74333333333334,8,2025-04-27,2026-03-12,320,0.57
C03294,6,6,4,6,1006.32,167.72,10,2025-11-02,2026-03-13,132,1.38
C01989,6,6,4,6,1002.22,167.03666666666666,12,2025-04-03,2026-03-26,358,0.51
C00308,6,6,4,6,1001.24,166.87333333333333,10,2025-01-18,2026-01-27,375,0.49
C04221,6,6,5,5,997.2,166.20000000000002,10,2024-12-06,2025-08-07,245,0.75
C01464,6,6,6,6,995.3299999999999,165.88833333333332,14,2025-01-05,2026-02-01,393,0.46
C00101,6,6,5,6,992.46,165.41,11,2024-12-08,2026-04-22,501,0.36
C01118,6,6,4,6,991.27,165.21166666666667,11,2025-03-06,2025-12-03,273,0.67
C00398,6,6,5,6,980.01,163.335,8,2024-12-11,2025-08-30,263,0.69
C01677,6,6,4,5,977.51,162.91833333333332,9,2025-05-19,2025-12-27,223,0.82
C00690,6,6,4,6,975.0799999999999,162.51333333333332,8,2025-04-16,2025-10-13,181,1.01
C01331,6,6,2,5,973.3800000000001,162.23000000000002,8,2025-07-01,2026-03-15,258,0.71
C02540,6,6,5,6,961.62,160.27,7,2025-03-23,2025-10-21,213,0.86
C04398,6,6,4,6,960.82,160.13666666666668,10,2025-02-18,2026-02-23,371,0.49
C03731,6,6,6,6,958.76,159.79333333333332,9,2025-03-25,2026-01-27,309,0.59
C03103,6,6,5,6,951.5,158.58333333333334,10,2024-12-21,2025-09-15,269,0.68
C02279,6,6,5,6,950.91,158.48499999999999,11,2025-01-22,2026-02-26,401,0.46
C02209,6,6,5,5,947.81,157.96833333333333,11,2024-12-11,2026-04-06,482,0.38
C00576,6,6,5,6,943.0799999999999,157.17999999999998,10,2025-01-27,2025-11-13,291,0.63
C00214,6,6,5,5,940.4300000000001,156.73833333333334,10,2025-05-22,2026-04-01,315,0.58
C04240,6,6,4,5,936.64,156.10666666666665,13,2025-02-12,2026-05-15,458,0.4
C00563,6,6,4,6,935.8199999999999,155.97,9,2025-05-02,2026-02-24,299,0.61
C02762,6,6,4,6,931.7800000000001,155.29666666666668,8,2025-04-12,2026-04-28,382,0.48
C04122,6,6,5,6,928.48,154.74666666666667,8,2025-01-27,2025-11-08,286,0.64
C04890,6,6,5,6,927.28,154.54666666666665,9,2025-02-16,2026-04-23,432,0.42
C00090,6,6,4,5,925.88,154.31333333333333,13,2024-12-23,2026-03-12,445,0.41
C02976,6,6,5,6,916.0899999999999,152.68166666666664,9,2025-07-15,2026-02-02,203,0.9
C00755,6,6,5,6,889.5500000000001,148.25833333333335,10,2025-04-23,2026-03-10,322,0.57
C03012,6,6,4,5,889.46,148.24333333333334,9,2025-06-01,2026-03-02,275,0.66
C03439,6,6,4,6,888.8399999999999,148.14,7,2025-02-12,2026-04-16,429,0.43
C04058,6,6,4,6,887.75,147.95833333333334,10,2025-01-05,2025-11-29,329,0.56
C03319,6,6,3,5,883.8299999999999,147.30499999999998,14,2025-01-20,2026-04-11,447,0.41
C02076,6,6,5,6,881.84,146.97333333333333,6,2025-01-14,2025-12-14,335,0.55
C03292,6,6,5,6,873.24,145.54,9,2025-03-15,2026-04-21,403,0.45
C04273,6,6,5,5,872.71,145.45166666666668,13,2025-03-16,2026-05-03,414,0.44
C03369,6,6,4,6,870.9,145.15,6,2025-01-03,2026-04-02,455,0.4
C03807,6,6,4,6,868.59,144.76500000000001,9,2025-01-28,2026-02-12,381,0.48
C04347,6,6,5,6,860.51,143.41833333333332,8,2025-02-19,2026-03-01,376,0.49
C01256,6,6,4,6,859.72,143.28666666666666,6,2025-03-29,2026-04-07,375,0.49
C02394,6,6,4,6,853.9,142.31666666666666,12,2025-02-22,2026-02-22,366,0.5
C03003,6,6,4,6,851.6500000000001,141.9416666666667,7,2024-12-18,2025-09-06,263,0.69
C03075,6,6,4,6,849.4,141.56666666666666,9,2024-12-31,2026-02-06,403,0.45
C03259,6,6,5,5,842.65,140.44166666666666,8,2025-03-15,2025-12-07,268,0.68
C02662,6,6,4,5,838.19,139.69833333333335,13,2024-12-22,2025-10-13,296,0.62
C03177,6,6,4,6,834.19,139.03166666666667,7,2025-03-12,2026-04-07,392,0.47
C00819,6,6,4,5,830.47,138.41166666666666,9,2025-01-03,2026-02-23,417,0.44
C03085,6,6,6,6,830.45,138.40833333333333,8,2025-08-18,2025-11-23,98,1.86
C01439,6,6,3,5,822.14,137.02333333333334,11,2025-02-20,2026-03-09,383,0.48
C04926,6,6,4,6,820.94,136.82333333333335,7,2024-12-14,2025-09-06,267,0.68
C03725,6,6,4,6,820.22,136.70333333333335,9,2025-03-16,2025-12-28,288,0.63
C02232,6,6,4,6,819.99,136.665,6,2025-06-06,2026-03-07,275,0.66
C00213,6,6,4,5,819.64,136.60666666666665,7,2025-01-16,2026-03-03,412,0.44
C04249,6,6,6,6,817.62,136.27,7,2025-01-01,2025-08-11,223,0.82
C03784,6,6,5,5,816.84,136.14000000000001,10,2024-12-14,2025-04-11,119,1.53
C02744,6,6,3,5,815.27,135.87833333333333,8,2024-12-31,2026-05-25,511,0.36
C00909,6,6,4,6,815.21,135.86833333333334,9,2025-03-04,2025-10-24,235,0.78
C01976,6,6,4,6,813.08,135.51333333333335,11,2025-01-08,2025-08-05,210,0.87
C03347,6,6,4,5,812.9,135.48333333333332,10,2025-03-09,2026-03-11,368,0.5
C04139,6,6,4,6,808.0,134.66666666666666,13,2024-12-22,2026-04-02,467,0.39
C03380,6,6,4,6,807.88,134.64666666666668,8,2025-02-27,2026-04-19,417,0.44
C04609,6,6,3,5,806.46,134.41,13,2025-03-10,2026-04-29,416,0.44
C00121,6,6,3,6,805.87,134.31166666666667,13,2024-12-22,2025-12-19,363,0.5
C00730,6,6,3,4,804.76,134.12666666666667,15,2025-01-03,2026-03-24,446,0.41
C02904,6,6,4,6,802.97,133.82833333333335,7,2024-12-16,2026-04-09,480,0.38
C02507,6,6,3,5,801.03,133.505,10,2025-01-18,2025-12-03,320,0.57
C04357,6,6,4,5,788.11,131.35166666666666,12,2025-03-31,2026-02-17,324,0.56
C02592,6,6,6,6,784.86,130.81,8,2025-03-27,2025-08-25,152,1.2
C02671,6,6,4,5,782.51,130.41833333333332,10,2025-04-08,2026-04-14,372,0.49
C02557,6,6,5,6,774.26,129.04333333333332,10,2025-01-29,2026-01-18,355,0.51
C00707,6,6,5,5,771.0,128.5,9,2025-01-17,2026-01-03,352,0.52
C02518,6,6,6,6,762.02,127.00333333333333,10,2024-12-31,2025-10-12,286,0.64
C04782,6,6,5,5,757.53,126.255,8,2025-01-16,2026-04-17,457,0.4
C00721,6,6,4,5,756.21,126.03500000000001,7,2025-01-27,2025-12-27,335,0.55
C04982,6,6,4,6,753.5799999999999,125.59666666666665,8,2024-12-19,2025-07-30,224,0.82
C00937,6,6,4,6,752.88,125.48,10,2025-03-28,2026-03-16,354,0.52
C02450,6,6,5,5,749.76,124.96,6,2025-01-13,2026-04-29,472,0.39
C02805,6,6,5,6,744.28,124.04666666666667,11,2024-12-17,2026-05-25,525,0.35
C00553,6,6,5,6,739.37,123.22833333333334,9,2024-12-14,2025-09-23,284,0.64
C03918,6,6,5,6,735.96,122.66000000000001,11,2024-12-19,2026-04-08,476,0.38
C02999,6,6,3,5,730.51,121.75166666666667,9,2025-05-20,2026-05-08,354,0.52
C01949,6,6,2,6,727.3700000000001,121.22833333333335,11,2025-05-02,2026-05-28,392,0.47
C02430,6,6,4,6,727.27,121.21166666666666,10,2025-03-01,2026-04-07,403,0.45
C02112,6,6,5,6,725.96,120.99333333333334,7,2024-12-06,2026-02-11,433,0.42
C02027,6,6,5,6,718.55,119.75833333333333,12,2025-04-02,2026-02-21,326,0.56
C01500,6,6,5,6,716.66,119.44333333333333,8,2025-02-14,2026-04-19,430,0.42
C01469,6,6,5,6,716.5699999999999,119.42833333333333,10,2025-03-25,2026-02-18,331,0.55
C04971,6,6,4,6,714.53,119.08833333333332,8,2025-05-07,2026-01-15,254,0.72
C04407,6,6,4,5,705.3,117.55,10,2024-12-12,2026-03-15,459,0.4
C03733,6,6,4,5,704.71,117.45166666666667,8,2024-12-29,2025-10-28,304,0.6
C03947,6,6,3,6,702.85,117.14166666666667,6,2025-01-21,2025-11-03,287,0.64
C00215,6,6,6,6,702.8,117.13333333333333,9,2025-01-10,2026-03-23,438,0.42
C04422,6,6,3,5,700.28,116.71333333333332,6,2024-12-13,2025-10-18,310,0.59
C01142,6,6,3,6,688.67,114.77833333333332,11,2025-03-09,2026-03-06,363,0.5
C04038,6,6,5,6,687.55,114.59166666666665,6,2025-09-03,2025-12-07,96,1.9
C02272,6,6,4,5,682.62,113.77,6,2025-01-03,2025-11-10,312,0.59
C01889,6,6,4,6,681.5,113.58333333333333,8,2024-12-17,2026-03-09,448,0.41
C00225,6,6,5,6,677.16,112.86,10,2024-12-07,2025-11-30,359,0.51
C04285,6,6,4,5,671.72,111.95333333333333,8,2025-02-13,2025-11-17,278,0.66
C02396,6,6,6,6,665.52,110.92,6,2025-01-19,2025-08-04,198,0.92
C01998,6,6,4,6,662.33,110.38833333333334,10,2025-03-04,2025-08-06,156,1.17
C02205,6,6,4,6,660.51,110.085,10,2025-02-22,2025-07-27,156,1.17
C03190,6,6,5,6,660.0699999999999,110.01166666666666,7,2025-01-23,2025-12-03,315,0.58
C02689,6,6,4,6,658.1,109.68333333333334,6,2024-12-09,2025-10-22,318,0.57
C04960,6,6,6,6,645.5,107.58333333333333,10,2025-06-06,2026-03-03,271,0.67
C01557,6,6,3,5,644.4300000000001,107.40500000000002,8,2025-07-17,2026-05-31,319,0.57
C01393,6,6,5,6,643.79,107.29833333333333,8,2024-12-13,2026-01-13,397,0.46
C02079,6,6,5,5,642.66,107.11,9,2024-12-18,2025-06-09,174,1.05
C00708,6,6,5,6,639.26,106.54333333333334,8,2025-03-10,2026-02-20,348,0.52
C02660,6,6,4,6,636.26,106.04333333333334,10,2025-01-18,2025-10-19,275,0.66
C00332,6,6,5,6,633.43,105.57166666666666,12,2024-12-04,2025-08-03,243,0.75
C02857,6,6,5,6,631.6,105.26666666666667,7,2025-03-07,2026-01-20,320,0.57
C00246,6,6,5,6,629.14,104.85666666666667,11,2025-01-29,2025-12-02,308,0.59
C04388,6,6,5,6,625.29,104.21499999999999,7,2025-03-15,2026-01-31,323,0.57
C02486,6,6,6,6,623.88,103.98,11,2024-12-17,2025-11-08,327,0.56
C03027,6,6,4,6,622.99,103.83166666666666,6,2024-12-10,2025-05-08,150,1.22
C04036,6,6,5,6,622.89,103.815,7,2025-01-13,2025-10-03,264,0.69
C04391,6,6,4,6,621.18,103.52999999999999,13,2024-12-09,2025-12-27,384,0.48
C02663,6,6,4,4,618.23,103.03833333333334,9,2024-12-25,2025-08-07,226,0.81
C00264,6,6,4,6,615.9,102.64999999999999,7,2025-02-04,2026-02-09,371,0.49
C03737,6,6,4,6,609.55,101.59166666666665,9,2024-12-26,2025-05-04,130,1.4
C04185,6,6,5,6,609.04,101.50666666666666,11,2025-01-04,2025-10-22,292,0.63
C04931,6,6,5,5,604.72,100.78666666666668,8,2025-03-03,2026-03-17,380,0.48
C00672,6,6,4,6,602.29,100.38166666666666,9,2025-01-01,2026-03-02,426,0.43
C01743,6,6,4,5,600.76,100.12666666666667,7,2025-07-05,2026-05-27,327,0.56
C03049,6,6,4,5,599.22,99.87,6,2025-03-06,2026-04-26,417,0.44
C02284,6,6,5,5,596.59,99.43166666666667,11,2025-01-31,2026-04-20,445,0.41
C04094,6,6,5,6,596.22,99.37,6,2024-12-07,2025-12-03,362,0.5
C03450,6,6,3,5,591.71,98.61833333333334,11,2025-05-19,2026-03-26,312,0.59
C02994,6,6,5,6,590.79,98.46499999999999,10,2025-02-07,2025-11-26,293,0.62
C04093,6,6,4,5,585.2,97.53333333333335,9,2024-12-22,2026-02-28,434,0.42
C03122,6,6,5,6,582.35,97.05833333333334,11,2025-01-02,2025-07-30,210,0.87
C03034,6,6,5,6,581.55,96.925,8,2025-03-10,2025-12-28,294,0.62
C01468,6,6,3,5,580.92,96.82,10,2024-12-27,2025-04-21,116,1.57
C04381,6,6,4,6,576.12,96.02,7,2024-12-16,2026-02-18,430,0.42
C04719,6,6,3,5,575.78,95.96333333333332,7,2025-06-17,2026-02-14,243,0.75
C03182,6,6,5,5,564.8100000000001,94.135,9,2025-01-27,2025-05-25,119,1.53
C03856,6,6,5,6,563.51,93.91833333333334,7,2025-01-25,2025-09-09,228,0.8
C01362,6,6,5,5,562.76,93.79333333333334,9,2024-12-24,2025-07-04,193,0.95
C04416,6,6,4,5,554.71,92.45166666666667,6,2024-12-06,2025-09-29,298,0.61
C00289,6,6,4,5,551.29,91.88166666666666,6,2025-08-24,2026-02-02,163,1.12
C03390,6,6,5,6,549.14,91.52333333333333,9,2025-01-18,2025-10-20,276,0.66
C02812,6,6,6,6,548.22,91.37,7,2025-01-25,2025-08-31,219,0.83
C00930,6,6,5,6,546.86,91.14333333333333,12,2025-02-11,2026-03-29,412,0.44
C04039,6,6,4,6,544.52,90.75333333333333,15,2025-03-01,2025-09-22,206,0.89
C02347,6,6,6,6,544.18,90.69666666666666,9,2025-02-15,2026-01-31,351,0.52
C00464,6,6,4,5,543.94,90.65666666666668,8,2025-01-09,2025-09-01,236,0.77
C01057,6,6,5,6,540.75,90.125,9,2025-03-21,2025-12-29,284,0.64
C01290,6,6,3,5,540.03,90.005,6,2025-05-25,2025-10-22,151,1.21
C02962,6,6,4,6,529.04,88.17333333333333,9,2024-12-12,2026-01-14,399,0.46
C02121,6,6,4,6,528.37,88.06166666666667,6,2024-12-26,2025-07-03,190,0.96
C00113,6,6,3,5,526.27,87.71166666666666,12,2025-01-23,2025-10-24,275,0.66
C00094,6,6,3,6,524.55,87.425,8,2024-12-21,2025-07-04,196,0.93
C00414,6,6,4,6,521.54,86.92333333333333,10,2025-01-15,2026-01-24,375,0.49
C00699,6,6,5,5,521.26,86.87666666666667,7,2025-09-19,2026-01-31,135,1.35
C00467,6,6,5,6,519.36,86.56,13,2025-02-01,2025-09-03,215,0.85
C00012,6,6,3,5,507.69,84.615,7,2024-12-13,2026-02-20,435,0.42
C01717,6,6,5,6,507.65999999999997,84.61,8,2025-01-10,2025-09-14,248,0.74
C04594,6,6,4,5,507.59,84.59833333333333,7,2025-02-13,2025-12-23,314,0.58
C02984,6,6,4,6,506.15,84.35833333333333,8,2025-05-01,2026-01-23,268,0.68
C04084,6,6,5,6,504.89,84.14833333333333,10,2024-12-26,2025-03-27,92,1.99
C02855,6,6,5,6,504.37,84.06166666666667,6,2025-02-02,2026-04-08,431,0.42
C03506,6,6,4,5,496.86,82.81,9,2025-02-11,2026-03-12,395,0.46
C04201,6,6,5,6,496.61,82.76833333333333,7,2024-12-15,2025-07-07,205,0.89
C04640,6,6,4,6,492.45,82.075,8,2024-12-23,2025-07-19,209,0.87
C03832,6,6,3,5,487.79,81.29833333333333,7,2025-04-07,2026-01-10,279,0.65
C02236,6,6,4,5,486.53,81.08833333333332,9,2025-07-27,2026-03-22,239,0.76
C02980,6,6,4,6,486.42,81.07000000000001,9,2025-01-05,2026-05-09,490,0.37
C04907,6,6,4,6,479.13,79.855,6,2025-02-02,2025-12-13,315,0.58
C03889,6,6,5,6,478.99,79.83166666666666,10,2025-03-17,2026-03-08,357,0.51
C04013,6,6,4,5,478.98,79.83,8,2025-04-28,2026-02-25,304,0.6
C04733,6,6,5,5,478.93,79.82166666666667,8,2024-12-12,2025-12-31,385,0.47
C04452,6,6,4,5,477.15999999999997,79.52666666666666,8,2025-02-14,2025-11-05,265,0.69
C03665,6,6,4,5,476.70000000000005,79.45,12,2024-12-10,2025-07-20,223,0.82
C02466,6,6,4,6,473.51,78.91833333333334,6,2025-01-23,2026-04-08,441,0.41
C01101,6,6,4,6,469.78,78.29666666666667,8,2024-12-13,2026-05-08,512,0.36
C02930,6,6,5,6,469.07,78.17833333333333,9,2025-03-12,2025-06-06,87,2.1
C02653,6,6,4,6,467.23,77.87166666666667,8,2025-01-16,2025-09-01,229,0.8
C00715,6,6,6,6,465.45,77.575,6,2025-03-07,2025-11-22,261,0.7
C01634,6,6,3,5,465.21000000000004,77.53500000000001,8,2024-12-21,2025-12-19,364,0.5
C04278,6,6,4,6,462.19,77.03166666666667,6,2025-01-19,2026-01-30,377,0.48
C04930,6,6,3,4,456.01,76.00166666666667,10,2025-01-17,2025-06-13,148,1.23
C04878,6,6,5,6,454.24,75.70666666666666,9,2025-09-11,2026-03-05,176,1.04
C03562,6,6,3,6,453.63,75.605,9,2025-01-11,2026-04-11,456,0.4
C00044,6,6,3,5,451.71999999999997,75.28666666666666,7,2025-01-13,2025-11-27,319,0.57
C01155,6,6,5,5,447.35,74.55833333333334,7,2025-01-24,2025-12-02,313,0.58
C03940,6,6,3,5,446.19000000000005,74.36500000000001,6,2025-07-25,2026-03-19,238,0.77
C00083,6,6,5,6,444.15999999999997,74.02666666666666,11,2025-06-24,2026-01-16,207,0.88
C02373,6,6,4,5,435.75,72.625,6,2024-12-31,2025-09-15,259,0.71
C01761,6,6,4,6,435.08,72.51333333333334,7,2025-01-29,2025-10-27,272,0.67
C01690,6,6,4,6,432.71999999999997,72.11999999999999,8,2024-12-24,2025-12-06,348,0.52
C00615,6,6,4,5,431.78,71.96333333333332,9,2025-01-13,2025-06-08,147,1.24
C02618,6,6,4,6,431.63,71.93833333333333,7,2024-12-08,2025-12-13,371,0.49
C03019,6,6,5,6,429.41,71.56833333333334,7,2024-12-08,2025-10-02,299,0.61
C00503,6,6,5,6,422.03,70.33833333333332,8,2025-01-01,2025-11-30,334,0.55
C04723,6,6,4,6,421.05,70.175,7,2024-12-08,2025-10-02,299,0.61
C01735,6,6,5,5,410.54,68.42333333333333,6,2025-06-09,2026-04-01,297,0.61
C01951,6,6,3,4,409.94,68.32333333333334,7,2024-12-15,2025-10-19,309,0.59
C00011,6,6,4,6,401.90999999999997,66.985,8,2025-02-06,2025-06-14,129,1.42
C01502,6,6,3,6,401.75,66.95833333333333,10,2025-01-25,2026-01-12,353,0.52
C04322,6,6,3,5,400.03,66.67166666666667,7,2025-02-01,2026-05-08,462,0.4
C02157,6,6,4,6,390.33,65.05499999999999,7,2024-12-27,2025-10-18,296,0.62
C00307,6,6,5,6,388.62,64.77,8,2024-12-24,2025-04-25,123,1.48
C03624,6,6,6,6,388.18,64.69666666666667,6,2025-03-20,2026-04-08,385,0.47
C02727,6,6,5,6,388.12,64.68666666666667,7,2025-01-02,2026-04-20,474,0.39
C02991,6,6,4,5,384.15,64.02499999999999,13,2025-02-19,2026-04-03,409,0.45
C03449,6,6,5,6,384.07,64.01166666666667,8,2024-12-28,2025-06-08,163,1.12
C01614,6,6,4,6,380.36,63.39333333333334,11,2024-12-31,2025-07-03,185,0.99
C01024,6,6,5,6,380.21,63.36833333333333,10,2025-01-08,2026-04-02,450,0.41
C00490,6,6,5,5,376.75,62.791666666666664,6,2025-02-03,2026-04-28,450,0.41
C04142,6,6,5,5,374.91999999999996,62.48666666666666,6,2025-05-04,2026-02-28,301,0.61
C01961,6,6,4,6,373.48,62.24666666666667,8,2025-02-01,2025-10-26,268,0.68
C03809,6,6,3,5,373.27,62.211666666666666,6,2025-02-16,2026-05-01,440,0.42
C00445,6,6,3,6,372.42,62.07,10,2024-12-07,2025-08-16,253,0.72
C01392,6,6,5,6,370.37,61.72833333333333,8,2025-05-08,2025-09-14,130,1.4
C04520,6,6,3,4,364.64,60.77333333333333,9,2025-02-14,2025-06-29,136,1.34
C00212,6,6,5,5,363.69,60.615,6,2025-03-01,2026-05-27,453,0.4
C01806,6,6,4,4,359.71,59.95166666666666,8,2025-01-12,2026-04-07,451,0.4
C01572,6,6,4,6,359.39,59.89833333333333,10,2025-01-14,2025-10-21,281,0.65
C00665,6,6,4,6,358.65,59.775,8,2025-02-18,2025-06-18,121,1.51
C04806,6,6,4,6,350.2,58.36666666666667,6,2025-01-18,2026-01-24,372,0.49
C02505,6,6,3,5,348.73,58.12166666666667,7,2024-12-24,2025-07-01,190,0.96
C01945,6,6,4,5,346.51,57.751666666666665,6,2025-03-18,2026-04-22,401,0.46
C02789,6,6,5,6,346.45,57.74166666666667,7,2025-04-15,2026-03-01,321,0.57
C04116,6,6,3,6,346.05,57.675000000000004,7,2025-01-09,2026-01-05,362,0.5
C03418,6,6,5,6,343.74,57.29,6,2025-01-31,2026-05-02,457,0.4
C00249,6,6,3,6,343.36,57.22666666666667,8,2024-12-14,2025-10-28,319,0.57
C01263,6,6,3,5,341.6,56.93333333333334,9,2025-01-01,2026-02-12,408,0.45
C01442,6,6,4,6,336.36,56.06,7,2025-01-28,2025-05-10,103,1.77
C01110,6,6,4,6,330.96,55.16,7,2024-12-19,2025-06-04,168,1.09
C04124,6,6,3,5,323.95,53.99166666666667,9,2024-12-07,2025-08-10,247,0.74
C02932,6,6,4,6,323.2,53.86666666666667,10,2024-12-15,2025-08-07,236,0.77
C03651,6,6,4,6,319.83,53.305,7,2025-01-05,2025-09-06,245,0.75
C01265,6,6,5,6,317.89,52.98166666666666,7,2025-02-24,2026-04-02,403,0.45
C01968,6,6,5,6,313.91,52.318333333333335,9,2025-03-17,2026-01-05,295,0.62
C04496,6,6,4,5,307.8,51.300000000000004,6,2024-12-10,2025-10-20,315,0.58
C03786,6,6,3,5,306.54,51.09,9,2025-02-20,2025-11-07,261,0.7
C02367,6,6,2,6,287.63,47.93833333333333,11,2024-12-10,2025-09-26,291,0.63
C00220,6,6,2,4,286.16,47.693333333333335,6,2025-01-09,2026-02-23,411,0.44
C01404,6,6,4,5,285.34999999999997,47.55833333333333,6,2024-12-05,2025-05-08,155,1.18
C01311,6,6,4,6,278.38,46.39666666666667,7,2024-12-31,2025-07-07,189,0.97
C02109,6,6,4,5,268.32,44.72,8,2024-12-25,2025-09-12,262,0.7
C01028,6,6,3,4,263.51,43.91833333333333,7,2024-12-16,2025-09-04,263,0.69
C03888,6,6,4,5,258.14,43.02333333333333,7,2025-03-06,2025-10-24,233,0.78
C01608,6,6,4,6,249.95,41.65833333333333,10,2025-01-02,2025-10-25,297,0.61
C03923,6,6,3,4,244.94,40.82333333333333,8,2024-12-20,2025-08-01,225,0.81
C04438,6,6,3,5,244.0,40.666666666666664,7,2024-12-07,2025-07-20,226,0.81
C02081,6,6,3,5,231.02999999999997,38.504999999999995,7,2024-12-19,2025-10-25,311,0.59
C02028,6,6,3,6,199.47,33.245,6,2024-12-29,2025-04-16,109,1.68
C00807,6,6,2,4,179.0,29.833333333333332,6,2024-12-23,2025-07-02,192,0.95
C02434,6,6,3,5,112.26,18.71,9,2025-02-03,2025-11-01,272,0.67
C04783,6,5,4,5,2274.9,379.15000000000003,10,2025-11-07,2026-05-15,190,0.96
C04757,5,5,2,5,7756.400000000001,1551.2800000000002,11,2025-04-29,2026-03-17,323,0.47
C02842,5,5,3,4,5345.91,1069.182,11,2025-01-18,2026-01-31,379,0.4
C02159,5,5,4,5,4892.22,978.4440000000001,11,2025-03-23,2026-02-09,324,0.47
C03389,5,5,3,5,4223.85,844.7700000000001,13,2025-04-20,2025-11-25,220,0.69
C00746,5,5,4,5,3766.9600000000005,753.392,17,2025-08-15,2025-11-17,95,1.6
C02223,5,5,3,4,3732.65,746.53,8,2025-03-11,2025-10-16,220,0.69
C02462,5,5,4,5,3653.67,730.734,11,2025-02-08,2025-10-14,249,0.61
C01505,5,5,4,4,3627.73,725.546,12,2025-01-16,2025-10-24,282,0.54
C04864,5,5,3,4,3537.31,707.462,9,2025-02-08,2026-01-04,331,0.46
C03047,5,5,3,5,3491.94,698.388,12,2025-04-24,2026-02-25,308,0.49
C03939,5,5,4,5,3401.6400000000003,680.3280000000001,12,2025-10-28,2026-03-21,145,1.05
C02872,5,5,3,3,3373.6499999999996,674.7299999999999,11,2025-04-14,2026-03-11,332,0.46
C00093,5,5,3,5,3124.84,624.9680000000001,10,2025-06-27,2026-05-05,313,0.49
C01490,5,5,4,5,3112.89,622.578,11,2025-05-21,2026-02-05,261,0.58
C03790,5,5,3,4,2771.96,554.392,10,2025-01-24,2025-11-03,284,0.54
C03206,5,5,4,5,2698.87,539.774,5,2025-04-01,2026-01-27,302,0.5
C03231,5,5,3,4,2645.81,529.162,8,2025-09-10,2026-03-22,194,0.78
C03044,5,5,2,4,2538.58,507.716,11,2025-04-11,2026-01-06,271,0.56
C02361,5,5,4,5,2530.5299999999997,506.10599999999994,8,2024-12-07,2025-12-07,366,0.42
C03957,5,5,3,5,2515.32,503.064,6,2025-09-26,2026-02-25,153,0.99
C04616,5,5,5,5,2467.7200000000003,493.54400000000004,7,2024-12-23,2025-06-09,169,0.9
C03293,5,5,3,5,2461.44,492.288,9,2025-01-18,2026-04-12,450,0.34
C04721,5,5,4,4,2460.47,492.09399999999994,8,2025-04-05,2026-01-19,290,0.52
C02562,5,5,3,5,2399.14,479.828,9,2025-01-02,2026-01-22,386,0.39
C01582,5,5,4,5,2385.37,477.07399999999996,8,2024-12-14,2026-01-06,389,0.39
C00075,5,5,3,5,2286.96,457.392,8,2025-02-19,2026-06-02,469,0.32
C03043,5,5,3,4,2274.71,454.942,7,2025-01-27,2026-01-03,342,0.45
C00124,5,5,4,5,2272.46,454.492,13,2025-03-29,2026-03-31,368,0.41
C02039,5,5,4,5,2272.11,454.422,9,2025-01-31,2026-01-06,341,0.45
C04103,5,5,3,5,2188.7599999999998,437.75199999999995,7,2025-03-22,2026-02-09,325,0.47
C00789,5,5,4,4,2160.01,432.00200000000007,8,2025-01-10,2026-03-01,416,0.37
C04970,5,5,4,4,2143.67,428.73400000000004,11,2025-04-08,2026-01-08,276,0.55
C03451,5,5,5,5,2106.74,421.34799999999996,8,2025-02-06,2025-11-13,281,0.54
C00509,5,5,4,5,2100.15,420.03000000000003,12,2025-06-05,2026-03-12,281,0.54
C00325,5,5,4,4,2099.7200000000003,419.9440000000001,13,2024-12-12,2026-01-21,406,0.37
C04844,5,5,2,5,2034.1,406.82,9,2025-04-16,2026-01-18,278,0.55
C04055,5,5,4,5,2033.96,406.79200000000003,9,2025-03-10,2026-02-15,343,0.44
C01630,5,5,4,5,2011.4299999999998,402.28599999999994,11,2025-03-12,2025-12-08,272,0.56
C00904,5,5,3,4,2011.3600000000001,402.27200000000005,7,2025-05-22,2026-02-28,283,0.54
C00122,5,5,3,5,1999.02,399.804,8,2025-04-27,2026-05-02,371,0.41
C04461,5,5,4,5,1963.26,392.652,17,2025-04-30,2025-10-31,185,0.82
C03775,5,5,4,5,1960.6100000000001,392.122,7,2025-03-01,2026-02-22,359,0.42
C01195,5,5,4,5,1958.2199999999998,391.64399999999995,8,2024-12-28,2025-11-20,328,0.46
C04133,5,5,3,4,1873.0,374.6,8,2025-03-30,2025-11-07,223,0.68
C01844,5,5,3,4,1866.72,373.344,7,2025-07-01,2026-02-15,230,0.66
C04777,5,5,3,4,1860.19,372.038,6,2025-03-07,2026-01-02,302,0.5
C01916,5,5,2,4,1801.02,360.204,8,2024-12-12,2025-06-12,183,0.83
C04602,5,5,3,4,1782.17,356.434,11,2025-07-19,2026-02-15,212,0.72
C03819,5,5,5,5,1778.3999999999999,355.67999999999995,8,2025-05-03,2026-02-15,289,0.53
C01706,5,5,4,4,1755.81,351.162,7,2025-06-23,2026-04-18,300,0.51
C01131,5,5,4,4,1713.69,342.738,8,2025-03-10,2026-01-05,302,0.5
C04904,5,5,4,5,1710.82,342.164,10,2025-01-05,2026-03-22,442,0.34
C01407,5,5,4,5,1694.53,338.906,10,2025-01-17,2025-12-31,349,0.44
C02181,5,5,3,5,1680.36,336.072,9,2025-01-05,2025-12-16,346,0.44
C03092,5,5,3,5,1639.38,327.87600000000003,9,2025-02-18,2026-02-17,365,0.42
C03145,5,5,4,5,1624.52,324.904,9,2025-01-30,2026-01-19,355,0.43
C04274,5,5,4,5,1621.22,324.244,10,2025-01-03,2025-12-27,359,0.42
C04417,5,5,4,5,1614.3,322.86,6,2025-03-11,2025-11-02,237,0.64
C03155,5,5,4,5,1603.17,320.634,7,2025-01-01,2025-05-30,150,1.01
C00495,5,5,3,5,1601.1399999999999,320.22799999999995,8,2025-06-22,2026-03-29,281,0.54
C03042,5,5,3,4,1595.29,319.058,8,2025-01-28,2025-10-05,251,0.61
C03428,5,5,4,5,1592.59,318.518,6,2025-04-25,2026-03-08,318,0.48
C04069,5,5,2,4,1567.4,313.48,9,2025-04-13,2026-02-11,305,0.5
C02871,5,5,4,5,1534.71,306.942,11,2025-03-02,2025-12-27,301,0.51
C03329,5,5,4,5,1529.06,305.812,11,2025-01-25,2025-09-22,241,0.63
C03338,5,5,4,4,1513.16,302.632,7,2025-06-10,2026-01-07,212,0.72
C02977,5,5,4,5,1510.38,302.076,8,2025-05-10,2026-04-08,334,0.46
C04141,5,5,3,3,1495.0000000000002,299.00000000000006,10,2025-02-23,2025-11-27,278,0.55
C02252,5,5,3,4,1494.58,298.916,8,2025-01-01,2026-03-09,433,0.35
C01461,5,5,3,5,1492.11,298.42199999999997,9,2025-03-04,2025-09-09,190,0.8
C00377,5,5,4,5,1485.52,297.104,9,2025-06-25,2026-03-18,267,0.57
C01363,5,5,4,5,1477.48,295.496,7,2025-09-08,2025-11-17,71,2.14
C02422,5,5,4,5,1472.38,294.476,8,2025-01-21,2025-06-26,157,0.97
C03290,5,5,4,5,1468.25,293.65,6,2025-04-02,2025-12-18,261,0.58
C03896,5,5,4,5,1449.96,289.992,6,2025-02-26,2026-03-31,399,0.38
C04495,5,5,4,5,1446.75,289.35,12,2025-01-13,2025-09-21,252,0.6
C02125,5,5,4,5,1431.24,286.248,9,2024-12-26,2025-05-27,153,0.99
C03556,5,5,3,5,1413.52,282.704,7,2025-02-11,2025-11-23,286,0.53
C01255,5,5,2,5,1398.45,279.69,7,2025-11-07,2026-01-11,66,2.31
C00045,5,5,4,5,1391.65,278.33000000000004,8,2024-12-12,2026-02-24,440,0.35
C03617,5,5,4,5,1367.7,273.54,7,2025-03-29,2025-07-27,121,1.26
C00229,5,5,4,5,1360.8600000000001,272.172,9,2025-01-27,2026-03-16,414,0.37
C03956,5,5,4,4,1360.75,272.15,8,2024-12-28,2026-01-13,382,0.4
C03581,5,5,4,5,1355.58,271.116,8,2025-02-15,2026-03-02,381,0.4
C02154,5,5,5,5,1329.64,265.928,8,2025-03-18,2025-12-04,262,0.58
C04829,5,5,3,5,1324.58,264.916,6,2025-01-03,2026-01-08,371,0.41
C03670,5,5,3,5,1287.19,257.438,8,2025-01-15,2026-04-14,455,0.33
C01372,5,5,5,5,1281.56,256.312,7,2025-01-07,2026-01-29,388,0.39
C03782,5,5,4,4,1279.6599999999999,255.93199999999996,8,2025-02-25,2025-11-15,264,0.58
C02635,5,5,4,4,1272.3200000000002,254.46400000000003,7,2025-03-21,2025-09-02,166,0.92
C01104,5,5,4,5,1270.9,254.18,9,2025-01-27,2026-01-24,363,0.42
C01869,5,5,5,5,1265.78,253.156,7,2025-04-03,2026-04-06,369,0.41
C01738,5,5,3,4,1261.59,252.31799999999998,6,2024-12-21,2025-06-12,174,0.87
C02122,5,5,4,5,1259.3400000000001,251.86800000000002,9,2025-02-02,2026-03-26,418,0.36
C04980,5,5,4,5,1246.08,249.21599999999998,7,2025-02-18,2026-03-02,378,0.4
C04897,5,5,3,4,1244.18,248.836,9,2025-01-06,2025-06-29,175,0.87
C01312,5,5,4,5,1237.32,247.464,9,2025-09-01,2026-03-01,182,0.84
C02950,5,5,3,5,1230.55,246.10999999999999,5,2025-02-24,2026-01-20,331,0.46
C00182,5,5,4,5,1223.54,244.708,7,2025-07-17,2025-10-20,96,1.59
C00227,5,5,5,5,1220.8799999999999,244.176,8,2025-01-21,2026-05-03,468,0.33
C00839,5,5,4,4,1219.29,243.858,7,2025-03-26,2025-12-11,261,0.58
C00818,5,5,4,5,1208.58,241.71599999999998,7,2024-12-29,2026-04-30,488,0.31
C01996,5,5,3,5,1199.92,239.984,8,2025-01-08,2026-01-16,374,0.41
C02641,5,5,3,5,1188.29,237.658,9,2025-02-11,2025-11-17,280,0.54
C01723,5,5,4,5,1184.29,236.858,7,2025-06-09,2025-12-01,176,0.86
C00144,5,5,4,5,1171.3,234.26,7,2025-06-03,2026-02-19,262,0.58
C02454,5,5,4,5,1163.26,232.652,6,2025-08-15,2026-03-09,207,0.74
C01957,5,5,4,5,1162.59,232.51799999999997,9,2025-03-28,2025-10-08,195,0.78
C02707,5,5,4,4,1162.56,232.512,10,2025-02-11,2025-08-17,188,0.81
C00096,5,5,4,5,1149.4099999999999,229.88199999999998,8,2025-04-18,2026-04-08,356,0.43
C00901,5,5,5,5,1146.73,229.346,7,2025-09-14,2026-04-16,215,0.71
C04229,5,5,4,5,1139.61,227.92199999999997,8,2025-03-01,2025-08-04,157,0.97
C03160,5,5,4,5,1131.55,226.31,7,2025-02-03,2025-11-19,290,0.52
C00233,5,5,3,4,1128.09,225.618,9,2025-05-16,2026-01-22,252,0.6
C01494,5,5,4,5,1127.3899999999999,225.47799999999998,5,2025-04-18,2026-03-01,318,0.48
C03069,5,5,3,5,1126.79,225.358,7,2025-01-20,2026-04-16,452,0.34
C01854,5,5,4,5,1105.49,221.098,6,2025-03-31,2025-12-03,248,0.61
C03402,5,5,4,5,1102.7199999999998,220.54399999999995,8,2025-09-14,2026-02-17,157,0.97
C00297,5,5,4,5,1098.75,219.75,9,2025-03-17,2025-10-14,212,0.72
C04824,5,5,4,5,1083.1,216.61999999999998,11,2025-08-11,2026-01-29,172,0.88
C02747,5,5,4,5,1080.2,216.04000000000002,6,2025-01-02,2025-03-16,74,2.06
C00203,5,5,4,4,1073.26,214.652,7,2024-12-06,2026-02-02,424,0.36
C01307,5,5,5,5,1072.88,214.57600000000002,9,2025-08-01,2026-03-26,238,0.64
C04950,5,5,4,4,1072.61,214.522,8,2025-05-05,2026-05-05,366,0.42
C04928,5,5,3,4,1062.08,212.416,8,2025-07-10,2026-02-26,232,0.66
C01914,5,5,5,5,1061.7,212.34,9,2025-02-26,2026-04-11,410,0.37
C03641,5,5,3,5,1057.68,211.536,8,2025-02-27,2025-07-02,126,1.21
C02836,5,5,3,4,1042.59,208.51799999999997,5,2024-12-15,2026-03-11,452,0.34
C00591,5,5,3,4,1036.97,207.394,8,2025-03-01,2026-02-08,345,0.44
C03002,5,5,4,5,1035.82,207.164,11,2025-02-27,2026-02-11,350,0.43
C03835,5,5,5,5,1033.28,206.656,10,2024-12-06,2025-05-18,164,0.93
C03078,5,5,3,5,1021.54,204.308,9,2024-12-12,2026-01-21,406,0.37
C02258,5,5,4,5,1016.3199999999999,203.26399999999998,5,2024-12-11,2025-08-25,258,0.59
C02414,5,5,4,5,1003.11,200.622,6,2025-01-15,2025-12-27,347,0.44
C00962,5,5,5,5,980.72,196.144,5,2025-02-01,2026-02-19,384,0.4
C01978,5,5,4,5,978.0799999999999,195.61599999999999,5,2025-05-11,2026-04-11,336,0.45
C02669,5,5,3,5,977.0,195.4,5,2025-04-15,2026-03-15,335,0.45
C03559,5,5,4,5,974.93,194.986,5,2025-01-01,2026-03-10,434,0.35
C02751,5,5,3,3,971.04,194.208,7,2025-01-17,2025-05-25,129,1.18
C03554,5,5,4,5,969.7700000000001,193.954,10,2025-02-23,2026-04-26,428,0.36
C03327,5,5,4,4,965.87,193.174,7,2025-02-16,2026-01-16,335,0.45
C03991,5,5,5,5,960.99,192.198,5,2024-12-05,2026-03-20,471,0.32
C02124,5,5,3,5,960.7,192.14000000000001,10,2025-03-10,2025-10-31,236,0.64
C03524,5,5,3,4,958.87,191.774,8,2024-12-06,2025-07-18,225,0.68
C03488,5,5,3,4,954.7,190.94,5,2025-06-14,2025-12-29,199,0.76
C02846,5,5,3,4,951.0699999999999,190.214,7,2025-07-24,2026-01-27,188,0.81
C04646,5,5,4,5,949.76,189.952,7,2025-04-12,2025-11-16,219,0.69
C01756,5,5,3,3,943.9,188.78,6,2025-03-17,2025-11-04,233,0.65
C02366,5,5,4,4,942.0799999999999,188.416,10,2025-08-14,2026-02-27,198,0.77
C04443,5,5,4,5,940.25,188.05,7,2025-03-05,2026-01-20,322,0.47
C02552,5,5,4,4,939.01,187.802,6,2025-05-18,2026-02-14,273,0.56
C03108,5,5,3,4,925.62,185.124,6,2025-03-13,2026-02-08,333,0.46
C04414,5,5,4,5,923.24,184.648,9,2025-01-06,2026-03-19,438,0.35
C02682,5,5,4,5,915.8900000000001,183.17800000000003,7,2025-03-20,2025-10-18,213,0.71
C02475,5,5,3,5,914.18,182.83599999999998,8,2024-12-16,2025-12-15,365,0.42
C01303,5,5,5,5,913.81,182.762,7,2025-03-10,2026-02-08,336,0.45
C00652,5,5,4,4,904.34,180.868,6,2024-12-27,2026-01-13,383,0.4
C03643,5,5,5,5,900.3399999999999,180.06799999999998,7,2025-02-27,2026-02-21,360,0.42
C02771,5,5,5,5,897.05,179.41,7,2025-04-16,2026-04-25,375,0.41
C00159,5,5,5,5,892.71,178.542,7,2025-02-07,2025-12-07,304,0.5
C03006,5,5,3,5,884.43,176.886,7,2025-06-11,2025-10-24,136,1.12
C01683,5,5,4,5,881.31,176.262,10,2025-01-09,2025-11-11,307,0.5
C04125,5,5,4,5,872.6399999999999,174.52799999999996,7,2025-04-08,2026-04-03,361,0.42
C04818,5,5,3,5,872.27,174.454,6,2025-01-03,2026-01-31,394,0.39
C04946,5,5,4,5,871.97,174.394,9,2025-10-08,2026-04-20,195,0.78
C01746,5,5,5,5,867.06,173.41199999999998,6,2024-12-09,2025-10-25,321,0.47
C04226,5,5,4,5,862.43,172.486,7,2025-03-20,2025-12-06,262,0.58
C03906,5,5,3,5,857.65,171.53,7,2025-02-17,2025-10-30,256,0.59
C03309,5,5,3,5,856.05,171.20999999999998,11,2024-12-28,2026-02-07,407,0.37
C02726,5,5,3,5,852.88,170.576,7,2025-03-13,2025-11-20,253,0.6
C04430,5,5,5,5,852.4200000000001,170.484,6,2025-03-03,2025-11-18,261,0.58
C01157,5,5,5,5,852.11,170.422,9,2025-03-09,2026-05-11,429,0.35
C02862,5,5,4,5,849.8299999999999,169.96599999999998,8,2025-01-15,2026-05-22,493,0.31
C03912,5,5,4,5,848.23,169.64600000000002,7,2025-05-03,2026-04-18,351,0.43
C04382,5,5,4,4,848.08,169.616,7,2025-01-21,2025-09-28,251,0.61
C03854,5,5,3,5,844.85,168.97,6,2024-12-09,2025-10-17,313,0.49
C03493,5,5,5,5,844.6,168.92000000000002,7,2024-12-11,2026-05-16,522,0.29
C03291,5,5,2,3,842.35,168.47,6,2025-01-12,2025-12-05,328,0.46
C02440,5,5,3,3,841.14,168.228,6,2025-04-28,2026-02-09,288,0.53
C02441,5,5,4,5,840.8100000000001,168.162,10,2024-12-25,2025-09-16,266,0.57
C04444,5,5,5,5,839.6,167.92000000000002,8,2025-03-05,2026-01-07,309,0.49
C03520,5,5,4,5,837.59,167.518,6,2025-02-28,2025-10-24,239,0.64
C01360,5,5,4,5,834.5,166.9,10,2024-12-23,2026-05-12,506,0.3
C03510,5,5,4,4,828.3199999999999,165.664,7,2025-05-21,2025-11-10,174,0.87
C04282,5,5,5,5,825.02,165.004,5,2025-01-16,2025-07-23,189,0.81
C03485,5,5,3,4,822.1,164.42000000000002,7,2025-02-22,2026-02-28,372,0.41
C02605,5,5,3,5,821.51,164.302,6,2024-12-26,2026-04-11,472,0.32
C01418,5,5,5,5,817.53,163.506,5,2025-02-01,2025-12-22,325,0.47
C03325,5,5,3,4,817.4,163.48,8,2025-02-18,2026-05-26,463,0.33
C03815,5,5,4,5,816.79,163.358,5,2025-02-16,2026-02-23,373,0.41
C00328,5,5,4,5,816.39,163.278,5,2024-12-07,2025-08-21,258,0.59
C00515,5,5,5,5,804.1099999999999,160.82199999999997,9,2024-12-23,2026-02-11,416,0.37
C02402,5,5,5,5,803.74,160.748,5,2025-04-10,2025-11-22,227,0.67
C04046,5,5,3,4,803.69,160.738,7,2024-12-14,2025-06-23,192,0.79
C00557,5,5,4,5,799.4499999999999,159.89,10,2025-01-09,2025-08-20,224,0.68
C03420,5,5,4,5,798.04,159.608,7,2025-01-17,2026-03-16,424,0.36
C03540,5,5,4,5,797.04,159.408,8,2025-01-26,2025-08-20,207,0.74
C01117,5,5,5,5,794.8199999999999,158.964,7,2025-05-05,2026-02-21,293,0.52
C00208,5,5,3,5,793.8299999999999,158.766,6,2025-02-06,2025-09-19,226,0.67
C00831,5,5,4,5,788.88,157.776,8,2024-12-22,2026-03-28,462,0.33
C04202,5,5,3,5,784.24,156.848,8,2025-04-13,2026-02-16,310,0.49
C02318,5,5,3,4,783.7699999999999,156.75399999999996,6,2024-12-08,2026-05-03,512,0.3
C00351,5,5,2,4,782.9,156.57999999999998,7,2025-02-11,2026-03-17,400,0.38
C02550,5,5,4,5,780.2,156.04000000000002,9,2024-12-16,2025-05-13,149,1.02
C01137,5,5,5,5,779.3299999999999,155.86599999999999,8,2025-06-12,2026-01-22,225,0.68
C02978,5,5,3,4,775.68,155.136,7,2025-02-17,2025-09-24,220,0.69
C01108,5,5,3,5,774.99,154.998,8,2024-12-20,2025-09-19,274,0.56
C00279,5,5,4,5,774.69,154.93800000000002,8,2024-12-30,2026-05-26,513,0.3
C04716,5,5,4,4,774.0699999999999,154.814,7,2024-12-12,2025-06-21,192,0.79
C00348,5,5,4,5,774.05,154.81,6,2025-01-23,2025-06-09,138,1.1
C00804,5,5,3,4,756.98,151.39600000000002,10,2025-03-18,2026-01-17,306,0.5
C04400,5,5,4,5,756.47,151.294,8,2025-01-24,2026-02-05,378,0.4
C01207,5,5,3,5,749.59,149.918,7,2025-01-13,2026-01-21,374,0.41
C02798,5,5,3,5,748.69,149.738,6,2025-01-26,2025-12-24,333,0.46
C03126,5,5,3,4,745.1299999999999,149.02599999999998,10,2024-12-25,2025-06-24,182,0.84
C02841,5,5,4,5,743.7099999999999,148.742,9,2025-04-10,2025-10-23,197,0.77
C04538,5,5,4,5,742.25,148.45,6,2025-02-04,2026-04-15,436,0.35
C01143,5,5,5,5,740.63,148.126,7,2025-08-08,2026-05-12,278,0.55
C02640,5,5,4,5,739.8199999999999,147.964,9,2024-12-15,2025-10-09,299,0.51
C03515,5,5,2,5,738.4,147.68,7,2025-07-01,2026-05-07,311,0.49
C01676,5,5,4,4,734.95,146.99,7,2025-02-14,2026-03-17,397,0.38
C03692,5,5,4,5,734.31,146.862,9,2025-01-08,2025-12-04,331,0.46
C04797,5,5,4,5,734.13,146.826,7,2025-04-01,2025-10-01,184,0.83
C02104,5,5,5,5,725.1,145.02,7,2025-04-29,2026-03-28,334,0.46
C01338,5,5,5,5,724.12,144.824,6,2025-08-29,2026-01-14,139,1.09
C00004,5,5,4,5,720.92,144.184,10,2025-02-13,2026-02-13,366,0.42
C00838,5,5,4,5,720.65,144.13,6,2025-06-08,2025-11-26,172,0.88
C01797,5,5,4,5,719.9300000000001,143.98600000000002,6,2025-06-24,2026-02-17,239,0.64
C04434,5,5,4,5,719.84,143.96800000000002,6,2025-01-07,2025-07-03,178,0.86
C00023,5,5,4,4,719.6,143.92000000000002,6,2025-03-11,2026-03-30,385,0.4
C00540,5,5,3,5,719.18,143.83599999999998,6,2025-04-15,2025-08-05,113,1.35
C04081,5,5,4,5,716.88,143.376,13,2024-12-20,2025-07-30,223,0.68
C02461,5,5,5,5,707.38,141.476,7,2025-04-10,2026-04-01,357,0.43
C00042,5,5,4,5,706.67,141.334,8,2025-05-15,2026-04-07,328,0.46
C03667,5,5,4,5,700.9,140.18,13,2025-01-10,2025-07-29,201,0.76
C03698,5,5,3,4,700.77,140.154,6,2025-03-10,2026-05-19,436,0.35
C01346,5,5,3,4,699.63,139.926,9,2025-01-01,2025-10-24,297,0.51
C03125,5,5,4,5,691.79,138.358,8,2024-12-13,2025-11-13,336,0.45
C00642,5,5,3,4,690.95,138.19,8,2025-04-12,2026-04-15,369,0.41
C02537,5,5,5,5,690.2900000000001,138.05800000000002,9,2025-06-12,2025-12-15,187,0.81
C01795,5,5,4,5,686.61,137.322,9,2025-02-07,2025-12-13,310,0.49
C01247,5,5,4,4,685.49,137.098,5,2024-12-13,2025-11-05,328,0.46
C04998,5,5,4,5,684.6800000000001,136.936,5,2025-04-24,2026-04-05,347,0.44
C04492,5,5,3,3,682.72,136.544,6,2025-02-10,2026-01-18,343,0.44
C01211,5,5,5,5,678.25,135.65,8,2025-02-21,2026-01-25,339,0.45
C03505,5,5,5,5,676.3000000000001,135.26000000000002,10,2024-12-31,2025-12-03,338,0.45
C03359,5,5,4,5,673.6999999999999,134.73999999999998,9,2024-12-29,2025-09-02,248,0.61
C01739,5,5,3,4,672.09,134.418,7,2025-03-31,2026-03-19,354,0.43
C01176,5,5,3,4,671.59,134.318,6,2025-03-06,2026-02-17,349,0.44
C03015,5,5,5,5,671.24,134.248,8,2024-12-10,2025-09-22,287,0.53
C03943,5,5,3,3,669.13,133.826,8,2025-01-21,2025-10-12,265,0.57
C02688,5,5,2,4,666.46,133.292,6,2025-05-04,2026-02-28,301,0.51
C04687,5,5,4,5,665.85,133.17000000000002,6,2024-12-11,2025-02-27,79,1.93
C01098,5,5,4,5,660.12,132.024,12,2025-04-09,2026-01-09,276,0.55
C04246,5,5,3,5,654.81,130.962,11,2024-12-18,2025-03-28,101,1.51
C03489,5,5,4,5,652.5699999999999,130.51399999999998,8,2024-12-20,2025-04-26,128,1.19
C04596,5,5,4,4,650.65,130.13,9,2025-05-11,2026-05-03,358,0.43
C00529,5,5,3,5,650.36,130.072,7,2025-07-20,2025-11-13,117,1.3
C04302,5,5,3,3,649.17,129.834,7,2025-04-09,2025-11-20,226,0.67
C04633,5,5,4,5,646.02,129.204,9,2025-02-01,2025-06-09,129,1.18
C04865,5,5,4,5,642.58,128.51600000000002,6,2024-12-24,2026-03-14,446,0.34
C01245,5,5,4,5,632.2,126.44000000000001,8,2025-02-01,2026-02-28,393,0.39
C04715,5,5,4,5,632.0899999999999,126.41799999999998,7,2025-02-26,2025-12-06,284,0.54
C03436,5,5,4,5,631.18,126.23599999999999,7,2025-04-16,2026-01-23,283,0.54
C04002,5,5,5,5,629.65,125.92999999999999,6,2024-12-17,2025-02-28,74,2.06
C04781,5,5,4,5,624.33,124.86600000000001,9,2024-12-22,2025-02-20,61,2.5
C00537,5,5,3,5,618.0,123.6,5,2025-01-26,2025-09-10,228,0.67
C04074,5,5,5,5,617.68,123.53599999999999,7,2025-07-06,2026-05-19,318,0.48
C02963,5,5,5,5,617.13,123.426,5,2024-12-05,2026-05-05,517,0.29
C03827,5,5,3,4,617.13,123.426,9,2024-12-19,2025-05-27,160,0.95
C01132,5,5,4,5,613.06,122.612,9,2025-04-30,2025-12-30,245,0.62
C01988,5,5,4,5,608.51,121.702,9,2024-12-16,2026-01-28,409,0.37
C00386,5,5,5,5,602.46,120.492,9,2025-04-08,2026-03-06,333,0.46
C02790,5,5,5,5,601.1400000000001,120.22800000000002,9,2024-12-18,2025-06-22,187,0.81
C02224,5,5,4,5,598.97,119.79400000000001,7,2025-02-09,2026-02-15,372,0.41
C00280,5,5,4,5,596.49,119.298,8,2025-03-27,2026-02-18,329,0.46
C00318,5,5,3,5,594.3199999999999,118.86399999999999,9,2025-02-04,2025-09-24,233,0.65
C03266,5,5,3,4,594.0699999999999,118.814,7,2025-02-06,2025-05-10,94,1.62
C01629,5,5,4,5,591.9300000000001,118.38600000000001,7,2024-12-23,2025-03-22,90,1.69
C02593,5,5,4,4,588.75,117.75,7,2025-03-22,2026-02-26,342,0.45
C02611,5,5,5,5,585.76,117.152,9,2025-04-14,2025-09-22,162,0.94
C04552,5,5,5,5,584.98,116.99600000000001,6,2025-03-23,2026-01-06,290,0.52
C00032,5,5,2,5,584.75,116.95,6,2025-08-14,2026-02-06,177,0.86
C04394,5,5,5,5,584.1700000000001,116.83400000000002,7,2024-12-11,2026-01-18,404,0.38
C00731,5,5,3,5,581.0999999999999,116.21999999999998,9,2024-12-30,2025-09-04,249,0.61
C03416,5,5,5,5,580.03,116.006,9,2025-01-23,2025-06-14,143,1.06
C04706,5,5,4,5,568.26,113.652,6,2025-01-25,2025-07-07,164,0.93
C01212,5,5,4,4,564.37,112.874,8,2025-05-06,2026-05-04,364,0.42
C03065,5,5,4,5,564.0600000000001,112.81200000000001,5,2025-02-11,2025-07-27,167,0.91
C03910,5,5,4,5,561.68,112.33599999999998,7,2025-01-08,2026-01-12,370,0.41
C02400,5,5,4,5,558.29,111.65799999999999,7,2025-01-30,2026-03-18,413,0.37
C04831,5,5,4,5,556.48,111.296,7,2025-03-02,2026-02-16,352,0.43
C04923,5,5,4,5,554.72,110.944,8,2025-01-07,2025-07-10,185,0.82
C00463,5,5,4,4,552.78,110.556,5,2025-02-02,2026-04-17,440,0.35
C02837,5,5,4,5,552.33,110.46600000000001,9,2025-04-29,2025-12-10,226,0.67
C03841,5,5,5,5,548.34,109.668,5,2025-06-26,2026-02-22,242,0.63
C04817,5,5,4,4,547.99,109.598,10,2024-12-30,2025-09-08,253,0.6
C02238,5,5,3,5,545.03,109.006,9,2024-12-09,2025-02-27,81,1.88
C00676,5,5,4,5,542.45,108.49000000000001,6,2025-04-20,2025-10-09,173,0.88
C00822,5,5,4,5,540.64,108.128,8,2025-07-04,2026-04-11,282,0.54
C04744,5,5,5,5,538.62,107.724,12,2024-12-06,2025-08-25,263,0.58
C04569,5,5,4,4,535.4,107.08,9,2025-01-20,2026-03-21,426,0.36
C02003,5,5,4,5,527.47,105.494,6,2025-06-02,2026-04-26,329,0.46
C02095,5,5,4,5,525.02,105.00399999999999,5,2025-01-25,2026-01-28,369,0.41
C01673,5,5,3,4,523.87,104.774,9,2025-03-12,2025-12-08,272,0.56
C04091,5,5,4,4,523.7,104.74000000000001,5,2025-05-13,2026-04-28,351,0.43
C02664,5,5,3,3,518.6,103.72,6,2025-02-06,2025-06-29,144,1.06
C02901,5,5,4,4,517.83,103.566,6,2024-12-30,2025-10-11,286,0.53
C02247,5,5,3,4,516.37,103.274,8,2025-02-17,2026-01-25,343,0.44
C02470,5,5,5,5,516.3299999999999,103.26599999999999,7,2024-12-05,2025-08-11,250,0.61
C03590,5,5,5,5,516.06,103.21199999999999,7,2024-12-11,2025-07-21,223,0.68
C00475,5,5,4,4,515.75,103.15,5,2025-02-05,2025-06-20,136,1.12
C04648,5,5,5,5,513.9200000000001,102.78400000000002,8,2025-02-16,2025-11-26,284,0.54
C02638,5,5,4,5,511.39,102.27799999999999,7,2024-12-30,2025-07-27,210,0.72
C00073,5,5,4,5,511.27,102.25399999999999,5,2025-01-14,2026-03-25,436,0.35
C00898,5,5,4,5,509.22,101.84400000000001,5,2025-02-10,2025-07-08,149,1.02
C03205,5,5,3,5,508.7,101.74,9,2025-02-12,2026-02-02,356,0.43
C02947,5,5,4,5,507.58,101.51599999999999,7,2025-01-12,2025-05-01,110,1.38
C01196,5,5,3,4,505.48,101.096,8,2024-12-05,2025-05-16,163,0.93
C01223,5,5,3,5,505.11,101.022,7,2025-06-01,2026-04-19,323,0.47
C03916,5,5,3,4,504.54,100.908,5,2024-12-30,2025-09-21,266,0.57
C04892,5,5,4,5,504.36,100.872,6,2024-12-04,2026-01-09,402,0.38
C00637,5,5,3,5,504.26,100.852,9,2024-12-30,2026-04-05,462,0.33
C04510,5,5,4,5,502.62,100.524,5,2024-12-07,2025-10-08,306,0.5
C02426,5,5,5,5,501.46000000000004,100.292,6,2025-04-16,2026-04-06,356,0.43
C03987,5,5,3,5,499.74,99.94800000000001,10,2024-12-25,2025-08-10,229,0.66
C01397,5,5,3,5,497.9,99.58,9,2025-02-02,2025-08-25,205,0.74
C02729,5,5,3,5,497.12,99.424,5,2024-12-23,2025-11-15,328,0.46
C03881,5,5,3,5,496.90000000000003,99.38000000000001,8,2025-04-15,2026-04-23,374,0.41
C00941,5,5,5,5,494.89,98.978,10,2024-12-23,2025-03-15,83,1.83
C01501,5,5,5,5,494.49,98.898,7,2025-02-24,2026-02-26,368,0.41
C03622,5,5,4,4,491.89,98.378,8,2025-02-05,2025-06-20,136,1.12
C02600,5,5,5,5,491.71,98.342,6,2025-04-27,2026-01-29,278,0.55
C00443,5,5,4,5,489.43,97.886,7,2025-06-07,2025-11-27,174,0.87
C01601,5,5,3,5,489.32,97.864,6,2025-02-05,2026-03-09,398,0.38
C00919,5,5,3,5,488.3,97.66,7,2025-01-18,2025-09-28,254,0.6
C01435,5,5,4,5,484.81,96.962,5,2024-12-05,2025-04-30,147,1.04
C01498,5,5,3,5,483.41,96.682,5,2025-03-25,2026-05-01,403,0.38
C02645,5,5,2,5,480.36,96.072,7,2025-01-15,2025-06-22,159,0.96
C02301,5,5,3,5,479.81,95.962,7,2025-05-02,2025-11-28,211,0.72
C04953,5,5,4,4,476.53999999999996,95.30799999999999,5,2025-01-18,2025-07-11,175,0.87
C03224,5,5,4,5,468.14,93.628,6,2025-06-23,2025-11-24,155,0.98
C00791,5,5,3,5,466.68,93.336,9,2025-01-03,2025-06-12,161,0.95
C03729,5,5,4,5,463.97,92.79400000000001,6,2025-02-23,2025-11-19,270,0.56
C00283,5,5,4,5,462.03,92.40599999999999,9,2024-12-29,2025-08-01,216,0.7
C03035,5,5,3,4,458.52,91.704,6,2025-03-30,2026-04-06,373,0.41
C00524,5,5,4,5,457.0,91.4,5,2025-04-15,2025-10-26,195,0.78
C04463,5,5,4,5,455.66,91.132,7,2024-12-11,2025-04-10,121,1.26
C02797,5,5,4,5,451.78999999999996,90.35799999999999,6,2025-01-06,2026-05-23,503,0.3
C04532,5,5,4,5,451.26,90.252,5,2024-12-06,2025-05-27,173,0.88
C03063,5,5,4,5,446.53,89.306,5,2025-02-10,2025-08-06,178,0.86
C04433,5,5,4,5,445.09000000000003,89.018,7,2025-01-20,2025-08-23,216,0.7
C04535,5,5,4,5,444.25,88.85,5,2025-04-07,2026-03-31,359,0.42
C01974,5,5,3,5,443.62,88.724,13,2024-12-28,2025-07-17,202,0.75
C03194,5,5,4,5,443.02,88.604,5,2025-02-16,2026-02-19,369,0.41
C00899,5,5,3,5,442.65,88.53,8,2024-12-08,2025-05-08,152,1.0
C03211,5,5,4,5,442.15,88.42999999999999,14,2025-01-05,2025-07-09,186,0.82
C03107,5,5,4,5,441.45,88.28999999999999,7,2025-01-06,2025-10-20,288,0.53
C04483,5,5,4,5,438.92,87.784,8,2024-12-17,2025-06-28,194,0.78
C03020,5,5,4,5,436.7,87.34,7,2025-02-08,2025-05-26,108,1.41
C02515,5,5,3,5,436.34999999999997,87.27,8,2024-12-31,2025-07-12,194,0.78
C03153,5,5,3,5,435.28000000000003,87.05600000000001,6,2025-02-21,2025-07-12,142,1.07
C03875,5,5,5,5,435.22,87.04400000000001,8,2024-12-23,2025-10-07,289,0.53
C04174,5,5,4,4,435.14,87.02799999999999,7,2024-12-09,2025-07-14,218,0.7
C01523,5,5,4,5,432.56,86.512,7,2025-07-30,2026-02-28,214,0.71
C03849,5,5,3,5,431.84,86.368,5,2025-03-01,2025-08-03,156,0.98
C00913,5,5,5,5,431.01,86.202,5,2025-04-24,2025-12-19,240,0.63
C02499,5,5,3,5,430.24,86.048,7,2024-12-16,2026-03-28,468,0.33
C04850,5,5,5,5,428.59,85.71799999999999,7,2025-04-22,2026-03-14,327,0.47
C03990,5,5,4,5,427.53000000000003,85.506,8,2024-12-16,2026-01-15,396,0.38
C01141,5,5,4,5,425.75,85.15,6,2024-12-18,2025-07-21,216,0.7
C00500,5,5,3,5,425.65,85.13,7,2025-02-07,2026-04-18,436,0.35
C04955,5,5,4,4,424.87,84.974,7,2025-01-18,2026-03-21,428,0.36
C00304,5,5,4,5,423.49,84.69800000000001,6,2025-05-30,2026-03-25,300,0.51
C02437,5,5,3,5,422.56,84.512,8,2025-01-17,2025-12-06,324,0.47
C00556,5,5,4,5,421.83,84.366,11,2025-02-22,2025-07-18,147,1.04
C01243,5,5,5,5,421.02,84.204,7,2025-01-07,2025-10-14,281,0.54
C01879,5,5,4,4,420.11,84.022,8,2025-03-28,2025-11-26,244,0.62
C01595,5,5,4,4,419.0,83.8,5,2024-12-08,2025-12-02,360,0.42
C01234,5,5,4,5,417.84,83.568,6,2025-07-17,2026-01-18,186,0.82
C00499,5,5,4,5,412.53000000000003,82.506,8,2025-02-23,2025-08-04,163,0.93
C03011,5,5,4,5,410.84,82.16799999999999,8,2024-12-05,2025-12-28,389,0.39
C03482,5,5,4,4,410.47,82.09400000000001,6,2025-02-01,2025-11-26,299,0.51
C00278,5,5,4,5,408.71000000000004,81.742,9,2025-01-07,2025-10-15,282,0.54
C02929,5,5,4,5,407.87999999999994,81.576,7,2025-01-12,2025-03-27,75,2.03
C02576,5,5,4,5,406.67,81.334,7,2025-03-07,2026-04-17,407,0.37
C01513,5,5,5,5,405.74,81.148,6,2025-05-27,2026-01-11,230,0.66
C03579,5,5,5,5,404.09000000000003,80.81800000000001,7,2025-04-15,2025-09-03,142,1.07
C00262,5,5,4,5,400.96,80.192,8,2025-02-27,2026-03-30,397,0.38
C01097,5,5,5,5,398.03,79.606,6,2024-12-07,2026-02-04,425,0.36
C01116,5,5,2,5,395.78000000000003,79.156,8,2025-02-14,2026-02-04,356,0.43
C00192,5,5,3,4,395.29,79.058,6,2024-12-30,2025-09-10,255,0.6
C01445,5,5,3,4,394.06,78.812,9,2024-12-26,2025-09-15,264,0.58
C01895,5,5,3,5,390.2,78.03999999999999,7,2025-01-11,2025-10-10,273,0.56
C01953,5,5,4,4,388.57,77.714,5,2025-01-07,2025-11-25,323,0.47
C03430,5,5,4,5,385.92,77.184,7,2025-01-24,2025-10-14,264,0.58
C03635,5,5,4,4,382.02,76.404,6,2025-02-24,2025-07-20,147,1.04
C01692,5,5,4,5,379.0,75.8,5,2025-03-21,2025-10-21,215,0.71
C03937,5,5,3,4,377.71,75.542,9,2025-05-08,2025-10-29,175,0.87
C02575,5,5,3,4,374.63,74.926,7,2025-02-01,2026-01-22,356,0.43
C02755,5,5,4,5,373.45,74.69,6,2025-02-26,2026-05-19,448,0.34
C02988,5,5,4,5,373.44,74.688,7,2025-01-09,2025-04-27,109,1.4
C02084,5,5,4,5,368.96,73.792,7,2025-01-22,2025-11-12,295,0.52
C04310,5,5,4,5,368.71,73.74199999999999,5,2025-06-16,2025-11-27,165,0.92
C01990,5,5,3,4,367.08,73.416,8,2025-05-04,2026-02-06,279,0.55
C03129,5,5,4,5,366.65000000000003,73.33000000000001,6,2025-03-09,2026-04-13,401,0.38
C00658,5,5,4,5,365.93999999999994,73.18799999999999,6,2024-12-31,2025-04-10,101,1.51
C03429,5,5,2,3,364.9,72.97999999999999,7,2025-04-24,2026-03-17,328,0.46
C03446,5,5,4,5,360.56,72.112,10,2024-12-22,2025-05-19,149,1.02
C03422,5,5,4,5,358.63,71.726,7,2024-12-14,2025-06-24,193,0.79
C02859,5,5,4,5,356.57,71.314,6,2025-01-20,2026-04-16,452,0.34
C02535,5,5,5,5,354.62,70.924,5,2025-02-12,2026-01-23,346,0.44
C04362,5,5,5,5,354.42,70.884,7,2025-08-15,2026-04-06,235,0.65
C04158,5,5,4,4,350.56,70.112,6,2024-12-16,2026-05-19,520,0.29
C04100,5,5,4,4,350.31,70.062,10,2025-04-16,2026-01-20,280,0.54
C04300,5,5,4,5,349.31,69.862,6,2025-03-29,2026-01-22,300,0.51
C01455,5,5,4,5,344.37,68.874,6,2024-12-27,2025-02-14,50,3.04
C00494,5,5,3,5,342.23,68.446,6,2025-01-02,2025-05-06,125,1.22
C04123,5,5,3,4,341.07,68.214,7,2025-10-25,2026-04-06,164,0.93
C00987,5,5,4,5,334.77,66.954,7,2024-12-06,2025-02-24,81,1.88
C00338,5,5,4,5,334.45000000000005,66.89000000000001,6,2025-04-30,2026-04-05,341,0.45
C00051,5,5,5,5,333.8,66.76,6,2025-01-10,2025-08-23,226,0.67
C00603,5,5,5,5,333.33,66.666,5,2024-12-21,2026-04-23,489,0.31
C00673,5,5,3,5,333.31,66.662,6,2025-09-05,2026-03-27,204,0.75
C01405,5,5,3,4,328.08,65.616,6,2025-01-19,2025-11-20,306,0.5
C03433,5,5,3,4,327.61,65.522,6,2025-04-17,2026-01-05,264,0.58
C04001,5,5,3,4,327.42,65.48400000000001,7,2025-03-08,2026-01-03,302,0.5
C01448,5,5,3,5,327.23,65.446,11,2025-01-23,2025-09-12,233,0.65
C04973,5,5,4,5,325.21000000000004,65.042,7,2024-12-17,2025-02-19,65,2.34
C01233,5,5,4,5,322.33000000000004,64.46600000000001,8,2024-12-10,2025-12-22,378,0.4
C03544,5,5,3,5,322.08000000000004,64.41600000000001,7,2025-01-03,2025-07-27,206,0.74
C04421,5,5,4,5,321.64,64.328,6,2024-12-10,2025-07-07,210,0.72
C02103,5,5,4,5,321.51,64.30199999999999,8,2025-02-24,2025-11-01,251,0.61
C00166,5,5,3,5,318.31,63.662,6,2025-01-05,2026-03-07,427,0.36
C00314,5,5,4,4,303.23,60.646,7,2024-12-27,2025-12-06,345,0.44
C04424,5,5,3,5,302.53,60.50599999999999,6,2025-02-05,2025-10-30,268,0.57
C01093,5,5,4,5,302.51000000000005,60.50200000000001,6,2024-12-21,2025-08-19,242,0.63
C03734,5,5,4,4,302.26,60.452,7,2025-03-26,2026-01-12,293,0.52
C00547,5,5,5,5,300.01,60.001999999999995,5,2024-12-19,2025-10-26,312,0.49
C02452,5,5,4,5,299.77,59.95399999999999,5,2025-02-14,2026-05-03,444,0.34
C03655,5,5,5,5,299.05,59.81,6,2024-12-07,2025-07-24,230,0.66
C02556,5,5,4,5,296.33,59.266,7,2024-12-12,2026-05-04,509,0.3
C02965,5,5,2,5,290.15,58.029999999999994,8,2025-01-26,2025-08-12,199,0.76
C02231,5,5,4,5,289.31,57.862,5,2024-12-05,2025-07-16,224,0.68
C02033,5,5,3,4,284.41999999999996,56.88399999999999,9,2025-02-02,2025-08-25,205,0.74
C04450,5,5,3,5,284.29,56.858000000000004,7,2024-12-07,2026-05-29,539,0.28
C03553,5,5,4,5,282.33,56.465999999999994,7,2024-12-28,2025-06-09,164,0.93
C03082,5,5,3,5,277.40999999999997,55.48199999999999,6,2025-05-17,2026-05-11,360,0.42
C03017,5,5,4,5,276.17,55.234,6,2025-03-13,2026-01-23,317,0.48
C01180,5,5,4,4,272.43,54.486000000000004,6,2025-01-18,2025-10-27,283,0.54
C01055,5,5,3,3,270.91999999999996,54.18399999999999,5,2025-01-08,2025-12-17,344,0.44
C00356,5,5,5,5,269.76,53.952,6,2025-01-03,2025-09-27,268,0.57
C02829,5,5,3,5,266.92,53.384,6,2025-03-09,2025-11-22,259,0.59
C02905,5,5,4,5,263.66,52.732000000000006,6,2024-12-04,2025-07-25,234,0.65
C03336,5,5,3,4,263.24,52.648,5,2025-01-18,2025-09-07,233,0.65
C01531,5,5,3,5,257.19,51.438,6,2025-03-29,2025-07-11,105,1.45
C00814,5,5,4,4,255.72,51.144,5,2025-01-24,2025-12-01,312,0.49
C00187,5,5,2,5,254.33,50.866,7,2025-01-02,2025-11-16,319,0.48
C04787,5,5,4,5,252.62,50.524,6,2025-01-27,2025-07-27,182,0.84
C01484,5,5,4,5,251.97,50.394,7,2025-02-06,2025-11-19,287,0.53
C02381,5,5,4,5,250.97,50.194,5,2025-05-16,2026-03-17,306,0.5
C04678,5,5,3,5,250.2,50.04,6,2025-01-25,2025-06-15,142,1.07
C01348,5,5,4,4,249.38,49.876,6,2024-12-12,2025-08-05,237,0.64
C04326,5,5,3,4,247.89999999999998,49.58,5,2025-04-04,2026-02-26,329,0.46
C03612,5,5,4,4,242.45,48.489999999999995,5,2024-12-24,2025-12-14,356,0.43
C00319,5,5,3,4,241.21,48.242000000000004,5,2024-12-07,2025-07-02,208,0.73
C03258,5,5,3,4,239.66,47.932,7,2025-02-15,2025-09-02,200,0.76
C01992,5,5,5,5,236.97,47.394,5,2025-02-16,2025-11-26,284,0.54
C00372,5,5,2,4,235.29,47.058,5,2025-02-11,2025-04-24,73,2.08
C03555,5,5,2,5,218.8,43.760000000000005,6,2025-01-09,2025-05-18,130,1.17
C03323,5,5,2,4,202.53,40.506,5,2025-05-02,2025-12-19,232,0.66
C04717,5,5,4,5,201.18,40.236000000000004,5,2025-01-21,2025-07-14,175,0.87
C00163,5,5,3,4,197.33,39.466,7,2025-01-23,2025-07-06,165,0.92
C01732,5,5,4,5,188.88,37.775999999999996,6,2024-12-23,2025-12-03,346,0.44
C03850,5,5,3,5,188.83,37.766000000000005,6,2025-01-14,2025-07-19,187,0.81
C04711,5,5,3,5,188.72,37.744,6,2025-04-09,2025-10-31,206,0.74
C00638,5,5,4,5,188.44,37.688,6,2024-12-27,2025-11-21,330,0.46
C03320,5,5,4,5,187.8,37.56,5,2025-01-24,2025-07-25,183,0.83
C02449,5,5,2,4,185.75,37.15,6,2025-01-07,2026-05-28,507,0.3
C01472,5,5,3,5,183.85,36.769999999999996,7,2024-12-13,2025-05-15,154,0.99
C02075,5,5,3,5,181.98000000000002,36.396,5,2025-03-10,2025-07-18,131,1.16
C04175,5,5,4,5,170.15,34.03,6,2025-02-18,2026-03-16,392,0.39
C00569,5,5,3,4,169.01,33.802,6,2024-12-20,2025-08-28,252,0.6
C00971,5,5,4,4,168.35,33.67,6,2024-12-21,2025-06-28,190,0.8
C03521,5,5,4,5,163.99,32.798,5,2025-11-18,2026-05-04,168,0.91
C02708,5,5,3,5,157.07,31.413999999999998,6,2025-01-03,2025-07-25,204,0.75
C04913,5,5,3,4,146.21,29.242,7,2024-12-11,2025-08-06,239,0.64
C04758,5,4,3,4,555.5,111.1,9,2025-05-01,2026-05-04,369,0.41
C03070,4,4,3,4,6423.0599999999995,1605.7649999999999,11,2025-03-09,2026-03-12,369,0.33
C01636,4,4,3,4,4430.62,1107.655,9,2025-03-19,2025-08-22,157,0.78
C01637,4,4,3,4,3727.43,931.8575,9,2025-05-07,2026-05-04,363,0.34
C04767,4,4,2,4,3520.32,880.08,8,2025-03-27,2025-11-10,229,0.53
C02413,4,4,4,4,3409.02,852.255,14,2025-11-12,2026-04-28,168,0.72
C02002,4,4,4,4,3350.95,837.7375,9,2025-04-29,2025-12-03,219,0.56
C01401,4,4,3,3,3346.16,836.54,9,2025-06-05,2026-03-01,270,0.45
C00312,4,4,3,4,3345.39,836.3475,6,2025-09-07,2026-01-30,146,0.83
C01918,4,4,3,3,2842.52,710.63,7,2025-04-06,2026-01-31,301,0.4
C00472,4,4,3,3,2643.22,660.805,6,2025-05-10,2026-02-23,290,0.42
C00038,4,4,4,4,2544.94,636.235,8,2025-05-18,2026-03-02,289,0.42
C02512,4,4,4,4,2469.69,617.4225,9,2025-03-26,2026-02-01,313,0.39
C04476,4,4,3,4,2282.35,570.5875,9,2025-03-29,2026-01-19,297,0.41
C04041,4,4,2,3,2270.87,567.7175,9,2025-08-09,2026-02-18,194,0.63
C04909,4,4,3,4,2216.4,554.1,9,2024-12-22,2025-05-30,160,0.76
C02749,4,4,3,4,2202.95,550.7375,7,2025-03-20,2026-05-01,408,0.3
C03230,4,4,4,4,2122.2,530.55,9,2025-07-02,2025-12-02,154,0.79
C04031,4,4,3,4,1987.8600000000001,496.96500000000003,6,2024-12-06,2025-12-18,378,0.32
C01509,4,4,4,4,1938.25,484.5625,8,2025-02-14,2025-08-08,176,0.69
C02497,4,4,3,4,1899.33,474.8325,8,2024-12-29,2025-10-21,297,0.41
C01603,4,4,2,3,1868.23,467.0575,4,2025-01-02,2025-07-19,199,0.61
C04323,4,4,3,4,1853.26,463.315,7,2025-03-03,2026-03-04,367,0.33
C00396,4,4,2,3,1846.79,461.6975,5,2025-02-05,2025-12-25,324,0.38
C01178,4,4,4,4,1797.88,449.47,7,2025-03-06,2025-10-19,228,0.53
C01819,4,4,2,4,1784.6399999999999,446.15999999999997,4,2025-02-15,2026-03-25,404,0.3
C04662,4,4,3,4,1750.19,437.5475,7,2024-12-10,2026-01-30,417,0.29
C00040,4,4,3,3,1730.43,432.6075,5,2025-09-12,2026-03-21,191,0.64
C01599,4,4,4,4,1709.82,427.455,8,2024-12-08,2026-01-19,408,0.3
C04614,4,4,2,3,1697.1399999999999,424.28499999999997,4,2025-03-01,2025-10-16,230,0.53
C04937,4,4,3,4,1691.1200000000001,422.78000000000003,8,2025-01-11,2025-08-14,216,0.56
C03277,4,4,2,4,1620.24,405.06,4,2025-03-02,2025-11-26,270,0.45
C04702,4,4,3,4,1532.51,383.1275,5,2025-03-08,2025-09-14,191,0.64
C04470,4,4,4,4,1529.62,382.405,7,2024-12-13,2025-07-03,203,0.6
C03471,4,4,3,4,1514.47,378.6175,7,2025-03-16,2026-03-29,379,0.32
C00830,4,4,3,3,1509.99,377.4975,9,2024-12-28,2025-02-22,57,2.14
C03099,4,4,3,3,1495.23,373.8075,7,2025-01-18,2025-09-27,253,0.48
C00916,4,4,3,4,1455.9299999999998,363.98249999999996,7,2025-02-04,2026-05-12,463,0.26
C03748,4,4,3,3,1436.29,359.0725,11,2025-02-11,2026-03-02,385,0.32
C04623,4,4,3,3,1432.97,358.2425,6,2025-04-10,2026-03-17,342,0.36
C00457,4,4,3,4,1405.6,351.4,5,2025-01-05,2025-10-02,271,0.45
C02573,4,4,3,4,1390.87,347.7175,6,2025-02-26,2026-02-16,356,0.34
C03341,4,4,3,4,1380.66,345.165,6,2025-02-16,2025-06-22,127,0.96
C03730,4,4,4,4,1339.96,334.99,7,2025-08-08,2025-11-15,100,1.22
C02852,4,4,3,3,1338.49,334.6225,5,2025-07-15,2026-04-14,274,0.44
C01319,4,4,4,4,1315.3799999999999,328.84499999999997,6,2024-12-23,2025-11-30,343,0.35
C02563,4,4,2,4,1313.23,328.3075,4,2025-05-16,2026-04-17,337,0.36
C04314,4,4,3,4,1307.0500000000002,326.76250000000005,5,2025-02-06,2026-01-16,345,0.35
C02058,4,4,3,4,1295.25,323.8125,7,2025-03-14,2026-01-16,309,0.39
C02355,4,4,4,4,1295.19,323.7975,4,2025-08-30,2026-02-17,172,0.71
C00479,4,4,2,3,1293.28,323.32,4,2025-03-25,2026-02-19,332,0.37
C04763,4,4,3,4,1291.99,322.9975,6,2025-04-01,2026-03-14,348,0.35
C02320,4,4,4,4,1280.16,320.04,8,2025-04-26,2025-09-03,131,0.93
C00112,4,4,2,4,1248.56,312.14,7,2025-01-14,2025-05-04,111,1.1
C02778,4,4,4,4,1246.68,311.67,8,2025-06-12,2026-03-30,292,0.42
C04134,4,4,4,4,1235.75,308.9375,11,2025-02-28,2026-02-03,341,0.36
C00157,4,4,3,3,1225.72,306.43,10,2024-12-18,2025-07-04,199,0.61
C04809,4,4,3,3,1218.28,304.57,9,2025-09-16,2026-02-10,148,0.82
C04164,4,4,4,4,1216.05,304.0125,7,2024-12-29,2025-04-10,103,1.18
C01160,4,4,2,4,1213.1399999999999,303.28499999999997,4,2024-12-07,2026-02-11,432,0.28
C01839,4,4,4,4,1206.48,301.62,8,2025-02-08,2025-09-12,217,0.56
C00508,4,4,3,4,1186.7600000000002,296.69000000000005,5,2025-05-15,2025-12-28,228,0.53
C04439,4,4,3,3,1158.93,289.7325,6,2024-12-20,2025-08-22,246,0.49
C01033,4,4,4,4,1152.52,288.13,7,2025-07-07,2026-02-26,235,0.52
C03072,4,4,3,4,1145.24,286.31,10,2024-12-20,2025-11-20,336,0.36
C04377,4,4,3,4,1129.1599999999999,282.28999999999996,6,2025-05-11,2026-03-18,312,0.39
C04054,4,4,3,4,1127.8600000000001,281.96500000000003,6,2025-01-07,2026-03-27,445,0.27
C03442,4,4,3,3,1116.09,279.0225,6,2025-02-02,2025-10-21,262,0.46
C02753,4,4,3,4,1095.56,273.89,6,2025-03-06,2025-07-29,146,0.83
C01596,4,4,4,4,1077.46,269.365,5,2025-01-19,2026-05-04,471,0.26
C03800,4,4,4,4,1061.57,265.3925,5,2024-12-28,2025-04-01,95,1.28
C04838,4,4,4,4,1059.7900000000002,264.94750000000005,7,2025-07-18,2026-03-23,249,0.49
C00358,4,4,4,4,1051.62,262.905,6,2025-07-03,2026-05-09,311,0.39
C02156,4,4,4,4,1043.5,260.875,10,2025-05-27,2026-01-14,233,0.52
C03754,4,4,2,3,1024.25,256.0625,10,2025-02-14,2025-11-07,267,0.46
C03878,4,4,3,4,1021.73,255.4325,7,2025-05-14,2026-01-01,233,0.52
C03513,4,4,4,4,999.16,249.79,6,2025-02-27,2025-10-24,240,0.51
C04584,4,4,3,4,998.5699999999999,249.64249999999998,5,2025-05-28,2026-05-09,347,0.35
C00881,4,4,4,4,997.53,249.3825,6,2025-02-16,2026-01-20,339,0.36
C01381,4,4,3,3,988.13,247.0325,8,2025-01-14,2026-02-23,406,0.3
C03629,4,4,3,4,980.12,245.03,8,2025-06-06,2025-12-26,204,0.6
C00976,4,4,3,4,967.32,241.83,5,2025-03-29,2026-01-23,301,0.4
C02135,4,4,3,4,964.03,241.0075,6,2025-02-01,2025-10-29,271,0.45
C02620,4,4,4,4,954.46,238.615,8,2025-03-12,2026-04-25,410,0.3
C04193,4,4,3,4,953.78,238.445,7,2025-01-18,2026-01-19,367,0.33
C02114,4,4,4,4,935.97,233.9925,9,2025-04-24,2025-11-01,192,0.63
C01222,4,4,3,4,916.48,229.12,8,2025-02-01,2025-05-30,119,1.02
C02478,4,4,3,4,900.6,225.15,6,2024-12-12,2025-07-03,204,0.6
C03143,4,4,4,4,896.15,224.0375,7,2025-01-18,2025-10-09,265,0.46
C04420,4,4,3,3,870.62,217.655,5,2025-04-14,2026-03-21,342,0.36
C01241,4,4,4,4,864.97,216.2425,7,2025-06-21,2026-04-23,307,0.4
C01224,4,4,4,4,860.04,215.01,4,2025-02-26,2026-05-10,439,0.28
C02942,4,4,1,2,849.39,212.3475,6,2025-01-06,2025-04-11,96,1.27
C00387,4,4,4,4,840.76,210.19,8,2024-12-07,2025-11-13,342,0.36
C02527,4,4,3,4,840.5699999999999,210.14249999999998,8,2025-02-10,2025-05-18,98,1.24
C01387,4,4,3,4,834.0999999999999,208.52499999999998,4,2025-01-02,2025-12-03,336,0.36
C04546,4,4,1,2,822.1000000000001,205.52500000000003,6,2025-01-29,2025-05-05,97,1.26
C03561,4,4,4,4,817.1600000000001,204.29000000000002,5,2025-04-03,2026-01-20,293,0.42
C03022,4,4,4,4,800.13,200.0325,5,2025-04-20,2025-10-06,170,0.72
C04830,4,4,3,4,799.07,199.7675,8,2025-02-13,2025-10-22,252,0.48
C03765,4,4,3,4,794.39,198.5975,7,2024-12-08,2025-08-25,261,0.47
C04562,4,4,3,3,776.1899999999999,194.04749999999999,4,2024-12-27,2025-06-30,186,0.65
C01537,4,4,2,4,774.73,193.6825,7,2025-02-19,2026-01-20,336,0.36
C04411,4,4,4,4,771.76,192.94,6,2024-12-30,2026-02-05,403,0.3
C04915,4,4,4,4,771.1,192.775,7,2024-12-19,2025-10-19,305,0.4
C01521,4,4,3,4,769.93,192.4825,5,2025-02-14,2025-06-25,132,0.92
C01817,4,4,4,4,769.69,192.4225,4,2025-05-06,2026-01-07,247,0.49
C02495,4,4,3,4,768.8999999999999,192.22499999999997,7,2025-02-10,2025-11-10,274,0.44
C01727,4,4,4,4,765.16,191.29,4,2025-01-04,2025-06-05,153,0.8
C00181,4,4,3,4,764.05,191.0125,7,2025-02-28,2025-10-03,218,0.56
C00252,4,4,3,4,763.87,190.9675,6,2025-03-27,2026-01-14,294,0.41
C01755,4,4,3,4,761.1999999999999,190.29999999999998,5,2025-04-15,2025-08-17,125,0.97
C01329,4,4,3,4,751.1800000000001,187.79500000000002,8,2024-12-10,2025-04-17,129,0.94
C02500,4,4,4,4,747.0,186.75,8,2025-03-04,2026-02-09,343,0.35
C04051,4,4,3,4,745.51,186.3775,5,2025-04-03,2025-05-31,59,2.06
C01662,4,4,3,4,743.26,185.815,5,2025-01-22,2026-01-26,370,0.33
C04860,4,4,4,4,742.1700000000001,185.54250000000002,5,2024-12-17,2025-08-18,245,0.5
C00353,4,4,4,4,741.31,185.3275,7,2025-06-18,2026-04-16,303,0.4
C03339,4,4,3,4,740.82,185.205,5,2025-02-17,2025-06-03,107,1.14
C04298,4,4,3,4,727.9300000000001,181.98250000000002,9,2025-08-09,2026-03-04,208,0.59
C04172,4,4,4,4,727.26,181.815,6,2025-02-26,2026-04-05,404,0.3
C03252,4,4,2,4,721.32,180.33,5,2025-08-17,2026-02-27,195,0.62
C03813,4,4,2,4,713.04,178.26,4,2025-01-03,2025-10-10,281,0.43
C02268,4,4,4,4,708.89,177.2225,5,2025-11-23,2026-05-29,188,0.65
C03298,4,4,3,4,708.1700000000001,177.04250000000002,5,2025-08-29,2026-02-02,158,0.77
C01219,4,4,4,4,688.22,172.055,4,2025-01-21,2026-04-24,459,0.27
C01788,4,4,3,3,672.29,168.0725,9,2025-11-29,2026-04-15,138,0.88
C03274,4,4,4,4,672.04,168.01,6,2025-03-11,2025-11-22,257,0.47
C02661,4,4,4,4,672.02,168.005,8,2025-01-26,2026-04-16,446,0.27
C03315,4,4,4,4,660.45,165.1125,6,2024-12-28,2025-04-27,121,1.01
C03404,4,4,2,3,656.87,164.2175,7,2025-03-12,2025-10-14,217,0.56
C04611,4,4,4,4,647.79,161.9475,5,2025-03-28,2025-09-06,163,0.75
C00627,4,4,3,4,643.8299999999999,160.95749999999998,4,2025-05-23,2026-06-01,375,0.32
C04516,4,4,4,4,643.08,160.77,4,2024-12-30,2025-06-25,178,0.68
C04423,4,4,4,4,642.8499999999999,160.71249999999998,6,2025-02-22,2025-12-24,306,0.4
C02061,4,4,4,4,642.5600000000001,160.64000000000001,6,2025-06-08,2025-11-21,167,0.73
C02825,4,4,4,4,638.69,159.6725,9,2025-02-08,2025-11-29,295,0.41
C04387,4,4,2,4,629.99,157.4975,6,2024-12-18,2026-01-09,388,0.31
C03514,4,4,3,3,626.01,156.5025,6,2024-12-05,2025-07-28,236,0.52
C02410,4,4,3,4,619.64,154.91,5,2025-01-25,2025-10-19,268,0.45
C00074,4,4,4,4,618.67,154.6675,5,2024-12-14,2025-05-28,166,0.73
C04888,4,4,3,3,617.99,154.4975,4,2025-06-06,2026-03-16,284,0.43
C00530,4,4,4,4,613.3199999999999,153.32999999999998,8,2025-01-17,2025-10-23,280,0.43
C02024,4,4,3,4,611.91,152.9775,4,2025-02-28,2025-05-28,90,1.35
C00618,4,4,4,4,601.13,150.2825,5,2024-12-08,2025-02-05,60,2.03
C04350,4,4,3,3,598.1899999999999,149.54749999999999,4,2025-03-20,2026-01-19,306,0.4
C04385,4,4,4,4,585.52,146.38,4,2025-08-09,2026-02-24,200,0.61
C03081,4,4,4,4,574.3,143.575,7,2025-03-07,2025-06-19,105,1.16
C02010,4,4,4,4,573.46,143.365,6,2025-03-12,2025-12-20,284,0.43
C01770,4,4,4,4,570.44,142.61,5,2025-04-26,2026-03-22,331,0.37
C03712,4,4,3,3,562.23,140.5575,7,2025-02-13,2025-08-18,187,0.65
C00303,4,4,3,4,561.64,140.41,4,2025-02-12,2026-05-12,455,0.27
C02239,4,4,3,3,558.92,139.73,6,2024-12-29,2025-02-09,43,2.83
C02498,4,4,4,4,558.42,139.605,9,2025-01-10,2025-06-14,156,0.78
C00611,4,4,3,4,557.04,139.26,7,2025-03-28,2026-01-10,289,0.42
C04624,4,4,3,4,554.8,138.7,5,2025-02-04,2026-01-03,334,0.36
C04722,4,4,4,4,554.48,138.62,7,2025-03-21,2025-12-31,286,0.43
C02504,4,4,3,3,554.0699999999999,138.51749999999998,5,2025-01-26,2026-03-16,415,0.29
C04490,4,4,3,4,552.17,138.0425,7,2025-05-27,2026-01-19,238,0.51
C01285,4,4,3,4,550.4100000000001,137.60250000000002,5,2025-05-30,2026-01-15,231,0.53
C02853,4,4,4,4,549.43,137.3575,7,2025-06-23,2026-04-19,301,0.4
C04511,4,4,3,4,545.65,136.4125,6,2025-02-21,2025-11-01,254,0.48
C03251,4,4,3,4,545.21,136.3025,6,2025-04-09,2026-04-04,361,0.34
C01391,4,4,3,4,542.12,135.53,5,2025-04-20,2026-02-05,292,0.42
C03885,4,4,3,4,541.5,135.375,9,2025-09-25,2026-04-18,206,0.59
C00544,4,4,2,3,539.99,134.9975,6,2025-02-08,2026-01-27,354,0.34
C04591,4,4,4,4,534.83,133.7075,6,2024-12-14,2025-09-01,262,0.46
C02417,4,4,4,4,530.53,132.6325,7,2025-01-01,2025-06-11,162,0.75
C02881,4,4,3,4,528.75,132.1875,6,2025-03-17,2026-02-06,327,0.37
C02543,4,4,3,4,528.2199999999999,132.05499999999998,4,2025-01-04,2025-08-09,218,0.56
C03426,4,4,4,4,528.12,132.03,4,2025-02-24,2025-10-06,225,0.54
C03046,4,4,3,4,526.21,131.5525,5,2025-01-09,2025-12-09,335,0.36
C01129,4,4,4,4,525.3299999999999,131.33249999999998,4,2025-02-05,2026-03-05,394,0.31
C02057,4,4,4,4,523.61,130.9025,6,2025-02-01,2026-02-12,377,0.32
C02694,4,4,3,3,523.54,130.885,9,2025-06-06,2026-03-13,281,0.43
C04361,4,4,3,4,521.4,130.35,5,2024-12-14,2025-10-08,299,0.41
C03053,4,4,3,3,518.84,129.71,8,2024-12-23,2026-01-06,380,0.32
C01416,4,4,4,4,517.95,129.4875,4,2025-01-07,2026-04-03,452,0.27
C04966,4,4,4,4,515.9300000000001,128.98250000000002,4,2025-01-10,2025-12-24,349,0.35
C02240,4,4,4,4,514.78,128.695,5,2025-01-04,2026-01-10,372,0.33
C05000,4,4,4,4,511.96000000000004,127.99000000000001,5,2025-06-06,2025-10-06,123,0.99
C00381,4,4,3,3,511.84000000000003,127.96000000000001,7,2025-08-03,2025-09-05,34,3.58
C02551,4,4,3,4,511.48,127.87,5,2024-12-21,2026-01-21,397,0.31
C02481,4,4,3,4,510.97,127.7425,5,2025-05-11,2025-09-29,142,0.86
C01045,4,4,3,4,510.41,127.6025,4,2025-04-05,2026-03-10,340,0.36
C02520,4,4,3,4,507.74,126.935,6,2024-12-07,2025-05-17,162,0.75
C02310,4,4,3,3,507.33,126.8325,8,2025-01-12,2025-10-22,284,0.43
C04308,4,4,3,4,505.62,126.405,4,2024-12-14,2025-06-20,189,0.64
C00745,4,4,2,4,504.90999999999997,126.22749999999999,4,2024-12-27,2026-03-02,431,0.28
C03403,4,4,4,4,501.27,125.3175,5,2025-01-06,2025-12-26,355,0.34
C03438,4,4,3,4,500.73,125.1825,7,2024-12-07,2025-02-23,79,1.54
C01542,4,4,3,4,500.41,125.1025,6,2025-01-16,2025-06-14,150,0.81
C00162,4,4,2,4,498.08,124.52,4,2025-01-16,2025-08-02,199,0.61
C02775,4,4,3,4,496.78000000000003,124.19500000000001,10,2025-01-22,2025-08-27,218,0.56
C04527,4,4,3,3,493.36,123.34,5,2025-10-14,2026-03-28,166,0.73
C04740,4,4,3,4,489.1,122.275,11,2025-04-09,2026-02-24,322,0.38
C01293,4,4,3,4,485.21000000000004,121.30250000000001,4,2025-01-21,2026-03-31,435,0.28
C04956,4,4,4,4,483.51,120.8775,7,2024-12-28,2025-11-14,322,0.38
C00931,4,4,4,4,482.33,120.5825,4,2025-01-08,2025-06-11,155,0.79
C03344,4,4,3,4,481.02,120.255,8,2025-11-11,2026-04-19,160,0.76
C04261,4,4,2,3,478.82,119.705,5,2025-06-02,2025-12-31,213,0.57
C04635,4,4,3,3,478.71000000000004,119.67750000000001,7,2025-06-05,2026-04-08,308,0.4
C02017,4,4,4,4,476.59000000000003,119.14750000000001,6,2024-12-22,2025-08-26,248,0.49
C00277,4,4,4,4,476.56,119.14,7,2024-12-22,2025-03-10,79,1.54
C00432,4,4,3,4,472.96,118.24,9,2025-01-12,2026-02-24,409,0.3
C02555,4,4,4,4,472.84000000000003,118.21000000000001,4,2025-01-16,2025-03-11,55,2.21
C01600,4,4,4,4,469.12,117.28,7,2025-02-02,2025-06-15,134,0.91
C04512,4,4,4,4,467.05,116.7625,8,2025-02-10,2025-09-06,209,0.58
C03013,4,4,2,2,465.56,116.39,6,2025-09-06,2026-02-27,175,0.7
C02204,4,4,3,3,460.16999999999996,115.04249999999999,4,2024-12-18,2025-09-18,275,0.44
C01829,4,4,3,4,460.14,115.035,6,2025-02-23,2026-02-28,371,0.33
C00902,4,4,3,4,457.98,114.495,8,2024-12-31,2025-07-12,194,0.63
C00130,4,4,4,4,449.59,112.3975,6,2025-04-11,2026-04-29,384,0.32
C04478,4,4,3,4,448.07000000000005,112.01750000000001,5,2024-12-12,2025-04-05,115,1.06
C03105,4,4,3,3,446.84999999999997,111.71249999999999,4,2025-02-27,2026-04-17,415,0.29
C03823,4,4,2,3,446.51,111.6275,4,2025-06-02,2026-04-03,306,0.4
C03904,4,4,3,4,444.44,111.11,4,2025-01-25,2025-06-07,134,0.91
C03529,4,4,4,4,444.33,111.0825,5,2025-01-31,2025-12-17,321,0.38
C04351,4,4,3,4,443.92,110.98,5,2024-12-28,2025-07-05,190,0.64
C01855,4,4,3,3,443.73,110.9325,6,2025-01-20,2025-12-06,321,0.38
C04768,4,4,4,4,442.42,110.605,5,2025-01-14,2025-12-22,343,0.35
C04802,4,4,3,4,436.86,109.215,5,2025-01-20,2025-10-21,275,0.44
C04131,4,4,4,4,435.67,108.9175,6,2025-06-07,2026-01-21,229,0.53
C01384,4,4,4,4,433.86,108.465,5,2025-03-15,2025-08-23,162,0.75
C03592,4,4,4,4,433.65,108.4125,5,2025-02-21,2025-05-13,82,1.48
C01639,4,4,4,4,430.9,107.725,6,2025-01-15,2025-08-16,214,0.57
C03240,4,4,4,4,428.84,107.21,8,2025-01-26,2025-10-04,252,0.48
C00568,4,4,4,4,428.15000000000003,107.03750000000001,4,2024-12-21,2026-04-23,489,0.25
C02423,4,4,4,4,427.77,106.9425,6,2025-03-15,2025-11-06,237,0.51
C00030,4,4,2,3,426.13,106.5325,4,2025-03-05,2025-10-17,227,0.54
C04599,4,4,3,4,424.08,106.02,5,2025-02-05,2025-07-22,168,0.72
C00666,4,4,3,4,422.39,105.5975,7,2025-01-04,2026-04-10,462,0.26
C00961,4,4,4,4,418.25,104.5625,4,2024-12-08,2025-09-12,279,0.44
C03867,4,4,4,4,415.62,103.905,5,2025-07-18,2025-11-05,111,1.1
C03842,4,4,4,4,410.89,102.7225,5,2025-05-01,2025-10-04,157,0.78
C04343,4,4,2,3,409.81,102.4525,6,2025-04-04,2026-02-17,320,0.38
C04685,4,4,2,4,408.32,102.08,7,2025-04-17,2025-12-10,238,0.51
C01779,4,4,3,4,407.01,101.7525,6,2025-04-01,2025-10-11,194,0.63
C02529,4,4,3,4,406.12,101.53,5,2025-03-29,2026-01-16,294,0.41
C04598,4,4,3,4,404.4,101.1,7,2025-04-02,2025-04-30,29,4.2
C04356,4,4,2,4,402.08,100.52,4,2025-01-11,2026-03-27,441,0.28
C02431,4,4,3,3,401.88,100.47,4,2025-05-11,2026-03-20,314,0.39
C04645,4,4,3,4,401.74,100.435,4,2024-12-26,2025-05-23,149,0.82
C00905,4,4,3,4,400.14,100.035,5,2025-05-09,2025-12-25,231,0.53
C04843,4,4,3,4,399.19,99.7975,4,2024-12-10,2025-10-23,318,0.38
C02327,4,4,2,3,398.01,99.5025,5,2024-12-23,2025-06-07,167,0.73
C04435,4,4,3,4,395.71,98.9275,6,2025-04-12,2026-01-07,271,0.45
C01816,4,4,3,4,393.65,98.4125,5,2025-07-31,2026-01-08,162,0.75
C04914,4,4,3,3,392.46,98.115,4,2024-12-14,2025-12-08,360,0.34
C04732,4,4,3,4,390.97,97.7425,6,2025-02-09,2025-10-23,257,0.47
C02917,4,4,2,4,390.51,97.6275,6,2025-02-27,2025-05-07,70,1.74
C04927,4,4,3,4,387.4,96.85,8,2024-12-22,2025-11-04,318,0.38
C02779,4,4,4,4,385.85,96.4625,7,2024-12-10,2025-05-04,146,0.83
C04318,4,4,3,3,380.58000000000004,95.14500000000001,8,2024-12-20,2026-04-01,468,0.26
C02587,4,4,4,4,379.88,94.97,4,2024-12-15,2026-01-02,384,0.32
C04675,4,4,3,4,379.32,94.83,5,2025-02-18,2025-07-12,145,0.84
C04693,4,4,3,4,377.03999999999996,94.25999999999999,4,2025-07-04,2026-04-25,296,0.41
C03727,4,4,3,3,375.26,93.815,6,2025-04-11,2025-11-02,206,0.59
C01375,4,4,3,4,375.11,93.7775,6,2025-04-09,2026-02-18,316,0.39
C01008,4,4,3,4,372.92,93.23,7,2024-12-28,2025-05-12,136,0.9
C02408,4,4,3,4,372.84000000000003,93.21000000000001,8,2025-02-05,2025-07-14,160,0.76
C00202,4,4,3,4,371.65,92.9125,5,2025-01-07,2026-02-05,395,0.31
C02306,4,4,2,3,371.12,92.78,6,2025-02-09,2025-12-04,299,0.41
C01048,4,4,3,4,370.48,92.62,4,2025-03-29,2025-12-13,260,0.47
C01056,4,4,3,4,369.93,92.4825,5,2025-01-31,2026-01-25,360,0.34
C02642,4,4,3,4,364.82,91.205,4,2025-10-03,2026-01-30,120,1.01
C01577,4,4,3,4,363.27000000000004,90.81750000000001,6,2025-04-27,2026-01-13,262,0.46
C01584,4,4,4,4,360.65999999999997,90.16499999999999,5,2025-02-10,2026-01-17,342,0.36
C03498,4,4,4,4,358.18,89.545,5,2025-10-12,2026-04-28,199,0.61
C04884,4,4,4,4,357.47,89.3675,7,2024-12-15,2025-03-27,103,1.18
C04014,4,4,3,4,352.75,88.1875,9,2025-09-19,2026-04-30,224,0.54
C02624,4,4,4,4,352.64,88.16,4,2025-05-18,2026-04-10,328,0.37
C03593,4,4,4,4,351.43,87.8575,6,2025-07-25,2026-03-21,240,0.51
C01986,4,4,3,4,350.49,87.6225,6,2025-01-29,2026-05-05,462,0.26
C00031,4,4,3,3,350.3,87.575,6,2025-03-11,2026-01-01,297,0.41
C03001,4,4,3,4,350.14,87.535,5,2025-03-08,2026-01-08,307,0.4
C04109,4,4,4,4,349.02,87.255,5,2024-12-28,2025-08-12,228,0.53
C02465,4,4,4,4,346.9,86.725,6,2024-12-20,2025-09-12,267,0.46
C03381,4,4,4,4,346.80999999999995,86.70249999999999,5,2025-01-01,2025-05-12,132,0.92
C00914,4,4,2,4,344.71,86.1775,4,2025-07-18,2026-04-25,282,0.43
C00646,4,4,3,4,343.99,85.9975,6,2024-12-14,2026-05-07,510,0.24
C03159,4,4,4,4,340.36,85.09,9,2025-01-24,2025-08-22,211,0.58
C00379,4,4,3,4,339.72,84.93,5,2025-01-04,2025-07-06,184,0.66
C04312,4,4,4,4,339.5,84.875,4,2025-05-08,2025-10-01,147,0.83
C04959,4,4,3,4,337.75,84.4375,4,2025-01-13,2025-06-06,145,0.84
C04935,4,4,4,4,337.09,84.2725,7,2024-12-15,2025-10-18,308,0.4
C00654,4,4,3,4,336.77,84.1925,4,2024-12-09,2025-08-11,246,0.49
C01910,4,4,4,4,334.87,83.7175,5,2025-02-03,2026-01-15,347,0.35
C01794,4,4,4,4,331.36,82.84,10,2025-02-06,2026-01-01,330,0.37
C02710,4,4,3,3,329.14,82.285,6,2025-03-05,2026-04-26,418,0.29
C02166,4,4,2,4,327.0,81.75,4,2024-12-05,2025-02-05,63,1.93
C03361,4,4,3,3,319.77000000000004,79.94250000000001,7,2024-12-28,2025-11-07,315,0.39
C01050,4,4,2,3,318.19,79.5475,5,2025-01-07,2025-02-22,47,2.59
C04451,4,4,3,3,316.49,79.1225,6,2024-12-22,2026-04-27,492,0.25
C01963,4,4,4,4,314.09,78.5225,6,2025-02-20,2026-03-05,379,0.32
C04695,4,4,4,4,312.07,78.0175,4,2024-12-24,2025-09-04,255,0.48
C03768,4,4,4,4,311.59,77.8975,5,2025-02-06,2025-07-02,147,0.83
C04479,4,4,4,4,310.61,77.6525,7,2025-01-26,2025-08-25,212,0.57
C04401,4,4,3,4,309.7,77.425,6,2025-01-10,2026-04-17,463,0.26
C00596,4,4,4,4,308.02,77.005,5,2025-01-06,2025-07-22,198,0.61
C01835,4,4,4,4,307.58000000000004,76.89500000000001,5,2025-01-22,2025-05-16,115,1.06
C03223,4,4,3,4,307.43,76.8575,5,2025-02-20,2026-04-23,428,0.28
C02326,4,4,3,4,307.42,76.855,4,2025-01-29,2026-03-05,401,0.3
C04040,4,4,2,4,304.48,76.12,6,2025-02-04,2026-01-27,358,0.34
C01758,4,4,2,4,301.57,75.3925,5,2025-08-12,2026-04-01,233,0.52
C04557,4,4,3,4,298.38,74.595,9,2025-04-01,2026-01-11,286,0.43
C00468,4,4,4,4,297.46999999999997,74.36749999999999,5,2025-05-29,2025-11-13,169,0.72
C03269,4,4,2,4,297.13,74.2825,5,2025-04-18,2026-01-05,263,0.46
C01037,4,4,3,4,296.57,74.1425,8,2025-06-24,2026-01-14,205,0.59
C03792,4,4,3,4,295.77,73.9425,5,2025-01-12,2025-08-06,207,0.59
C02374,4,4,4,4,294.62,73.655,7,2025-01-22,2025-09-07,229,0.53
C04582,4,4,2,4,294.29,73.5725,7,2025-04-08,2026-03-27,354,0.34
C00397,4,4,3,4,294.08,73.52,4,2025-04-10,2025-10-01,175,0.7
C01294,4,4,3,3,292.53999999999996,73.13499999999999,8,2025-01-16,2025-04-11,86,1.42
C01466,4,4,2,3,292.17,73.0425,4,2024-12-12,2026-01-26,411,0.3
C02432,4,4,4,4,291.47,72.8675,4,2025-04-21,2026-01-02,257,0.47
C02745,4,4,2,4,291.16,72.79,6,2024-12-22,2025-12-12,356,0.34
C04589,4,4,3,4,291.11,72.7775,6,2025-02-13,2026-04-24,436,0.28
C02220,4,4,3,3,289.47,72.3675,8,2025-02-02,2025-11-09,281,0.43
C03627,4,4,3,4,286.02000000000004,71.50500000000001,6,2025-02-25,2025-10-18,236,0.52
C01172,4,4,4,4,284.83000000000004,71.20750000000001,5,2025-02-27,2025-11-20,267,0.46
C01503,4,4,3,4,284.24,71.06,7,2024-12-06,2025-06-03,180,0.68
C03119,4,4,3,4,281.51,70.3775,8,2024-12-17,2025-10-01,289,0.42
C01703,4,4,3,4,280.67,70.1675,7,2024-12-20,2025-08-30,254,0.48
C04493,4,4,3,4,279.81,69.9525,6,2025-02-27,2026-03-29,396,0.31
C00609,4,4,3,4,279.66,69.915,4,2025-03-18,2025-11-02,230,0.53
C04999,4,4,3,4,278.74,69.685,7,2025-01-07,2025-08-15,221,0.55
C03025,4,4,3,4,278.53000000000003,69.63250000000001,5,2024-12-16,2025-08-06,234,0.52
C02894,4,4,3,4,278.45,69.6125,5,2025-03-04,2025-07-18,137,0.89
C02262,4,4,4,4,278.21,69.5525,4,2025-05-27,2026-03-12,290,0.42
C01083,4,4,4,4,277.01,69.2525,5,2025-01-18,2026-04-18,456,0.27
C04549,4,4,3,3,275.55,68.8875,4,2024-12-11,2025-12-12,367,0.33
C02782,4,4,4,4,275.48,68.87,6,2025-07-08,2026-04-17,284,0.43
C04061,4,4,2,3,274.99,68.7475,6,2025-04-08,2026-01-29,297,0.41
C00790,4,4,3,3,274.69,68.6725,5,2025-07-30,2026-03-14,228,0.53
C03826,4,4,4,4,274.55,68.6375,5,2025-01-19,2025-12-19,335,0.36
C01102,4,4,2,3,268.24,67.06,5,2025-03-05,2025-06-10,98,1.24
C03895,4,4,4,4,268.24,67.06,7,2025-05-21,2025-12-03,197,0.62
C03421,4,4,4,4,267.43,66.8575,6,2025-06-25,2026-01-15,205,0.59
C00952,4,4,4,4,265.88,66.47,7,2025-01-28,2026-02-06,375,0.32
C01459,4,4,3,3,265.44,66.36,8,2025-05-06,2026-03-06,305,0.4
C00106,4,4,3,4,264.75,66.1875,7,2025-03-07,2026-04-01,391,0.31
C01576,4,4,3,4,264.01,66.0025,5,2024-12-26,2025-02-07,44,2.77
C01903,4,4,3,4,261.06,65.265,4,2025-03-18,2026-04-14,393,0.31
C00071,4,4,4,4,258.19,64.5475,7,2025-04-05,2025-08-27,145,0.84
C00190,4,4,4,4,258.03,64.5075,6,2024-12-21,2025-04-03,104,1.17
C04166,4,4,3,4,257.71999999999997,64.42999999999999,6,2025-01-28,2025-04-25,88,1.38
C01798,4,4,4,4,249.58999999999997,62.397499999999994,4,2024-12-25,2025-05-08,135,0.9
C02776,4,4,3,4,247.75,61.9375,8,2025-01-25,2025-09-18,237,0.51
C01197,4,4,3,4,246.64,61.66,5,2025-01-04,2025-08-16,225,0.54
C01611,4,4,2,3,246.54,61.635,8,2024-12-05,2025-11-10,341,0.36
C04160,4,4,3,4,244.26,61.065,6,2024-12-27,2025-09-20,268,0.45
C02804,4,4,2,4,243.25,60.8125,7,2024-12-06,2025-12-03,363,0.34
C01554,4,4,2,4,243.0,60.75,7,2025-02-06,2025-11-20,288,0.42
C00221,4,4,3,4,239.71,59.9275,7,2024-12-09,2025-03-31,113,1.08
C04147,4,4,3,3,238.01999999999998,59.504999999999995,5,2024-12-08,2026-05-28,537,0.23
C01774,4,4,3,3,235.39,58.8475,7,2025-03-03,2025-07-25,145,0.84
C03460,4,4,3,4,234.88,58.72,5,2025-06-30,2025-11-29,153,0.8
C04289,4,4,2,4,229.46,57.365,5,2025-01-14,2025-09-27,257,0.47
C02253,4,4,3,4,226.05,56.5125,4,2025-03-01,2025-04-10,41,2.97
C04964,4,4,4,4,222.56,55.64,5,2024-12-24,2025-04-07,105,1.16
C02628,4,4,2,4,221.18,55.295,5,2025-01-03,2025-08-02,212,0.57
C04622,4,4,2,3,219.89000000000001,54.972500000000004,5,2025-03-14,2025-11-04,236,0.52
C04852,4,4,4,4,219.22000000000003,54.80500000000001,4,2025-01-02,2025-11-20,323,0.38
C01316,4,4,2,3,219.14,54.785,5,2025-02-06,2025-11-05,273,0.45
C04558,4,4,4,4,218.61,54.6525,5,2025-10-01,2026-05-16,228,0.53
C02315,4,4,3,3,217.1,54.275,8,2024-12-26,2025-11-06,316,0.39
C04529,4,4,3,4,216.8,54.2,4,2025-01-03,2025-08-27,237,0.51
C00065,4,4,3,4,216.76,54.19,5,2025-02-05,2025-12-02,301,0.4
C03647,4,4,2,3,215.58,53.895,7,2024-12-20,2025-10-04,289,0.42
C00323,4,4,1,3,214.12,53.53,7,2025-01-07,2025-07-09,184,0.66
C02863,4,4,3,4,213.14000000000001,53.285000000000004,6,2025-02-05,2025-07-20,166,0.73
C02336,4,4,3,4,212.35999999999999,53.089999999999996,5,2025-01-24,2026-03-20,421,0.29
C02928,4,4,3,4,210.64,52.66,7,2025-01-22,2025-12-17,330,0.37
C01886,4,4,4,4,210.57999999999998,52.644999999999996,5,2025-08-20,2025-11-14,87,1.4
C04661,4,4,4,4,208.66,52.165,4,2025-02-14,2026-04-25,436,0.28
C02123,4,4,3,4,205.69,51.4225,4,2024-12-30,2025-05-11,133,0.92
C03866,4,4,3,4,199.24,49.81,5,2025-01-23,2025-03-04,41,2.97
C03061,4,4,3,4,196.94,49.235,6,2025-05-06,2026-05-06,366,0.33
C00349,4,4,3,4,196.12,49.03,4,2025-01-19,2026-03-22,428,0.28
C03226,4,4,2,3,192.62,48.155,6,2025-04-20,2026-04-14,360,0.34
C04974,4,4,3,4,189.69,47.4225,7,2025-04-23,2025-08-01,101,1.21
C04485,4,4,3,4,188.34,47.085,4,2025-02-12,2026-02-02,356,0.34
C01987,4,4,3,3,187.74,46.935,4,2025-01-07,2025-08-29,235,0.52
C03050,4,4,3,4,186.17000000000002,46.542500000000004,7,2025-03-10,2025-09-19,194,0.63
C04508,4,4,3,4,183.95,45.9875,4,2024-12-15,2025-10-04,294,0.41
C01337,4,4,4,4,183.57999999999998,45.894999999999996,4,2024-12-13,2026-01-06,390,0.31
C02290,4,4,3,4,181.65,45.4125,9,2025-02-07,2025-06-22,136,0.9
C01419,4,4,3,3,180.26,45.065,4,2024-12-22,2025-07-23,214,0.57
C00056,4,4,2,3,178.61,44.6525,6,2025-05-09,2026-05-12,369,0.33
C02294,4,4,3,4,176.34,44.085,6,2024-12-14,2025-06-07,176,0.69
C01868,4,4,4,4,173.85,43.4625,4,2024-12-29,2025-05-07,130,0.94
C00756,4,4,4,4,171.19,42.7975,5,2024-12-08,2025-02-07,62,1.96
C04225,4,4,2,3,168.9,42.225,5,2024-12-16,2025-04-21,127,0.96
C02982,4,4,3,4,165.15,41.2875,5,2025-02-18,2025-04-08,50,2.44
C01146,4,4,2,3,164.07,41.0175,5,2025-02-17,2025-07-11,145,0.84
C02289,4,4,4,4,162.56,40.64,9,2025-02-21,2025-08-25,186,0.65
C01861,4,4,4,4,161.57999999999998,40.394999999999996,7,2025-05-01,2025-09-04,127,0.96
C04712,4,4,4,4,161.41,40.3525,5,2025-03-29,2025-11-16,233,0.52
C00613,4,4,3,4,160.34,40.085,7,2025-05-27,2025-09-24,121,1.01
C02623,4,4,2,4,156.62,39.155,6,2024-12-26,2025-05-20,146,0.83
C00436,4,4,2,4,154.99,38.7475,6,2025-04-18,2025-11-07,204,0.6
C03685,4,4,3,4,153.94,38.485,5,2024-12-23,2025-08-01,222,0.55
C04210,4,4,3,4,152.3,38.075,6,2025-04-11,2025-08-12,124,0.98
C00078,4,4,2,3,151.82,37.955,4,2025-01-07,2026-01-22,381,0.32
C02241,4,4,4,4,151.42,37.855,4,2024-12-13,2025-04-08,117,1.04
C02473,4,4,3,3,149.13,37.2825,6,2025-08-12,2025-12-17,128,0.95
C03741,4,4,3,4,146.86,36.715,4,2025-02-19,2025-12-05,290,0.42
C02267,4,4,4,4,145.54,36.385,5,2024-12-29,2026-02-18,417,0.29
C03328,4,4,3,3,145.25,36.3125,4,2025-03-30,2026-03-31,367,0.33
C01173,4,4,3,4,144.82,36.205,4,2024-12-20,2025-04-22,124,0.98
C02137,4,4,4,4,142.53,35.6325,5,2024-12-17,2025-09-25,283,0.43
C00737,4,4,3,4,139.96,34.99,4,2025-03-04,2025-06-09,98,1.24
C02131,4,4,3,4,134.38,33.595,6,2024-12-05,2025-08-22,261,0.47
C04563,4,4,2,4,134.37,33.5925,4,2025-01-17,2025-08-03,199,0.61
C03576,4,4,2,4,125.32000000000001,31.330000000000002,5,2024-12-19,2025-09-03,259,0.47
C00488,4,4,3,4,119.50999999999999,29.877499999999998,4,2025-01-25,2025-11-14,294,0.41
C03227,4,4,3,4,118.67,29.6675,5,2025-03-08,2026-01-06,305,0.4
C03604,4,4,3,4,118.67,29.6675,6,2024-12-06,2025-04-02,118,1.03
C03921,4,4,1,3,115.72999999999999,28.932499999999997,6,2025-02-19,2025-06-09,111,1.1
C02772,4,4,3,4,114.37,28.5925,4,2025-04-04,2026-01-05,277,0.44
C04118,4,4,3,4,113.64,28.41,4,2025-05-15,2025-09-12,121,1.01
C02541,4,4,2,3,112.84,28.21,5,2025-06-20,2025-11-22,156,0.78
C01781,4,4,3,4,112.69,28.1725,4,2025-02-17,2025-11-21,278,0.44
C03984,4,4,1,4,107.55000000000001,26.887500000000003,4,2025-03-18,2025-08-10,146,0.83
C00629,4,4,2,3,106.85000000000001,26.712500000000002,4,2025-04-11,2025-10-06,179,0.68
C04868,4,4,2,3,90.53999999999999,22.634999999999998,5,2024-12-12,2025-05-30,170,0.72
C02348,4,4,3,3,87.78,21.945,4,2025-02-16,2026-03-11,389,0.31
C02106,4,4,2,3,85.3,21.325,4,2025-04-04,2026-05-01,393,0.31
C04000,4,4,3,4,84.22,21.055,5,2025-01-30,2025-10-07,251,0.49
C01270,3,3,3,3,4611.99,1537.33,6,2025-05-14,2026-03-12,303,0.3
C00035,3,3,1,3,4355.29,1451.7633333333333,7,2025-11-17,2026-02-28,104,0.88
C01289,3,3,3,3,3367.51,1122.5033333333333,6,2025-01-29,2026-03-18,414,0.22
C00604,3,3,1,3,2780.97,926.9899999999999,8,2025-03-08,2025-10-21,228,0.4
C02921,3,3,2,3,2414.81,804.9366666666666,7,2025-02-03,2026-03-27,418,0.22
C04883,3,3,2,3,1906.6799999999998,635.56,6,2025-03-23,2025-10-17,209,0.44
C02249,3,3,3,3,1862.52,620.84,7,2024-12-05,2025-05-04,151,0.6
C03610,3,3,2,3,1785.66,595.22,8,2025-02-10,2025-04-17,67,1.36
C01273,3,3,3,3,1616.21,538.7366666666667,5,2024-12-04,2025-07-22,231,0.4
C02164,3,3,3,3,1591.51,530.5033333333333,5,2025-06-28,2025-09-08,73,1.25
C02773,3,3,3,3,1561.05,520.35,6,2025-07-20,2025-11-01,105,0.87
C02126,3,3,3,3,1543.09,514.3633333333333,7,2025-01-22,2025-07-27,187,0.49
C04244,3,3,2,3,1532.6399999999999,510.87999999999994,5,2025-01-27,2025-05-03,97,0.94
C04217,3,3,2,2,1505.44,501.81333333333333,7,2025-05-28,2026-02-02,251,0.36
C01824,3,3,3,3,1398.72,466.24,6,2025-03-14,2026-04-07,390,0.23
C04857,3,3,3,3,1388.82,462.94,5,2025-02-12,2026-02-04,358,0.26
C00380,3,3,3,3,1341.27,447.09,4,2024-12-27,2026-01-03,373,0.24
C00565,3,3,3,3,1292.79,430.93,5,2025-01-03,2025-10-26,297,0.31
C00706,3,3,3,3,1291.02,430.34,7,2025-01-19,2025-06-29,162,0.56
C02531,3,3,3,3,1211.28,403.76,8,2025-08-17,2026-01-04,141,0.65
C03253,3,3,3,3,1200.94,400.31333333333333,6,2024-12-20,2025-04-02,104,0.88
C03244,3,3,2,3,1152.56,384.18666666666667,5,2024-12-18,2025-06-09,174,0.52
C04462,3,3,3,3,1122.48,374.16,4,2025-10-02,2026-03-29,179,0.51
C00534,3,3,3,3,1099.3500000000001,366.45000000000005,6,2025-04-04,2026-01-12,284,0.32
C02325,3,3,3,3,1075.93,358.6433333333334,4,2025-03-29,2025-04-15,18,5.07
C04149,3,3,3,3,1067.68,355.8933333333334,3,2025-08-13,2025-10-20,69,1.32
C01295,3,3,2,3,1048.87,349.6233333333333,8,2025-02-13,2025-05-15,92,0.99
C01429,3,3,3,3,1037.74,345.91333333333336,3,2025-07-08,2026-02-26,234,0.39
C02012,3,3,3,3,1033.77,344.59,6,2025-03-15,2025-06-26,104,0.88
C04543,3,3,3,3,994.99,331.66333333333336,5,2025-03-06,2026-02-12,344,0.27
C04095,3,3,3,3,993.32,331.1066666666667,5,2024-12-29,2025-09-07,253,0.36
C00360,3,3,3,3,958.88,319.62666666666667,6,2025-12-09,2026-03-11,93,0.98
C02993,3,3,3,3,938.41,312.80333333333334,5,2024-12-18,2025-02-27,72,1.27
C04742,3,3,3,3,916.26,305.42,4,2025-01-04,2025-03-15,71,1.29
C00063,3,3,3,3,900.4499999999999,300.15,7,2025-06-14,2026-02-03,235,0.39
C03925,3,3,2,2,899.9499999999999,299.9833333333333,6,2025-03-22,2025-11-28,252,0.36
C03220,3,3,3,3,896.91,298.96999999999997,4,2025-02-21,2025-06-08,108,0.85
C04603,3,3,3,3,896.67,298.89,4,2025-05-11,2025-07-29,80,1.14
C03417,3,3,3,3,890.9100000000001,296.97,4,2025-02-17,2025-11-05,262,0.35
C04680,3,3,2,3,888.72,296.24,7,2025-04-24,2025-07-16,84,1.09
C01324,3,3,2,3,874.25,291.4166666666667,4,2025-04-18,2025-11-21,218,0.42
C04316,3,3,3,3,868.79,289.59666666666664,4,2025-02-19,2025-08-28,191,0.48
C04554,3,3,2,3,855.8,285.26666666666665,3,2025-06-19,2025-10-10,114,0.8
C03202,3,3,3,3,853.69,284.56333333333333,5,2025-05-11,2026-05-19,374,0.24
C02866,3,3,2,3,842.49,280.83,3,2025-01-15,2025-11-19,309,0.3
C00520,3,3,3,3,826.81,275.6033333333333,8,2026-01-28,2026-03-15,47,1.94
C03512,3,3,2,3,797.5,265.8333333333333,6,2025-02-05,2026-01-17,347,0.26
C00440,3,3,3,3,781.71,260.57,4,2025-03-24,2025-11-22,244,0.37
C02243,3,3,3,3,777.0100000000001,259.0033333333334,6,2025-01-01,2025-06-29,180,0.51
C01633,3,3,2,3,766.1800000000001,255.39333333333335,4,2025-05-17,2026-03-21,309,0.3
C04186,3,3,2,3,762.75,254.25,4,2025-04-29,2025-08-03,97,0.94
C00326,3,3,3,3,754.29,251.42999999999998,3,2024-12-04,2025-05-04,152,0.6
C00996,3,3,2,2,754.0400000000001,251.3466666666667,3,2025-08-08,2025-12-17,132,0.69
C03478,3,3,3,3,744.76,248.25333333333333,5,2025-05-20,2025-09-15,119,0.77
C01981,3,3,2,3,736.77,245.59,3,2025-02-04,2025-07-08,155,0.59
C00257,3,3,3,3,730.09,243.36333333333334,3,2025-02-07,2026-03-18,405,0.23
C01520,3,3,2,2,725.98,241.99333333333334,5,2025-02-05,2025-06-12,128,0.71
C04561,3,3,3,3,718.36,239.45333333333335,6,2025-08-08,2025-10-09,63,1.45
C00114,3,3,3,3,715.1800000000001,238.39333333333335,5,2025-04-02,2026-02-04,309,0.3
C01078,3,3,2,2,702.6899999999999,234.23,3,2025-05-06,2026-04-20,350,0.26
C01167,3,3,3,3,702.55,234.1833333333333,4,2025-02-20,2026-03-26,400,0.23
C00371,3,3,2,3,699.3,233.1,4,2025-01-10,2026-01-19,375,0.24
C03335,3,3,3,3,696.16,232.0533333333333,5,2024-12-21,2025-06-22,184,0.5
C01187,3,3,2,3,689.53,229.84333333333333,3,2025-07-16,2025-09-22,69,1.32
C04800,3,3,3,3,678.16,226.0533333333333,4,2025-04-23,2025-11-06,198,0.46
C03746,3,3,3,3,677.37,225.79,7,2025-09-05,2025-12-23,110,0.83
C02382,3,3,3,3,676.45,225.48333333333335,5,2025-05-12,2025-09-05,117,0.78
C02048,3,3,2,3,669.1500000000001,223.05000000000004,7,2025-01-28,2025-08-18,203,0.45
C04564,3,3,3,3,661.55,220.51666666666665,6,2025-05-21,2026-03-29,313,0.29
C04402,3,3,2,3,659.55,219.85,3,2025-02-02,2026-05-08,461,0.2
C04606,3,3,3,3,649.21,216.40333333333334,4,2025-03-06,2025-09-12,191,0.48
C04101,3,3,3,3,647.6899999999999,215.89666666666665,6,2025-04-09,2025-09-01,146,0.63
C01814,3,3,3,3,642.1299999999999,214.0433333333333,5,2025-03-28,2025-04-14,18,5.07
C02040,3,3,3,3,635.22,211.74,3,2025-04-24,2025-11-25,216,0.42
C01909,3,3,3,3,633.65,211.21666666666667,6,2025-06-16,2026-02-21,251,0.36
C02820,3,3,3,3,630.93,210.30999999999997,6,2025-05-12,2026-01-25,259,0.35
C00478,3,3,2,3,619.3399999999999,206.44666666666663,3,2025-03-14,2025-10-18,219,0.42
C01697,3,3,3,3,597.05,199.01666666666665,5,2025-01-01,2025-03-16,75,1.22
C00003,3,3,2,2,596.56,198.85333333333332,5,2025-05-22,2025-07-20,60,1.52
C00444,3,3,3,3,590.15,196.71666666666667,5,2024-12-28,2025-03-01,64,1.43
C01784,3,3,3,3,587.55,195.85,4,2025-01-18,2026-02-07,386,0.24
C02864,3,3,3,3,584.6700000000001,194.89000000000001,5,2025-04-18,2025-12-12,239,0.38
C04555,3,3,2,3,583.6,194.53333333333333,6,2025-02-20,2025-05-30,100,0.91
C03057,3,3,3,3,581.78,193.92666666666665,4,2025-06-22,2025-12-09,171,0.53
C02183,3,3,3,3,560.68,186.89333333333332,6,2025-01-15,2025-07-05,172,0.53
C00625,3,3,3,3,550.23,183.41,4,2025-01-23,2026-03-10,412,0.22
C02087,3,3,2,3,549.15,183.04999999999998,5,2025-02-06,2025-04-13,67,1.36
C04345,3,3,3,3,548.99,182.99666666666667,5,2024-12-23,2025-11-10,323,0.28
C00046,3,3,3,3,547.93,182.64333333333332,6,2025-03-23,2026-02-10,325,0.28
C03952,3,3,2,2,546.01,182.00333333333333,5,2025-04-19,2025-12-20,246,0.37
C02975,3,3,3,3,543.4,181.13333333333333,4,2025-02-27,2026-04-21,419,0.22
C04570,3,3,3,3,538.79,179.59666666666666,3,2025-05-21,2026-04-17,332,0.28
C02213,3,3,2,3,535.3199999999999,178.43999999999997,6,2025-01-11,2025-11-02,296,0.31
C01679,3,3,2,3,535.28,178.42666666666665,6,2025-05-18,2025-08-25,100,0.91
C02278,3,3,3,3,535.04,178.34666666666666,4,2024-12-22,2025-10-06,289,0.32
C01922,3,3,3,3,534.69,178.23000000000002,7,2024-12-26,2025-04-01,97,0.94
C03756,3,3,2,3,524.37,174.79,4,2025-01-11,2025-05-30,140,0.65
C04590,3,3,2,3,524.04,174.67999999999998,4,2025-12-05,2026-03-22,108,0.85
C02133,3,3,2,3,521.75,173.91666666666666,3,2025-06-10,2025-12-30,204,0.45
C04237,3,3,3,3,517.5999999999999,172.5333333333333,4,2025-01-29,2025-08-15,199,0.46
C00796,3,3,3,3,515.18,171.72666666666666,5,2025-01-12,2025-04-05,84,1.09
C02442,3,3,2,3,514.46,171.48666666666668,6,2025-01-31,2025-10-29,272,0.34
C00578,3,3,3,3,508.18,169.39333333333335,4,2025-05-05,2025-06-22,49,1.86
C03219,3,3,2,3,505.95000000000005,168.65,3,2025-01-22,2025-07-25,185,0.49
C01793,3,3,2,2,505.74,168.58,3,2025-02-07,2025-05-28,111,0.82
C02161,3,3,3,3,502.88,167.62666666666667,3,2025-03-03,2025-09-23,205,0.45
C04129,3,3,3,3,502.11,167.37,6,2025-03-17,2025-06-04,80,1.14
C02768,3,3,3,3,501.90999999999997,167.3033333333333,7,2025-08-29,2025-12-30,124,0.74
C04238,3,3,3,3,500.62,166.87333333333333,6,2025-06-22,2026-04-16,299,0.31
C04383,3,3,3,3,498.38,166.12666666666667,3,2025-04-22,2025-05-28,37,2.47
C01302,3,3,3,3,496.42,165.47333333333333,8,2024-12-21,2026-05-11,507,0.18
C04649,3,3,3,3,490.65999999999997,163.5533333333333,6,2025-04-15,2025-07-08,85,1.07
C03632,3,3,2,3,486.57,162.19,3,2025-07-18,2026-01-26,193,0.47
C01653,3,3,3,3,482.33,160.77666666666667,5,2025-02-28,2025-07-27,150,0.61
C00994,3,3,3,3,481.42,160.47333333333333,5,2025-03-10,2025-11-05,241,0.38
C04655,3,3,3,3,473.39,157.79666666666665,3,2025-03-22,2025-10-18,211,0.43
C03954,3,3,2,3,465.37,155.12333333333333,5,2025-03-05,2026-03-11,372,0.25
C03178,3,3,2,3,456.08000000000004,152.02666666666667,4,2025-01-21,2025-04-11,81,1.13
C01260,3,3,3,3,445.79,148.59666666666666,4,2025-04-20,2025-10-30,194,0.47
C03464,3,3,3,3,445.13,148.37666666666667,7,2024-12-18,2025-05-29,163,0.56
C03076,3,3,3,3,442.3,147.43333333333334,5,2025-04-12,2026-05-06,390,0.23
C01898,3,3,3,3,442.29,147.43,5,2024-12-24,2025-01-25,33,2.77
C03999,3,3,3,3,441.31000000000006,147.10333333333335,8,2025-01-29,2025-07-06,159,0.57
C03704,3,3,3,3,440.44000000000005,146.81333333333336,3,2025-02-18,2026-02-13,361,0.25
C03608,3,3,3,3,439.14,146.38,4,2024-12-23,2025-04-30,129,0.71
C03203,3,3,3,3,435.38000000000005,145.1266666666667,3,2025-09-08,2026-05-10,245,0.37
C02459,3,3,2,3,435.15,145.04999999999998,5,2025-06-02,2025-08-03,63,1.45
C02826,3,3,3,3,432.09000000000003,144.03,5,2025-01-24,2026-02-12,385,0.24
C00853,3,3,3,3,431.62,143.87333333333333,4,2025-04-11,2025-11-07,211,0.43
C04876,3,3,3,3,430.95,143.65,3,2025-10-31,2025-12-03,34,2.69
C03077,3,3,3,3,429.13,143.04333333333332,3,2025-03-02,2025-08-12,164,0.56
C02516,3,3,3,3,424.63,141.54333333333332,4,2025-02-14,2025-11-17,277,0.33
C03363,3,3,3,3,420.08000000000004,140.02666666666667,4,2025-11-03,2026-04-13,162,0.56
C04832,3,3,3,3,419.68999999999994,139.89666666666665,7,2024-12-30,2025-11-29,335,0.27
C02777,3,3,3,3,419.39,139.79666666666665,6,2025-02-19,2026-01-08,324,0.28
C02055,3,3,2,3,417.43,139.14333333333335,3,2025-01-16,2025-11-15,304,0.3
C04264,3,3,3,3,414.6,138.20000000000002,6,2025-02-21,2025-08-03,164,0.56
C03141,3,3,3,3,411.4,137.13333333333333,3,2025-05-22,2025-09-05,107,0.85
C02824,3,3,3,3,408.05,136.01666666666668,4,2025-05-30,2025-11-30,185,0.49
C02610,3,3,2,2,405.12,135.04,6,2025-01-16,2025-05-01,106,0.86
C03247,3,3,3,3,403.23,134.41,4,2025-02-03,2025-09-06,216,0.42
C02680,3,3,2,3,402.97999999999996,134.32666666666665,4,2025-01-28,2025-02-19,23,3.97
C01799,3,3,3,3,402.69,134.23,9,2025-09-01,2026-04-15,227,0.4
C02687,3,3,3,3,402.24,134.08,3,2025-09-13,2026-01-01,111,0.82
C03465,3,3,3,3,397.77,132.59,5,2025-02-11,2025-10-27,259,0.35
C04901,3,3,2,3,392.53999999999996,130.84666666666666,4,2025-05-02,2025-10-30,182,0.5
C02970,3,3,3,3,391.9,130.63333333333333,5,2024-12-13,2025-04-15,124,0.74
C00001,3,3,3,3,389.85,129.95000000000002,3,2025-09-04,2025-12-27,115,0.79
C02333,3,3,3,3,386.61,128.87,7,2025-05-29,2026-04-17,324,0.28
C03217,3,3,3,3,383.89,127.96333333333332,4,2024-12-08,2025-10-06,303,0.3
C01409,3,3,3,3,381.44,127.14666666666666,5,2025-09-04,2025-11-19,77,1.19
C03749,3,3,3,3,373.74,124.58,3,2025-01-12,2025-05-01,110,0.83
C02254,3,3,2,2,372.01,124.00333333333333,3,2025-08-20,2026-03-19,212,0.43
C01284,3,3,3,3,369.89,123.29666666666667,3,2025-07-26,2026-04-23,272,0.34
C02595,3,3,3,3,368.68,122.89333333333333,4,2025-03-03,2026-02-03,338,0.27
C01421,3,3,3,3,364.28999999999996,121.42999999999999,7,2025-04-28,2026-02-12,291,0.31
C00584,3,3,3,3,363.12,121.04,6,2025-03-11,2025-10-19,223,0.41
C04313,3,3,3,3,363.0,121.0,4,2024-12-27,2025-03-01,65,1.4
C02877,3,3,3,3,356.78,118.92666666666666,4,2025-01-04,2025-10-02,272,0.34
C01884,3,3,3,3,351.73,117.24333333333334,5,2025-03-21,2026-03-14,359,0.25
C04024,3,3,3,3,348.14,116.04666666666667,4,2025-02-28,2026-02-08,346,0.26
C00955,3,3,3,3,344.36,114.78666666666668,3,2025-03-06,2026-02-13,345,0.26
C01773,3,3,3,3,343.69000000000005,114.56333333333335,3,2025-09-03,2026-01-16,136,0.67
C00327,3,3,3,3,343.39,114.46333333333332,4,2025-04-30,2025-11-29,214,0.43
C01791,3,3,3,3,338.76,112.92,3,2025-06-24,2026-04-20,301,0.3
C00593,3,3,3,3,331.45000000000005,110.48333333333335,7,2024-12-13,2025-12-17,370,0.25
C03083,3,3,3,3,331.19,110.39666666666666,5,2024-12-29,2026-03-29,456,0.2
C01741,3,3,3,3,327.97,109.32333333333334,4,2024-12-06,2025-06-13,190,0.48
C04941,3,3,3,3,325.64,108.54666666666667,5,2024-12-05,2026-04-06,488,0.19
C04085,3,3,3,3,320.53,106.84333333333332,4,2025-05-02,2025-07-30,90,1.01
C00700,3,3,3,3,318.26,106.08666666666666,4,2025-01-13,2025-03-24,71,1.29
C03900,3,3,2,3,311.2,103.73333333333333,3,2025-02-21,2025-06-13,113,0.81
C00586,3,3,2,3,310.84,103.61333333333333,3,2025-01-21,2026-03-15,419,0.22
C02044,3,3,2,3,309.78,103.25999999999999,4,2025-08-03,2025-11-07,97,0.94
C03045,3,3,3,3,309.52,103.17333333333333,3,2024-12-16,2025-07-14,211,0.43
C00418,3,3,3,3,308.05,102.68333333333334,3,2025-08-15,2025-12-19,127,0.72
C00357,3,3,3,3,307.56,102.52,4,2025-04-21,2025-09-16,149,0.61
C01065,3,3,3,3,296.97,98.99000000000001,4,2024-12-25,2025-11-07,318,0.29
C00727,3,3,3,3,294.8,98.26666666666667,6,2025-02-03,2025-05-12,99,0.92
C04940,3,3,1,3,294.75,98.25,3,2025-03-04,2025-04-11,39,2.34
C02248,3,3,3,3,292.84000000000003,97.61333333333334,3,2024-12-20,2026-02-20,428,0.21
C03960,3,3,3,3,291.75,97.25,3,2024-12-30,2025-05-19,141,0.65
C02429,3,3,3,3,291.07,97.02333333333333,3,2025-03-23,2026-02-21,336,0.27
C02723,3,3,3,3,290.01,96.67,4,2025-02-11,2025-05-08,87,1.05
C00343,3,3,3,3,289.83,96.61,5,2025-02-21,2026-05-01,435,0.21
C00660,3,3,3,3,289.56,96.52,5,2025-01-27,2025-03-24,57,1.6
C02737,3,3,3,3,288.48,96.16000000000001,3,2024-12-14,2025-04-22,130,0.7
C01775,3,3,2,3,287.22,95.74000000000001,3,2025-04-18,2025-11-02,199,0.46
C00331,3,3,3,3,286.3,95.43333333333334,4,2025-09-30,2026-04-23,206,0.44
C04670,3,3,3,3,285.67,95.22333333333334,4,2024-12-27,2025-03-13,77,1.19
C01201,3,3,2,2,280.37,93.45666666666666,4,2025-01-22,2026-02-18,393,0.23
C04894,3,3,3,3,277.98999999999995,92.66333333333331,6,2024-12-18,2025-04-10,114,0.8
C03872,3,3,2,2,275.78000000000003,91.92666666666668,3,2025-01-26,2025-11-20,299,0.31
C02094,3,3,2,3,272.94,90.98,3,2025-01-10,2025-05-01,112,0.82
C01948,3,3,3,3,272.01,90.67,3,2025-04-07,2025-11-25,233,0.39
C03029,3,3,2,3,271.88,90.62666666666667,3,2025-02-06,2025-10-14,251,0.36
C03385,3,3,2,2,269.94,89.98,3,2025-02-02,2025-07-01,150,0.61
C04889,3,3,3,3,268.48,89.49333333333334,4,2024-12-07,2025-04-25,140,0.65
C01449,3,3,3,3,267.72,89.24000000000001,4,2025-03-19,2026-04-07,385,0.24
C01417,3,3,3,3,266.64,88.88,4,2025-06-10,2026-04-02,297,0.31
C02036,3,3,3,3,264.72,88.24000000000001,3,2024-12-09,2026-01-16,404,0.23
C00504,3,3,2,3,262.67,87.55666666666667,3,2025-02-08,2025-12-24,320,0.29
C00951,3,3,3,3,258.81,86.27,4,2025-12-23,2026-03-23,91,1.0
C03779,3,3,2,3,257.9,85.96666666666665,6,2025-06-10,2026-04-24,319,0.29
C03415,3,3,3,3,257.32,85.77333333333333,5,2024-12-08,2025-06-11,186,0.49
C01094,3,3,3,3,257.26,85.75333333333333,5,2024-12-26,2025-04-01,97,0.94
C01939,3,3,3,3,256.17,85.39,5,2025-01-12,2025-04-14,93,0.98
C02397,3,3,2,3,253.26999999999998,84.42333333333333,3,2025-03-02,2025-04-15,45,2.03
C03711,3,3,3,3,247.31,82.43666666666667,3,2025-04-26,2026-01-03,253,0.36
C01463,3,3,2,3,246.85999999999999,82.28666666666666,5,2024-12-15,2025-02-05,53,1.72
C02712,3,3,3,3,245.81,81.93666666666667,3,2024-12-28,2025-05-02,126,0.72
C04196,3,3,3,3,244.65,81.55,5,2025-05-21,2025-07-22,63,1.45
C00848,3,3,3,3,244.43,81.47666666666667,8,2025-01-04,2025-09-28,268,0.34
C00013,3,3,3,3,243.23000000000002,81.07666666666667,5,2025-03-01,2026-01-28,334,0.27
C00957,3,3,2,3,243.2,81.06666666666666,3,2025-04-04,2026-05-19,411,0.22
C04004,3,3,3,3,242.26,80.75333333333333,3,2025-01-19,2025-05-20,122,0.75
C00868,3,3,3,3,241.8,80.60000000000001,4,2025-05-03,2026-03-18,320,0.29
C02918,3,3,3,3,238.49,79.49666666666667,3,2025-08-12,2026-04-12,244,0.37
C02528,3,3,2,3,235.52999999999997,78.50999999999999,5,2025-01-28,2025-10-31,277,0.33
C01005,3,3,3,3,232.78000000000003,77.59333333333335,3,2025-09-12,2026-04-07,208,0.44
C04130,3,3,2,3,232.62,77.54,3,2025-05-26,2025-06-19,25,3.65
C00169,3,3,2,2,232.21,77.40333333333334,4,2024-12-21,2025-07-13,205,0.45
C02547,3,3,3,3,230.42000000000002,76.80666666666667,6,2025-05-29,2026-02-25,273,0.33
C02536,3,3,3,3,229.95,76.64999999999999,8,2025-07-07,2026-04-22,290,0.31
C02050,3,3,2,3,229.23,76.41,4,2024-12-13,2025-07-31,231,0.4
C02845,3,3,3,3,226.57999999999998,75.52666666666666,4,2025-01-03,2025-04-12,100,0.91
C01754,3,3,2,3,224.93,74.97666666666667,4,2025-06-07,2025-12-09,186,0.49
C03405,3,3,2,3,223.72,74.57333333333334,3,2025-08-21,2025-10-12,53,1.72
C04731,3,3,3,3,222.85,74.28333333333333,4,2025-01-03,2025-04-22,110,0.83
C04011,3,3,2,3,221.16000000000003,73.72000000000001,3,2024-12-13,2025-05-15,154,0.59
C00184,3,3,3,3,219.98000000000002,73.32666666666667,3,2025-03-04,2025-07-11,130,0.7
C02120,3,3,3,3,218.93,72.97666666666667,5,2025-02-10,2025-04-15,65,1.4
C01982,3,3,2,2,218.36,72.78666666666668,7,2024-12-25,2025-04-05,102,0.9
C00680,3,3,2,3,218.13,72.71,5,2025-03-28,2025-07-06,101,0.9
C00876,3,3,1,3,216.62,72.20666666666666,4,2025-02-11,2025-12-12,305,0.3
C03297,3,3,3,3,216.48,72.16,6,2025-02-14,2025-07-04,141,0.65
C00522,3,3,2,3,213.44,71.14666666666666,6,2025-02-18,2025-05-05,77,1.19
C03356,3,3,2,3,207.65,69.21666666666667,4,2024-12-15,2025-02-26,74,1.23
C03573,3,3,3,3,206.8,68.93333333333334,5,2025-01-11,2025-05-16,126,0.72
C03931,3,3,3,3,205.58,68.52666666666667,3,2025-01-11,2025-12-18,342,0.27
C01950,3,3,2,3,203.22000000000003,67.74000000000001,3,2025-02-01,2026-04-29,453,0.2
C04062,3,3,3,3,201.24,67.08,4,2025-01-24,2026-05-13,475,0.19
C02627,3,3,2,3,201.16,67.05333333333333,5,2025-02-20,2025-12-20,304,0.3
C04378,3,3,3,3,200.32,66.77333333333333,4,2025-01-03,2025-05-30,148,0.62
C03822,3,3,3,3,199.34,66.44666666666667,4,2025-05-24,2025-12-23,214,0.43
C04550,3,3,3,3,198.81,66.27,5,2025-01-02,2025-09-08,250,0.37
C03597,3,3,3,3,195.57999999999998,65.19333333333333,5,2025-01-22,2026-04-03,437,0.21
C02633,3,3,3,3,195.23000000000002,65.07666666666667,6,2025-01-27,2025-10-22,269,0.34
C02654,3,3,3,3,194.98000000000002,64.99333333333334,5,2025-07-25,2025-11-24,123,0.74
C00528,3,3,3,3,194.45999999999998,64.82,4,2025-05-06,2025-12-11,220,0.42
C00689,3,3,2,3,194.44,64.81333333333333,4,2026-01-17,2026-04-22,96,0.95
C01710,3,3,2,3,193.45,64.48333333333333,8,2025-01-05,2025-06-14,161,0.57
C00644,3,3,3,3,192.63,64.21,3,2025-02-24,2025-07-26,153,0.6
C01411,3,3,2,3,189.70999999999998,63.23666666666666,3,2025-05-02,2026-03-06,309,0.3
C04948,3,3,3,3,189.66,63.22,5,2025-10-03,2026-04-30,210,0.43
C03821,3,3,3,3,189.26,63.086666666666666,4,2025-05-29,2026-04-24,331,0.28
C02806,3,3,3,3,186.95,62.31666666666666,4,2025-03-26,2025-07-03,100,0.91
C00621,3,3,3,3,186.53,62.17666666666667,3,2025-02-05,2026-05-20,470,0.19
C03468,3,3,3,3,182.21,60.73666666666667,3,2024-12-14,2025-08-31,261,0.35
C02851,3,3,3,3,180.87,60.29,9,2025-01-30,2025-02-13,15,6.09
C04784,3,3,2,3,178.53,59.51,3,2025-05-16,2026-01-18,248,0.37
C04212,3,3,3,3,178.45999999999998,59.48666666666666,4,2024-12-10,2025-03-24,105,0.87
C01029,3,3,3,3,178.1,59.36666666666667,4,2025-03-23,2026-01-12,296,0.31
C01658,3,3,2,3,178.01999999999998,59.339999999999996,7,2025-05-21,2025-08-31,103,0.89
C03502,3,3,3,3,177.95000000000002,59.31666666666667,3,2025-08-19,2026-01-01,136,0.67
C01534,3,3,2,2,177.81,59.27,4,2025-01-24,2026-02-06,379,0.24
C02479,3,3,2,3,176.56,58.85333333333333,3,2025-01-25,2025-07-07,164,0.56
C01874,3,3,3,3,176.52,58.84,3,2024-12-21,2025-10-09,293,0.31
C00693,3,3,3,3,175.0,58.333333333333336,5,2024-12-17,2025-04-11,116,0.79
C00295,3,3,2,3,174.66,58.22,4,2025-03-05,2026-03-18,379,0.24
C01424,3,3,3,3,172.81,57.60333333333333,5,2025-02-19,2025-06-16,118,0.77
C03466,3,3,3,3,172.76999999999998,57.589999999999996,3,2025-02-25,2026-03-06,375,0.24
C01628,3,3,2,3,171.89000000000001,57.296666666666674,3,2025-03-26,2025-06-19,86,1.06
C02140,3,3,2,3,171.43,57.14333333333334,3,2025-02-02,2026-04-07,430,0.21
C02006,3,3,3,3,170.33,56.77666666666667,3,2025-06-05,2026-03-26,295,0.31
C02189,3,3,3,3,169.96,56.653333333333336,5,2025-04-25,2025-11-05,195,0.47
C04253,3,3,3,3,169.54,56.51333333333333,4,2025-01-08,2025-06-01,145,0.63
C04241,3,3,3,3,169.48,56.49333333333333,3,2025-02-13,2025-12-19,310,0.29
C00738,3,3,3,3,169.3,56.43333333333334,3,2025-01-04,2025-08-04,213,0.43
C00771,3,3,2,2,168.07,56.02333333333333,7,2024-12-27,2025-08-03,220,0.42
C02226,3,3,3,3,165.57,55.19,3,2024-12-24,2025-04-22,120,0.76
C00147,3,3,2,3,165.22,55.07333333333333,3,2025-04-27,2025-09-30,157,0.58
C04686,3,3,2,3,164.88,54.96,4,2024-12-14,2025-11-08,330,0.28
C04932,3,3,3,3,163.18,54.39333333333334,3,2025-08-03,2025-12-24,144,0.63
C00160,3,3,3,3,163.07,54.35666666666666,4,2025-07-15,2025-09-08,56,1.63
C00928,3,3,2,2,162.31,54.10333333333333,4,2025-06-24,2025-12-22,182,0.5
C00514,3,3,2,3,162.04000000000002,54.01333333333334,5,2025-06-30,2025-08-09,41,2.23
C02062,3,3,3,3,161.76,53.919999999999995,3,2025-01-10,2025-05-14,125,0.73
C04943,3,3,3,3,159.71,53.23666666666667,3,2025-05-05,2026-01-08,249,0.37
C04978,3,3,2,3,158.57999999999998,52.85999999999999,4,2025-01-10,2025-02-14,36,2.54
C00702,3,3,2,2,158.37,52.79,4,2024-12-07,2025-03-17,101,0.9
C02354,3,3,2,3,157.94,52.64666666666667,6,2025-04-05,2025-09-11,160,0.57
C04431,3,3,2,3,157.46,52.48666666666667,4,2025-02-09,2025-03-15,35,2.61
C02313,3,3,3,3,155.82,51.94,4,2025-01-10,2025-05-17,128,0.71
C02808,3,3,3,3,155.16,51.72,3,2025-11-05,2026-02-14,102,0.9
C02338,3,3,2,3,152.79000000000002,50.93000000000001,3,2025-02-12,2025-05-08,86,1.06
C02854,3,3,3,3,145.84,48.61333333333334,5,2025-04-06,2025-06-11,67,1.36
C00923,3,3,3,3,145.04,48.346666666666664,3,2025-08-02,2026-02-03,186,0.49
C03545,3,3,3,3,143.25,47.75,4,2024-12-25,2025-05-10,137,0.67
C02530,3,3,3,3,140.43,46.81,3,2025-05-12,2025-06-20,40,2.28
C00243,3,3,2,3,139.39,46.46333333333333,3,2025-02-03,2025-04-01,58,1.57
C02287,3,3,3,3,139.29,46.43,3,2025-06-24,2025-10-09,108,0.85
C02934,3,3,3,3,137.45000000000002,45.81666666666667,3,2025-01-16,2026-01-24,374,0.24
C03068,3,3,2,3,136.42,45.47333333333333,3,2024-12-07,2025-07-09,215,0.42
C00852,3,3,2,3,136.32,45.44,4,2024-12-25,2025-12-02,343,0.27
C04545,3,3,2,3,134.93,44.97666666666667,3,2025-01-19,2025-08-17,211,0.43
C01672,3,3,2,3,131.21,43.73666666666667,3,2025-03-21,2025-11-19,244,0.37
C02884,3,3,2,2,130.96,43.653333333333336,4,2025-10-21,2025-11-29,40,2.28
C00061,3,3,2,3,128.5,42.833333333333336,3,2025-06-13,2025-12-14,185,0.49
C03808,3,3,1,2,126.21,42.07,5,2025-09-01,2026-04-22,234,0.39
C01549,3,3,3,3,119.41999999999999,39.806666666666665,3,2025-03-27,2025-05-17,52,1.76
C04548,3,3,3,3,116.89999999999999,38.96666666666666,4,2024-12-06,2025-07-23,230,0.4
C01927,3,3,2,3,113.03,37.67666666666667,3,2024-12-07,2025-03-18,102,0.9
C01632,3,3,2,3,112.3,37.43333333333333,6,2025-03-22,2026-03-07,351,0.26
C03146,3,3,3,3,108.6,36.199999999999996,5,2025-01-30,2025-06-25,147,0.62
C03865,3,3,3,3,105.47,35.156666666666666,6,2025-03-12,2025-04-05,25,3.65
C03239,3,3,3,3,104.86,34.95333333333333,4,2025-02-03,2025-04-09,66,1.38
C04748,3,3,2,3,104.38,34.79333333333333,4,2025-02-04,2025-12-16,316,0.29
C03267,3,3,2,3,104.11999999999999,34.70666666666666,4,2024-12-19,2025-05-25,158,0.58
C02406,3,3,3,3,103.87,34.623333333333335,3,2025-02-03,2025-08-02,181,0.5
C02549,3,3,3,3,103.0,34.333333333333336,3,2025-03-27,2025-06-27,93,0.98
C01860,3,3,3,3,102.3,34.1,3,2025-02-03,2025-11-18,289,0.32
C01959,3,3,1,2,98.81,32.93666666666667,3,2025-03-07,2025-10-04,212,0.43
C03638,3,3,3,3,93.53999999999999,31.179999999999996,3,2024-12-13,2025-08-08,239,0.38
C02146,3,3,2,2,91.24000000000001,30.413333333333338,3,2025-03-16,2025-12-05,265,0.34
C04793,3,3,2,3,91.1,30.366666666666664,3,2024-12-25,2025-06-28,186,0.49
C00705,3,3,2,2,89.59,29.863333333333333,4,2025-01-02,2025-05-30,149,0.61
C01851,3,3,3,3,89.05,29.683333333333334,4,2025-03-02,2025-06-13,104,0.88
C01136,3,3,2,3,86.23,28.743333333333336,4,2025-02-16,2025-05-18,92,0.99
C04288,3,3,2,3,85.78999999999999,28.596666666666664,4,2024-12-21,2025-04-26,127,0.72
C04021,3,3,2,3,85.19,28.396666666666665,4,2025-02-18,2026-01-19,336,0.27
C04846,3,3,2,3,78.72,26.24,3,2025-02-01,2025-03-03,31,2.95
C01700,3,3,3,3,78.2,26.066666666666666,4,2025-09-04,2025-11-30,88,1.04
C03366,3,3,1,2,68.95,22.983333333333334,3,2025-01-06,2025-07-03,179,0.51
C02316,3,3,2,3,59.05,19.683333333333334,3,2024-12-27,2026-02-15,416,0.22
C01878,3,3,2,3,42.58,14.193333333333333,3,2024-12-20,2025-04-04,106,0.86
C01046,2,2,2,2,3738.99,1869.495,5,2025-03-11,2025-05-23,74,0.82
C03303,2,2,2,2,2995.66,1497.83,5,2024-12-28,2025-01-16,20,3.04
C02572,2,2,2,2,2572.78,1286.39,4,2025-06-29,2025-10-12,106,0.57
C04053,2,2,2,2,2332.64,1166.32,5,2025-05-03,2025-05-19,17,3.58
C00754,2,2,2,2,1710.71,855.355,4,2026-01-13,2026-02-18,37,1.65
C02705,2,2,2,2,1570.21,785.105,6,2025-01-09,2025-05-01,113,0.54
C00785,2,2,2,2,1112.02,556.01,6,2025-01-16,2025-07-05,171,0.36
C01112,2,2,2,2,1103.14,551.57,3,2025-08-01,2025-10-10,71,0.86
C04689,2,2,2,2,1080.62,540.31,4,2026-02-02,2026-03-15,42,1.45
C02510,2,2,1,2,983.32,491.66,6,2025-02-03,2025-08-09,188,0.32
C02207,2,2,2,2,929.0799999999999,464.53999999999996,3,2025-11-06,2026-04-16,162,0.38
C01536,2,2,1,2,888.3599999999999,444.17999999999995,5,2025-06-13,2025-09-05,85,0.72
C00675,2,2,2,2,871.74,435.87,2,2025-08-09,2025-09-02,25,2.44
C03994,2,2,2,2,833.84,416.92,2,2025-02-24,2025-06-20,117,0.52
C02295,2,2,2,2,811.4200000000001,405.71000000000004,6,2024-12-28,2025-02-13,48,1.27
C04243,2,2,2,2,797.5899999999999,398.79499999999996,5,2025-05-25,2026-03-31,311,0.2
C00151,2,2,2,2,796.07,398.035,2,2025-03-06,2026-02-08,340,0.18
C00543,2,2,2,2,790.87,395.435,3,2025-11-20,2026-04-07,139,0.44
C00870,2,2,2,2,775.37,387.685,7,2025-04-15,2025-06-26,73,0.83
C01425,2,2,2,2,765.32,382.66,3,2025-04-15,2025-08-20,128,0.48
C01680,2,2,2,2,752.1500000000001,376.07500000000005,2,2025-07-11,2025-07-20,10,6.09
C01659,2,2,2,2,717.46,358.73,3,2024-12-11,2025-02-06,58,1.05
C01235,2,2,2,2,697.3399999999999,348.66999999999996,2,2024-12-24,2025-01-08,16,3.8
C01128,2,2,2,2,677.05,338.525,2,2025-02-24,2025-04-22,58,1.05
C04528,2,2,2,2,646.1400000000001,323.07000000000005,2,2025-04-11,2025-08-05,117,0.52
C04426,2,2,2,2,627.65,313.825,6,2025-03-14,2025-04-05,23,2.65
C00034,2,2,2,2,626.22,313.11,4,2025-02-14,2025-04-06,52,1.17
C02480,2,2,2,2,618.64,309.32,4,2024-12-04,2025-10-25,326,0.19
C00770,2,2,2,2,614.81,307.405,3,2026-01-20,2026-02-07,19,3.2
C04033,2,2,1,2,614.42,307.21,5,2025-03-19,2025-06-17,91,0.67
C01696,2,2,2,2,604.22,302.11,3,2025-07-20,2025-10-06,79,0.77
C04077,2,2,2,2,579.89,289.945,3,2025-10-24,2026-03-24,152,0.4
C04900,2,2,2,2,579.14,289.57,3,2025-06-04,2026-03-29,299,0.2
C03165,2,2,2,2,575.9399999999999,287.96999999999997,3,2025-02-04,2025-12-04,304,0.2
C03950,2,2,2,2,571.71,285.855,3,2024-12-14,2025-04-26,134,0.45
C01335,2,2,2,2,569.96,284.98,3,2025-05-09,2025-07-24,77,0.79
C04951,2,2,2,2,569.9200000000001,284.96000000000004,6,2025-01-26,2025-06-09,135,0.45
C02063,2,2,2,2,569.67,284.835,2,2025-10-13,2025-11-30,49,1.24
C03932,2,2,2,2,548.42,274.21,3,2025-06-08,2025-07-21,44,1.38
C04770,2,2,2,2,535.96,267.98,2,2025-06-22,2025-09-18,89,0.68
C02785,2,2,2,2,523.99,261.995,7,2025-01-13,2025-11-03,295,0.21
C02403,2,2,2,2,523.03,261.515,3,2025-05-05,2025-09-02,121,0.5
C04317,2,2,2,2,502.83,251.415,2,2025-04-30,2025-11-22,207,0.29
C03330,2,2,2,2,498.66999999999996,249.33499999999998,2,2025-07-16,2026-01-04,173,0.35
C01215,2,2,2,2,493.49,246.745,5,2025-05-10,2026-03-02,297,0.2
C04457,2,2,2,2,489.27000000000004,244.63500000000002,3,2025-11-24,2026-05-18,176,0.35
C00685,2,2,2,2,479.37,239.685,3,2025-01-14,2026-01-29,381,0.16
C02111,2,2,2,2,462.0,231.0,2,2025-10-02,2025-11-02,32,1.9
C04078,2,2,2,2,459.96,229.98,3,2025-07-07,2025-09-13,69,0.88
C01378,2,2,2,2,456.05,228.025,4,2025-02-15,2025-10-04,232,0.26
C02089,2,2,2,2,454.11,227.055,4,2024-12-28,2025-08-19,235,0.26
C01203,2,2,2,2,450.22999999999996,225.11499999999998,2,2025-12-24,2026-02-16,55,1.11
C04681,2,2,2,2,449.87,224.935,4,2025-09-26,2026-05-02,219,0.28
C00860,2,2,2,2,445.79,222.895,2,2025-03-02,2025-05-04,64,0.95
C04307,2,2,2,2,437.72,218.86,3,2025-01-13,2025-05-20,128,0.48
C02913,2,2,2,2,436.56,218.28,6,2025-09-03,2025-09-05,3,20.29
C04905,2,2,2,2,423.73,211.865,3,2025-03-03,2025-05-11,70,0.87
C03216,2,2,2,2,419.69,209.845,2,2024-12-21,2025-09-01,255,0.24
C03010,2,2,2,2,399.18,199.59,2,2025-09-14,2025-09-27,14,4.35
C01174,2,2,2,2,396.18,198.09,3,2025-03-13,2026-01-23,317,0.19
C03197,2,2,2,2,395.98,197.99,2,2025-12-03,2026-02-28,88,0.69
C04260,2,2,2,2,394.65,197.325,3,2025-01-09,2025-10-29,294,0.21
C03522,2,2,2,2,379.43,189.715,4,2025-01-18,2025-02-19,33,1.84
C00614,2,2,2,2,372.15000000000003,186.07500000000002,4,2025-05-20,2026-04-10,326,0.19
C02132,2,2,2,2,368.13,184.065,3,2025-12-22,2026-04-06,106,0.57
C04571,2,2,2,2,364.5,182.25,4,2025-01-19,2025-08-31,225,0.27
C02926,2,2,2,2,359.07000000000005,179.53500000000003,4,2025-02-03,2025-07-03,151,0.4
C01190,2,2,2,2,356.4,178.2,5,2025-03-16,2026-04-25,406,0.15
C04531,2,2,2,2,346.9,173.45,4,2026-01-01,2026-05-23,143,0.43
C03702,2,2,2,2,346.75,173.375,3,2025-01-10,2025-11-23,318,0.19
C01862,2,2,2,2,339.93,169.965,5,2025-12-13,2026-01-13,32,1.9
C00836,2,2,2,2,334.52,167.26,2,2025-07-26,2025-07-30,5,12.18
C02041,2,2,2,2,330.21000000000004,165.10500000000002,3,2025-01-14,2025-06-25,163,0.37
C01369,2,2,2,2,330.15999999999997,165.07999999999998,2,2025-01-11,2025-03-12,61,1.0
C02047,2,2,2,2,326.6,163.3,2,2025-11-21,2026-03-27,127,0.48
C01272,2,2,2,2,325.74,162.87,3,2024-12-31,2025-05-14,135,0.45
C04807,2,2,2,2,318.34,159.17,2,2025-11-19,2026-01-07,50,1.22
C00408,2,2,2,2,315.0,157.5,3,2025-05-09,2025-12-17,223,0.27
C02684,2,2,2,2,314.71,157.355,4,2025-08-13,2025-10-03,52,1.17
C02939,2,2,2,2,301.92,150.96,3,2024-12-27,2025-03-31,95,0.64
C03969,2,2,1,2,300.28000000000003,150.14000000000001,2,2024-12-28,2026-04-20,479,0.13
C02874,2,2,1,2,299.18,149.59,5,2025-04-13,2025-08-14,124,0.49
C01327,2,2,2,2,286.64,143.32,2,2025-02-13,2025-06-05,113,0.54
C01983,2,2,2,2,286.15,143.075,3,2025-07-15,2026-04-05,265,0.23
C03432,2,2,2,2,282.36,141.18,3,2025-06-19,2026-03-21,276,0.22
C04023,2,2,2,2,281.11,140.555,5,2025-05-05,2025-05-10,6,10.15
C00134,2,2,2,2,279.75,139.875,2,2025-04-28,2025-07-17,81,0.75
C01864,2,2,2,2,278.9,139.45,3,2025-05-20,2026-03-05,290,0.21
C04902,2,2,2,2,273.57,136.785,2,2024-12-29,2025-06-05,159,0.38
C03694,2,2,2,2,262.4,131.2,2,2024-12-14,2025-10-20,311,0.2
C03695,2,2,2,2,261.83,130.915,2,2025-06-26,2025-10-01,98,0.62
C03127,2,2,2,2,260.21,130.105,2,2025-04-08,2025-12-11,248,0.25
C02474,2,2,2,2,258.49,129.245,2,2024-12-13,2024-12-30,18,3.38
C02807,2,2,2,2,257.01,128.505,3,2025-03-19,2025-06-28,102,0.6
C04983,2,2,2,2,256.09000000000003,128.04500000000002,4,2025-09-08,2025-12-01,85,0.72
C02580,2,2,2,2,256.0,128.0,3,2025-06-10,2026-01-29,234,0.26
C04621,2,2,2,2,252.20000000000002,126.10000000000001,4,2025-01-27,2025-05-10,104,0.59
C03135,2,2,2,2,248.36,124.18,2,2026-03-10,2026-03-11,2,30.44
C01544,2,2,2,2,245.83,122.915,3,2025-02-15,2025-06-17,123,0.49
C00255,2,2,1,1,245.64000000000001,122.82000000000001,6,2025-01-05,2025-03-02,57,1.07
C02484,2,2,2,2,243.89999999999998,121.94999999999999,3,2025-04-10,2025-07-04,86,0.71
C02101,2,2,1,2,238.73000000000002,119.36500000000001,3,2025-02-04,2025-12-12,312,0.2
C03187,2,2,2,2,236.6,118.3,4,2025-02-05,2025-12-28,327,0.19
C00749,2,2,2,2,236.52,118.26,3,2025-03-13,2025-06-17,97,0.63
C01126,2,2,2,2,230.06,115.03,4,2025-05-31,2025-07-18,49,1.24
C03444,2,2,2,2,226.38,113.19,2,2025-02-17,2025-05-04,77,0.79
C04068,2,2,2,2,225.88,112.94,4,2025-04-29,2025-09-24,149,0.41
C02621,2,2,2,2,221.89000000000001,110.94500000000001,5,2025-03-10,2025-07-16,129,0.47
C04415,2,2,2,2,220.67,110.335,3,2025-01-15,2025-01-19,5,12.18
C04933,2,2,1,2,219.82,109.91,3,2025-03-24,2025-12-21,273,0.22
C01699,2,2,2,2,219.57,109.785,3,2025-08-28,2025-11-18,83,0.73
C01771,2,2,2,2,211.99,105.995,2,2025-04-06,2025-11-23,232,0.26
C04713,2,2,2,2,200.93,100.465,3,2025-01-20,2026-01-22,368,0.17
C04364,2,2,2,2,198.85999999999999,99.42999999999999,3,2025-03-23,2026-03-28,371,0.16
C00910,2,2,2,2,198.45000000000002,99.22500000000001,2,2025-01-20,2025-05-08,109,0.56
C00128,2,2,1,2,193.4,96.7,5,2025-04-08,2026-02-24,323,0.19
C00329,2,2,2,2,192.17000000000002,96.08500000000001,2,2025-06-26,2025-11-27,155,0.39
C02784,2,2,2,2,191.63,95.815,2,2024-12-09,2025-04-22,135,0.45
C01431,2,2,2,2,187.35,93.675,5,2025-01-17,2025-02-05,20,3.04
C03911,2,2,2,2,187.25,93.625,2,2025-02-01,2025-04-11,70,0.87
C02019,2,2,2,2,186.19,93.095,3,2025-05-11,2025-07-08,59,1.03
C03677,2,2,2,2,185.20000000000002,92.60000000000001,2,2025-06-02,2025-08-04,64,0.95
C04641,2,2,2,2,183.8,91.9,4,2024-12-08,2025-05-27,171,0.36
C03853,2,2,2,2,183.34,91.67,3,2025-04-16,2025-04-26,11,5.53
C02911,2,2,2,2,182.15,91.075,3,2025-03-26,2025-12-19,269,0.23
C04703,2,2,1,2,181.49,90.745,2,2025-04-28,2025-05-14,17,3.58
C00301,2,2,2,2,181.19,90.595,3,2025-05-20,2026-01-12,238,0.26
C02538,2,2,2,2,180.57,90.285,6,2024-12-06,2025-03-26,111,0.55
C01351,2,2,2,2,180.29000000000002,90.14500000000001,3,2025-09-09,2026-04-28,232,0.26
C04835,2,2,1,2,178.32,89.16,6,2025-01-28,2025-06-03,127,0.48
C01924,2,2,2,2,178.07000000000002,89.03500000000001,6,2024-12-11,2025-07-23,225,0.27
C00694,2,2,2,2,173.22,86.61,5,2025-03-29,2025-10-31,217,0.28
C04669,2,2,2,2,171.69,85.845,2,2025-05-28,2026-02-05,254,0.24
C03113,2,2,2,2,171.53,85.765,2,2025-03-13,2025-09-03,175,0.35
C00016,2,2,2,2,169.93,84.965,2,2025-02-14,2025-04-14,60,1.01
C00433,2,2,2,2,165.89,82.945,2,2025-01-31,2025-09-24,237,0.26
C03470,2,2,1,2,157.98,78.99,3,2025-09-22,2025-11-15,55,1.11
C01354,2,2,2,2,155.76999999999998,77.88499999999999,3,2025-01-12,2025-01-17,6,10.15
C03611,2,2,2,2,154.47,77.235,3,2025-08-24,2026-02-18,179,0.34
C03713,2,2,2,2,150.96,75.48,3,2025-05-04,2025-07-13,71,0.86
C04608,2,2,2,2,149.58,74.79,2,2024-12-28,2025-05-26,150,0.41
C01047,2,2,2,2,149.01,74.505,3,2025-05-11,2025-08-19,101,0.6
C02525,2,2,2,2,145.46,72.73,4,2025-04-19,2026-01-03,260,0.23
C00022,2,2,2,2,139.96,69.98,2,2025-05-10,2025-06-05,27,2.25
C03090,2,2,1,2,138.06,69.03,2,2026-01-05,2026-05-12,128,0.48
C03475,2,2,2,2,134.97,67.485,3,2025-02-06,2025-12-12,310,0.2
C00752,2,2,2,2,132.75,66.375,2,2025-06-06,2025-07-12,37,1.65
C03681,2,2,2,2,131.84,65.92,2,2025-05-01,2025-07-30,91,0.67
C01320,2,2,2,2,131.41,65.705,3,2025-03-29,2025-10-18,204,0.3
C02108,2,2,2,2,130.37,65.185,3,2025-11-06,2026-05-01,177,0.34
C04486,2,2,1,1,129.23,64.615,4,2025-02-17,2025-06-11,115,0.53
C02899,2,2,2,2,127.14,63.57,2,2025-05-26,2025-10-25,153,0.4
C01689,2,2,2,2,127.09,63.545,2,2025-09-15,2025-09-20,6,10.15
C01259,2,2,2,2,125.49000000000001,62.745000000000005,3,2025-12-04,2025-12-10,7,8.7
C01106,2,2,2,2,125.41999999999999,62.709999999999994,3,2025-03-20,2025-07-20,123,0.49
C03630,2,2,2,2,124.85,62.425,2,2025-01-12,2025-06-09,149,0.41
C03761,2,2,2,2,118.56,59.28,3,2026-02-06,2026-03-09,32,1.9
C02717,2,2,2,2,118.05,59.025,2,2025-08-06,2025-08-28,23,2.65
C04921,2,2,2,2,116.78,58.39,2,2025-01-01,2025-03-06,65,0.94
C02533,2,2,2,2,116.13,58.065,3,2025-05-29,2026-01-22,239,0.25
C04198,2,2,2,2,115.06,57.53,3,2025-10-06,2026-01-03,90,0.68
C04355,2,2,2,2,112.82,56.41,2,2025-04-03,2025-12-03,245,0.25
C01214,2,2,2,2,112.01,56.005,2,2025-01-16,2025-04-13,88,0.69
C01891,2,2,2,2,111.35,55.675,2,2025-01-23,2025-06-03,132,0.46
C00267,2,2,2,2,108.03,54.015,2,2025-03-15,2025-04-21,38,1.6
C02524,2,2,2,2,106.88,53.44,4,2025-02-27,2025-11-14,261,0.23
C04321,2,2,2,2,106.08,53.04,5,2025-06-08,2026-05-06,333,0.18
C04586,2,2,2,2,106.03999999999999,53.019999999999996,2,2025-10-16,2025-10-25,10,6.09
C01941,2,2,2,2,105.1,52.55,2,2025-03-01,2025-07-06,128,0.48
C01652,2,2,2,2,105.03,52.515,2,2025-04-17,2025-04-26,10,6.09
C01970,2,2,2,2,102.67,51.335,3,2025-02-13,2025-06-10,118,0.52
C02250,2,2,2,2,102.59,51.295,3,2025-04-18,2025-06-16,60,1.01
C01671,2,2,2,2,102.24,51.12,4,2025-02-12,2025-04-03,51,1.19
C03570,2,2,2,2,102.05000000000001,51.025000000000006,2,2025-02-08,2025-03-23,44,1.38
C02365,2,2,2,2,100.06,50.03,3,2025-06-12,2025-10-09,120,0.51
C03477,2,2,2,2,98.96000000000001,49.480000000000004,2,2025-03-15,2025-07-31,139,0.44
C02179,2,2,2,2,98.1,49.05,3,2025-02-16,2025-07-06,141,0.43
C02685,2,2,2,2,97.98,48.99,2,2025-01-29,2025-08-22,206,0.3
C02629,2,2,1,2,97.77000000000001,48.885000000000005,3,2025-03-09,2025-06-19,103,0.59
C03342,2,2,2,2,97.49,48.745,2,2025-04-29,2025-06-23,56,1.09
C04330,2,2,2,2,95.63000000000001,47.815000000000005,2,2024-12-27,2025-10-16,294,0.21
C02732,2,2,2,2,94.98,47.49,2,2025-04-08,2025-04-12,5,12.18
C00857,2,2,2,2,93.73,46.865,2,2025-04-17,2025-07-06,81,0.75
C04526,2,2,2,2,92.46000000000001,46.230000000000004,2,2025-07-24,2025-08-15,23,2.65
C02801,2,2,2,2,91.83,45.915,2,2025-12-03,2026-03-03,91,0.67
C00767,2,2,2,2,90.46000000000001,45.230000000000004,2,2025-03-22,2025-06-29,100,0.61
C00079,2,2,2,2,89.74000000000001,44.870000000000005,2,2025-01-30,2025-03-02,32,1.9
C01053,2,2,2,2,89.25999999999999,44.629999999999995,2,2024-12-15,2025-07-19,217,0.28
C01193,2,2,2,2,87.6,43.8,2,2026-02-10,2026-04-12,62,0.98
C00263,2,2,2,2,87.59,43.795,2,2025-03-23,2025-03-27,5,12.18
C00256,2,2,1,1,87.58,43.79,5,2025-09-04,2026-02-24,174,0.35
C04934,2,2,2,2,86.51,43.255,2,2025-02-03,2025-04-02,59,1.03
C00634,2,2,2,2,84.58,42.29,3,2025-02-17,2025-05-01,74,0.82
C04096,2,2,2,2,83.84,41.92,2,2025-03-22,2025-05-05,45,1.35
C02735,2,2,1,2,81.65,40.825,2,2025-03-17,2025-07-03,109,0.56
C02020,2,2,2,2,79.19,39.595,2,2025-01-02,2025-07-05,185,0.33
C02282,2,2,2,2,78.78,39.39,3,2024-12-31,2025-06-22,174,0.35
C02158,2,2,2,2,78.76,39.38,2,2025-03-20,2025-07-27,130,0.47
C04328,2,2,1,1,77.92,38.96,2,2025-03-28,2025-04-16,20,3.04
C00661,2,2,1,2,77.02000000000001,38.510000000000005,2,2025-01-23,2025-02-25,34,1.79
C00575,2,2,2,2,76.9,38.45,2,2025-01-24,2025-09-30,250,0.24
C01179,2,2,2,2,73.66,36.83,2,2025-02-19,2025-07-10,142,0.43
C01121,2,2,2,2,70.16,35.08,2,2025-06-26,2025-08-17,53,1.15
C02467,2,2,1,2,70.01,35.005,2,2025-02-06,2025-04-18,72,0.85
C04468,2,2,2,2,69.42,34.71,2,2025-03-23,2025-09-12,174,0.35
C00926,2,2,1,2,68.67,34.335,3,2025-01-04,2025-09-21,261,0.23
C02026,2,2,1,2,68.39,34.195,2,2025-01-19,2025-03-26,67,0.91
C00127,2,2,2,2,67.22,33.61,3,2024-12-26,2025-05-03,129,0.47
C02372,2,2,2,2,66.47,33.235,3,2025-04-28,2025-08-24,119,0.51
C04066,2,2,2,2,65.12,32.56,3,2025-01-24,2025-04-21,88,0.69
C04348,2,2,2,2,63.489999999999995,31.744999999999997,3,2025-12-02,2026-03-05,94,0.65
C03764,2,2,2,2,62.99,31.495,2,2025-04-13,2025-08-16,126,0.48
C00623,2,2,2,2,61.46,30.73,2,2025-04-12,2025-11-26,229,0.27
C01288,2,2,1,2,61.19,30.595,2,2025-01-15,2025-04-02,78,0.78
C03787,2,2,2,2,60.94,30.47,2,2025-02-14,2026-03-01,381,0.16
C01530,2,2,2,2,58.61,29.305,3,2025-03-15,2025-05-25,72,0.85
C00330,2,2,1,2,58.56,29.28,2,2025-02-02,2025-03-07,34,1.79
C03408,2,2,2,2,56.37,28.185,4,2025-02-01,2025-08-22,203,0.3
C01074,2,2,2,2,56.26,28.13,4,2025-04-19,2026-04-28,375,0.16
C00975,2,2,2,2,55.0,27.5,2,2025-01-03,2025-05-27,145,0.42
C01058,2,2,2,2,52.42999999999999,26.214999999999996,2,2025-01-10,2025-08-24,227,0.27
C01199,2,2,1,2,51.63,25.815,2,2025-01-03,2025-08-19,229,0.27
C03584,2,2,1,2,51.2,25.6,2,2025-11-19,2026-02-09,83,0.73
C01067,2,2,2,2,50.42,25.21,2,2025-04-01,2025-06-28,89,0.68
C01428,2,2,2,2,49.18,24.59,2,2025-12-12,2026-01-02,22,2.77
C04957,2,2,2,2,48.25,24.125,2,2024-12-21,2025-03-31,101,0.6
C03690,2,2,2,2,45.99,22.995,2,2025-04-12,2025-05-04,23,2.65
C01597,2,2,2,2,45.440000000000005,22.720000000000002,2,2025-02-17,2025-04-29,72,0.85
C01063,2,2,1,1,38.27,19.135,4,2025-04-15,2025-07-26,103,0.59
C02986,2,2,2,2,37.21,18.605,3,2025-01-11,2025-03-11,60,1.01
C02817,2,2,2,2,32.35,16.175,2,2025-06-30,2025-09-08,71,0.86
C00686,2,2,2,2,31.810000000000002,15.905000000000001,2,2025-09-27,2025-09-29,3,20.29
C02893,1,1,1,1,2225.09,2225.09,3,2025-03-31,2025-03-31,1,30.44
C01651,1,1,1,1,1856.29,1856.29,3,2024-12-30,2024-12-30,1,30.44
C01489,1,1,1,1,1850.1,1850.1,3,2025-04-19,2025-04-19,1,30.44
C04088,1,1,1,1,443.52,443.52,2,2025-05-28,2025-05-28,1,30.44
C00014,1,1,1,1,415.2,415.2,2,2025-08-02,2025-08-02,1,30.44
C03168,1,1,1,1,415.13,415.13,1,2025-01-12,2025-01-12,1,30.44
C01274,1,1,1,1,400.09,400.09,4,2026-03-17,2026-03-17,1,30.44
C00210,1,1,1,1,371.81,371.81,4,2025-02-04,2025-02-04,1,30.44
C02666,1,1,1,1,351.82,351.82,1,2025-05-15,2025-05-15,1,30.44
C00773,1,1,1,1,312.34,312.34,1,2025-03-23,2025-03-23,1,30.44
C02614,1,1,1,1,308.15,308.15,1,2025-11-07,2025-11-07,1,30.44
C00097,1,1,1,1,301.99,301.99,2,2025-01-01,2025-01-01,1,30.44
C03087,1,1,1,1,283.41,283.41,5,2024-12-17,2024-12-17,1,30.44
C01192,1,1,1,1,269.8,269.8,2,2025-03-10,2025-03-10,1,30.44
C04988,1,1,1,1,262.71,262.71,1,2025-07-17,2025-07-17,1,30.44
C02218,1,1,1,1,260.0,260.0,1,2025-09-12,2025-09-12,1,30.44
C01062,1,1,1,1,233.54,233.54,3,2026-04-03,2026-04-03,1,30.44
C03350,1,1,1,1,228.78,228.78,5,2024-12-13,2024-12-13,1,30.44
C04211,1,1,1,1,205.17,205.17,1,2025-03-16,2025-03-16,1,30.44
C00104,1,1,1,1,197.97,197.97,1,2025-12-06,2025-12-06,1,30.44
C03739,1,1,1,1,187.32,187.32,3,2026-01-24,2026-01-24,1,30.44
C00833,1,1,1,1,185.8,185.8,1,2025-01-02,2025-01-02,1,30.44
C04216,1,1,1,1,179.52,179.52,1,2025-03-16,2025-03-16,1,30.44
C04593,1,1,1,1,172.9,172.9,1,2025-02-25,2025-02-25,1,30.44
C01955,1,1,1,1,162.62,162.62,1,2025-05-13,2025-05-13,1,30.44
C03625,1,1,1,1,158.95,158.95,2,2024-12-11,2024-12-11,1,30.44
C00133,1,1,1,1,153.72,153.72,1,2025-12-02,2025-12-02,1,30.44
C02082,1,1,1,1,149.06,149.06,1,2025-04-15,2025-04-15,1,30.44
C04111,1,1,1,1,146.67,146.67,2,2025-01-12,2025-01-12,1,30.44
C02630,1,1,1,1,140.39,140.39,2,2024-12-30,2024-12-30,1,30.44
C02692,1,1,1,1,131.73,131.73,1,2025-03-06,2025-03-06,1,30.44
C01304,1,1,1,1,131.25,131.25,1,2025-05-01,2025-05-01,1,30.44
C04215,1,1,1,1,130.84,130.84,1,2025-10-12,2025-10-12,1,30.44
C00878,1,1,1,1,126.94,126.94,2,2025-03-02,2025-03-02,1,30.44
C04239,1,1,1,1,124.77,124.77,2,2025-06-19,2025-06-19,1,30.44
C03897,1,1,1,1,124.4,124.4,1,2025-01-05,2025-01-05,1,30.44
C01457,1,1,1,1,116.8,116.8,1,2025-04-15,2025-04-15,1,30.44
C01691,1,1,1,1,113.64,113.64,1,2025-09-20,2025-09-20,1,30.44
C00402,1,1,1,1,111.3,111.3,1,2025-07-10,2025-07-10,1,30.44
C03871,1,1,1,1,104.83,104.83,5,2025-02-01,2025-02-01,1,30.44
C02244,1,1,1,1,97.9,97.9,1,2025-01-26,2025-01-26,1,30.44
C00300,1,1,1,1,97.67,97.67,1,2025-02-18,2025-02-18,1,30.44
C03791,1,1,1,1,88.53,88.53,4,2025-03-07,2025-03-07,1,30.44
C01702,1,1,1,1,86.63,86.63,1,2025-11-18,2025-11-18,1,30.44
C02043,1,1,1,1,81.8,81.8,2,2025-07-02,2025-07-02,1,30.44
C03985,1,1,1,1,80.86,80.86,2,2025-09-24,2025-09-24,1,30.44
C03111,1,1,1,1,80.47,80.47,1,2025-10-04,2025-10-04,1,30.44
C04409,1,1,1,1,77.46,77.46,1,2025-09-16,2025-09-16,1,30.44
C00734,1,1,1,1,75.8,75.8,1,2025-02-03,2025-02-03,1,30.44
C03974,1,1,1,1,74.62,74.62,2,2025-01-21,2025-01-21,1,30.44
C02897,1,1,1,1,67.23,67.23,1,2025-06-08,2025-06-08,1,30.44
C00165,1,1,1,1,67.11,67.11,1,2025-12-18,2025-12-18,1,30.44
C01525,1,1,1,1,66.82,66.82,2,2025-09-27,2025-09-27,1,30.44
C01587,1,1,1,1,65.53,65.53,1,2025-05-08,2025-05-08,1,30.44
C04113,1,1,1,1,65.11,65.11,2,2025-11-28,2025-11-28,1,30.44
C00081,1,1,1,1,61.0,61.0,1,2025-06-24,2025-06-24,1,30.44
C01300,1,1,1,1,60.7,60.7,1,2025-03-20,2025-03-20,1,30.44
C03905,1,1,1,1,58.95,58.95,1,2025-04-18,2025-04-18,1,30.44
C01080,1,1,1,1,57.31,57.31,2,2024-12-19,2024-12-19,1,30.44
C02786,1,1,1,1,56.93,56.93,1,2025-09-08,2025-09-08,1,30.44
C00659,1,1,1,1,56.72,56.72,2,2026-03-04,2026-03-04,1,30.44
C04104,1,1,1,1,51.27,51.27,1,2025-06-11,2025-06-11,1,30.44
C03362,1,1,1,1,49.91,49.91,1,2025-02-04,2025-02-04,1,30.44
C01072,1,1,1,1,49.6,49.6,1,2025-01-23,2025-01-23,1,30.44
C04030,1,1,1,1,47.59,47.59,1,2026-03-19,2026-03-19,1,30.44
C04637,1,1,1,1,47.15,47.15,2,2025-05-05,2025-05-05,1,30.44
C01359,1,1,1,1,45.19,45.19,2,2025-08-21,2025-08-21,1,30.44
C00946,1,1,1,1,43.13,43.13,1,2025-04-23,2025-04-23,1,30.44
C01675,1,1,1,1,40.23,40.23,1,2025-11-21,2025-11-21,1,30.44
C03798,1,1,1,1,38.97,38.97,1,2024-12-19,2024-12-19,1,30.44
C03030,1,1,1,1,38.18,38.18,1,2025-04-23,2025-04-23,1,30.44
C00541,1,1,1,1,36.77,36.77,2,2026-04-21,2026-04-21,1,30.44
C00288,1,1,1,1,36.19,36.19,1,2024-12-29,2024-12-29,1,30.44
C03007,1,1,1,1,33.5,33.5,1,2025-02-11,2025-02-11,1,30.44
C03102,1,1,1,1,32.14,32.14,1,2025-03-17,2025-03-17,1,30.44
C01301,1,1,1,1,31.92,31.92,1,2025-03-09,2025-03-09,1,30.44
C02021,1,1,1,1,30.55,30.55,1,2025-08-24,2025-08-24,1,30.44
C03332,1,1,1,1,29.93,29.93,1,2024-12-24,2024-12-24,1,30.44
C04487,1,1,1,1,29.66,29.66,1,2025-09-13,2025-09-13,1,30.44
C03864,1,1,1,1,28.3,28.3,1,2025-01-28,2025-01-28,1,30.44
C02128,1,1,1,1,28.13,28.13,1,2025-06-10,2025-06-10,1,30.44
C00388,1,1,1,1,27.91,27.91,1,2025-08-23,2025-08-23,1,30.44
C00465,1,1,1,1,26.29,26.29,1,2025-01-25,2025-01-25,1,30.44
C02443,1,1,1,1,25.59,25.59,1,2025-03-03,2025-03-03,1,30.44
C04891,1,1,1,1,23.8,23.8,1,2025-06-20,2025-06-20,1,30.44
C04455,1,1,1,1,23.66,23.66,2,2026-03-09,2026-03-09,1,30.44
C01670,1,1,1,1,23.38,23.38,1,2025-04-09,2025-04-09,1,30.44
C01840,1,1,1,1,22.59,22.59,1,2026-02-27,2026-02-27,1,30.44
C00757,1,1,1,1,19.83,19.83,2,2025-02-20,2025-02-20,1,30.44
C02937,1,1,1,1,15.83,15.83,1,2025-02-03,2025-02-03,1,30.44
C04119,1,1,1,1,15.01,15.01,1,2025-01-23,2025-01-23,1,30.44
C00095,1,1,1,1,14.5,14.5,1,2025-12-19,2025-12-19,1,30.44
C02615,1,1,1,1,12.12,12.12,1,2025-03-03,2025-03-03,1,30.44
C03499,1,1,1,1,11.8,11.8,1,2024-12-17,2024-12-17,1,30.44
C01847,1,1,1,1,11.79,11.79,1,2025-05-14,2025-05-14,1,30.44
C03279,1,1,1,1,9.39,9.39,1,2025-05-12,2025-05-12,1,30.44
