customer_id,orders,revenue,avg_order_value
C04920,18,29798.35,1655.4638888888887
C02260,59,28435.96,481.96542372881356
C04815,43,26977.949999999997,627.3941860465115
C04296,40,24650.7,616.2675
C02090,37,24503.8,662.2648648648649
C00551,41,21910.9,534.4121951219513
C04120,18,21627.11,1201.506111111111
C01422,21,20429.82,972.8485714285714
C02025,19,20103.5,1058.078947368421
C01962,40,19666.19,491.65475
C04730,27,19394.8,718.3259259259258
C04791,22,18193.23,826.965
C01210,22,18089.2,822.2363636363636
C04153,39,17851.2,457.7230769230769
C01831,28,17776.29,634.8675000000001
C04159,25,17743.66,709.7464
C01262,30,17554.89,585.163
C01508,20,17525.33,876.2665000000001
C01474,27,17521.079999999998,648.9288888888888
C04774,18,17455.65,969.7583333333334
C03501,32,17352.25,542.2578125
C01430,20,16729.53,836.4765
C01571,30,16505.05,550.1683333333333
C04334,19,15893.26,836.4873684210527
C02072,34,15853.74,466.28647058823526
C03982,29,15815.51,545.3624137931034
C03753,30,15687.76,522.9253333333334
C02858,23,15625.63,679.3752173913043
C02323,21,15025.349999999999,715.492857142857
C03583,15,14487.949999999999,965.8633333333332
C03264,18,14240.85,791.1583333333333
C01890,26,14162.72,544.72
C01013,33,14016.63,424.74636363636364
C03898,17,13681.96,804.8211764705882
C01921,27,13561.75,502.287037037037
C01291,34,13545.51,398.39735294117645
C04697,19,13486.79,709.831052631579
C00355,36,13448.61,373.5725
C02222,22,13425.300000000001,610.2409090909091
C03213,73,13413.3,183.74383561643833
C04579,18,13335.25,740.8472222222222
C02357,19,13281.56,699.0294736842105
C03533,19,12958.47,682.0247368421052
C04643,12,12953.27,1079.4391666666668
C04301,22,12924.94,587.4972727272727
C03250,17,12895.08,758.5341176470588
C04136,38,12790.4,336.58947368421053
C03394,57,12718.07,223.1240350877193
C04145,19,12546.18,660.3252631578947
C01540,23,12405.7,539.3782608695652
C04154,24,12319.9,513.3291666666667
C00487,24,12278.72,511.6133333333333
C02142,16,12205.7,762.85625
C02015,19,12142.02,639.0536842105263
C01322,25,12042.99,481.7196
C04893,22,12010.19,545.9177272727273
C02636,19,11974.65,630.2447368421052
C02492,19,11959.539999999999,629.4494736842105
C02171,14,11904.97,850.3549999999999
C01528,11,11852.63,1077.5118181818182
C01138,22,11818.39,537.1995454545454
C01643,21,11792.26,561.5361904761905
C04370,18,11762.73,653.485
C01488,29,11724.0,404.2758620689655
C04384,25,11695.57,467.8228
C01096,18,11665.82,648.1011111111111
C00458,15,11615.26,774.3506666666667
C01282,8,11609.869999999999,1451.2337499999999
C04619,27,11599.01,429.592962962963
C02526,74,11389.86,153.91702702702705
C03095,18,11355.41,630.8561111111111
C04018,20,11335.710000000001,566.7855000000001
C02655,25,11223.99,448.95959999999997
C02670,21,11217.78,534.1800000000001
C03507,16,11164.949999999999,697.8093749999999
C03683,15,11066.69,737.7793333333334
C00399,13,11007.16,846.7046153846154
C00722,24,10924.5,455.1875
C03322,11,10916.789999999999,992.4354545454545
C00581,18,10889.86,604.9922222222223
C04267,18,10821.66,601.2033333333334
C01343,8,10793.16,1349.145
C01153,40,10712.66,267.8165
C04708,20,10668.42,533.421
C04747,16,10654.33,665.895625
C03834,22,10644.88,483.8581818181818
C01423,15,10602.02,706.8013333333333
C03530,18,10581.61,587.8672222222223
C03806,54,10577.529999999999,195.88018518518516
C02827,12,10575.22,881.2683333333333
C01830,14,10574.1,755.2928571428572
C03979,18,10566.92,587.0511111111111
C00366,15,10531.45,702.0966666666667
C03876,20,10509.130000000001,525.4565
C03874,46,10485.01,227.935
C00497,17,10433.26,613.7211764705883
C04837,26,10400.75,400.02884615384613
C03461,24,10396.48,433.18666666666667
C00400,12,10347.61,862.3008333333333
C04359,15,10339.23,689.2819999999999
C03355,11,10292.699999999999,935.6999999999999
C04925,6,10273.900000000001,1712.3166666666668
C00918,60,10238.59,170.64316666666667
C01590,57,10215.93,179.22684210526316
C01594,13,10202.9,784.8384615384615
C01624,80,10200.02,127.50025000000001
C01149,14,10177.9,726.9928571428571
C01995,13,10172.91,782.5315384615385
C02263,18,10168.62,564.9233333333334
C03951,19,10159.689999999999,534.7205263157894
C01070,20,10105.87,505.29350000000005
C01678,18,10094.75,560.8194444444445
C00742,57,10078.64,176.81824561403508
C03988,19,10044.49,528.6573684210526
C02767,16,9994.69,624.668125
C01458,12,9796.31,816.3591666666666
C00907,22,9780.51,444.56863636363636
C01944,55,9740.44,177.0989090909091
C01479,18,9676.6,537.588888888889
C03424,12,9625.44,802.12
C00845,75,9593.18,127.90906666666667
C03986,45,9583.96,212.97688888888888
C02833,17,9522.74,560.1611764705882
C04502,21,9490.78,451.94190476190477
C03831,13,9475.64,728.8953846153846
C04801,24,9455.97,393.99875
C02056,22,9439.23,429.0559090909091
C00141,19,9423.82,495.99052631578945
C01125,10,9349.949999999999,934.9949999999999
C03472,16,9334.28,583.3925
C04396,11,9330.4,848.2181818181817
C04698,19,9267.61,487.7689473684211
C03992,14,9239.86,659.99
C00945,12,9228.65,769.0541666666667
C03920,16,9202.67,575.166875
C03056,15,9151.039999999999,610.0693333333332
C03062,12,9142.55,761.8791666666666
C00546,13,9135.47,702.7284615384615
C02007,13,9082.19,698.63
C04168,22,9043.23,411.0559090909091
C01923,20,9040.34,452.017
C01244,32,9040.28,282.50875
C03557,17,9010.73,530.0429411764705
C04776,52,8974.289999999999,172.58249999999998
C03967,18,8933.78,496.3211111111111
C03588,11,8929.64,811.7854545454545
C01964,25,8924.18,356.9672
C00626,12,8915.26,742.9383333333334
C04597,11,8911.64,810.1490909090909
C02843,13,8884.880000000001,683.4523076923077
C03295,9,8882.57,986.9522222222222
C03568,19,8872.02,466.9484210526316
C04073,19,8845.05,465.52894736842103
C02102,39,8830.55,226.42435897435897
C01558,13,8788.130000000001,676.0100000000001
C02023,43,8762.69,203.78348837209305
C03299,15,8715.79,581.0526666666667
C01725,14,8678.689999999999,619.9064285714285
C00683,56,8624.76,154.01357142857142
C01495,11,8578.18,779.8345454545455
C01828,10,8573.31,857.3309999999999
C02542,13,8545.04,657.3107692307693
C00550,17,8475.11,498.5358823529412
C00966,18,8445.6,469.20000000000005
C02034,12,8424.58,702.0483333333333
C01427,58,8424.16,145.2441379310345
C01480,21,8417.11,400.81476190476195
C01145,19,8415.79,442.9363157894737
C03886,43,8396.42,195.26558139534885
C04507,15,8369.16,557.944
C02867,12,8366.4,697.1999999999999
C03453,56,8360.3,149.29107142857143
C02971,15,8348.44,556.5626666666667
C01566,12,8347.21,695.6008333333333
C00889,33,8345.67,252.89909090909092
C00322,10,8257.619999999999,825.762
C04912,18,8257.44,458.74666666666667
C00651,10,8248.91,824.891
C03192,39,8246.28,211.44307692307694
C00896,29,8237.119999999999,284.03862068965515
C04660,57,8234.08,144.45754385964912
C01708,17,8180.64,481.21411764705886
C01365,16,8154.22,509.63875
C04825,13,8153.6900000000005,627.2069230769231
C01154,37,8150.17,220.27486486486487
C04632,12,8144.38,678.6983333333334
C03474,16,8134.03,508.376875
C00678,10,8130.629999999999,813.0629999999999
C04170,13,8120.03,624.6176923076923
C02415,10,8096.93,809.693
C04079,35,8069.16,230.54742857142855
C00237,15,8055.39,537.0260000000001
C00111,19,8029.17,422.5878947368421
C02065,12,7999.299999999999,666.6083333333332
C00748,15,7984.34,532.2893333333334
C03023,17,7919.23,465.8370588235294
C03858,18,7916.94,439.83
C00359,12,7903.36,658.6133333333333
C04446,28,7891.22,281.82928571428573
C04976,15,7843.38,522.892
C01812,20,7829.099999999999,391.455
C02819,23,7789.38,338.66869565217394
C00415,60,7767.92,129.46533333333335
C04019,36,7761.94,215.60944444444442
C04757,5,7756.400000000001,1551.2800000000002
C03454,46,7752.39,168.53021739130435
C01019,47,7749.7300000000005,164.88787234042553
C01545,15,7740.610000000001,516.0406666666667
C01358,10,7722.4800000000005,772.248
C00417,47,7710.15,164.04574468085104
C00592,9,7708.82,856.5355555555556
C00486,16,7698.11,481.131875
C00107,16,7634.27,477.141875
C00481,15,7575.26,505.01733333333334
C03966,31,7539.51,243.21
C04842,18,7530.68,418.37111111111113
C01872,14,7529.9800000000005,537.8557142857143
C00126,11,7517.15,683.3772727272727
C01467,20,7515.0199999999995,375.751
C01349,11,7508.71,682.61
C02724,13,7488.28,576.0215384615384
C02458,47,7438.9,158.27446808510638
C01669,41,7432.33,181.27634146341464
C03595,37,7428.68,200.77513513513514
C01332,11,7412.59,673.8718181818182
C01208,17,7395.39,435.0229411764706
C00964,18,7375.530000000001,409.7516666666667
C00477,20,7359.31,367.9655
C00792,8,7356.7,919.5875
C00760,14,7340.67,524.3335714285714
C01035,15,7285.55,485.7033333333333
C04128,18,7255.25,403.06944444444446
C00469,23,7252.51,315.32652173913044
C00368,38,7244.150000000001,190.6355263157895
C00222,11,7236.67,657.8790909090909
C00437,29,7204.59,248.43413793103448
C00608,37,7137.76,192.91243243243244
C02900,10,7128.69,712.8689999999999
C01843,28,7117.14,254.18357142857144
C00062,14,7116.17,508.29785714285714
C01808,10,7064.379999999999,706.4379999999999
C03634,11,7050.24,640.930909090909
C01838,13,7031.74,540.9030769230769
C00670,18,7012.18,389.5655555555556
C03261,47,7005.15,149.04574468085104
C02706,23,6957.570000000001,302.5030434782609
C01010,13,6931.650000000001,533.2038461538461
C01395,43,6919.4400000000005,160.9172093023256
C01230,38,6918.28,182.06
C00933,15,6907.13,460.47533333333337
C00250,9,6904.599999999999,767.1777777777777
C02674,15,6879.04,458.60266666666666
C02632,16,6877.81,429.863125
C03199,38,6875.67,180.9386842105263
C02915,6,6866.9400000000005,1144.49
C00759,29,6861.13,236.5906896551724
C00339,26,6859.37,263.8219230769231
C01159,11,6848.639999999999,622.6036363636363
C03376,12,6840.049999999999,570.0041666666666
C01002,16,6815.26,425.95375
C02390,51,6775.26,132.84823529411764
C04517,10,6773.620000000001,677.3620000000001
C04709,19,6769.639999999999,356.2968421052631
C01810,34,6767.04,199.03058823529412
C01038,10,6751.13,675.113
C01825,16,6733.7699999999995,420.86062499999997
C00471,10,6728.11,672.8109999999999
C04232,23,6726.09,292.4386956521739
C02477,9,6710.57,745.6188888888888
C01394,21,6687.29,318.442380952381
C04286,46,6676.15,145.1336956521739
C02210,27,6647.68,246.21037037037038
C02489,28,6640.7699999999995,237.1703571428571
C01228,8,6628.54,828.5675
C00949,24,6621.65,275.90208333333334
C02922,34,6621.26,194.7429411764706
C04007,24,6618.19,275.75791666666663
C02276,45,6595.51,146.56688888888888
C02996,17,6574.7699999999995,386.75117647058823
C02445,13,6560.3,504.63846153846157
C01373,17,6539.13,384.65470588235297
C04673,36,6531.9400000000005,181.4427777777778
C02677,12,6508.4800000000005,542.3733333333333
C01917,21,6456.69,307.46142857142854
C02471,16,6455.29,403.455625
C03358,13,6446.0599999999995,495.8507692307692
C03070,4,6423.0599999999995,1605.7649999999999
C02860,13,6403.49,492.57615384615383
C00052,32,6393.84,199.8075
C00636,14,6384.03,456.0021428571428
C03880,12,6365.81,530.4841666666667
C02896,15,6343.13,422.87533333333334
C02567,26,6317.62,242.98538461538462
C04592,14,6314.01,451.0007142857143
C04305,36,6309.46,175.26277777777779
C04448,9,6306.58,700.7311111111111
C04337,49,6272.64,128.0130612244898
C03693,30,6261.49,208.71633333333332
C00015,11,6258.26,568.9327272727273
C01977,15,6248.78,416.5853333333333
C01907,6,6242.84,1040.4733333333334
C03308,41,6237.52,152.13463414634148
C00119,14,6233.3099999999995,445.2364285714285
C03720,11,6223.2,565.7454545454545
C02953,44,6222.54,141.42136363636362
C04826,11,6217.08,565.1890909090909
C00723,47,6216.33,132.2623404255319
C01567,42,6206.42,147.77190476190475
C01470,19,6200.67,326.35105263157897
C00272,40,6198.95,154.97375
C04625,37,6189.0599999999995,167.27189189189187
C00684,15,6186.09,412.406
C00474,31,6176.24,199.23354838709676
C01726,29,6171.02,212.79379310344828
C01930,20,6163.91,308.1955
C01493,19,6155.31,323.9636842105263
C00740,9,6149.47,683.2744444444445
C01769,24,6146.92,256.12166666666667
C00375,44,6144.93,139.6575
C02296,38,6144.9,161.7078947368421
C00286,7,6136.62,876.66
C00364,29,6133.24,211.4910344827586
C03128,22,6128.33,278.56045454545455
C02368,7,6127.99,875.4271428571428
C03776,7,6120.87,874.41
C02672,17,6117.97,359.8805882352941
C00539,29,6109.24,210.66344827586207
C01433,37,6066.67,163.96405405405406
C01315,19,6043.34,318.0705263157895
C00729,13,6036.5,464.34615384615387
C03660,40,6036.5,150.9125
C04065,30,6034.49,201.14966666666666
C00561,21,6029.76,287.13142857142856
C03745,32,6023.94,188.248125
C03666,21,5987.5199999999995,285.12
C03088,6,5966.1900000000005,994.3650000000001
C00072,13,5958.27,458.32846153846157
C03763,48,5955.9800000000005,124.08291666666668
C01189,33,5940.64,180.01939393939395
C03181,13,5940.44,456.95692307692303
C01238,7,5924.0,846.2857142857143
C00261,22,5909.77,268.6259090909091
C04169,34,5897.5599999999995,173.4576470588235
C04354,43,5871.71,136.55139534883722
C00009,37,5869.7,158.64054054054054
C03210,20,5844.49,292.2245
C04222,38,5843.91,153.78710526315788
C03115,9,5842.549999999999,649.1722222222221
C03861,15,5805.68,387.04533333333336
C01902,33,5802.2,175.8242424242424
C04750,27,5800.88,214.84740740740742
C02031,51,5797.9,113.68431372549018
C02308,7,5795.7,827.9571428571428
C04367,8,5768.13,721.01625
C01937,12,5767.05,480.58750000000003
C01511,21,5744.28,273.53714285714284
C00969,16,5731.17,358.198125
C01780,15,5730.79,382.05266666666665
C02383,35,5718.92,163.3977142857143
C04297,14,5704.76,407.48285714285714
C01477,8,5694.42,711.8025
C03740,12,5688.75,474.0625
C02168,12,5685.6900000000005,473.80750000000006
C01880,21,5685.349999999999,270.7309523809524
C02603,10,5679.65,567.9649999999999
C01347,10,5667.25,566.725
C04315,19,5662.61,298.03210526315786
C02160,24,5652.429999999999,235.51791666666665
C04911,24,5629.42,234.55916666666667
C02363,8,5621.49,702.68625
C00808,45,5620.63,124.9028888888889
C04547,23,5619.200000000001,244.3130434782609
C02815,33,5608.51,169.9548484848485
C01721,38,5603.849999999999,147.46973684210525
C02597,37,5601.0,151.3783783783784
C03998,14,5599.88,399.99142857142857
C02511,11,5596.5,508.77272727272725
C02319,10,5595.11,559.511
C03528,19,5595.1,294.4789473684211
C02586,13,5590.95,430.0730769230769
C03684,11,5549.08,504.46181818181816
C03527,27,5524.72,204.61925925925928
C00196,34,5519.94,162.35117647058823
C00082,11,5516.71,501.5190909090909
C00232,10,5504.35,550.4350000000001
C01225,46,5500.650000000001,119.57934782608697
C00775,29,5500.42,189.6696551724138
C00424,28,5491.35,196.11964285714288
C02698,15,5488.77,365.918
C03005,32,5488.43,171.5134375
C01943,8,5450.82,681.3525
C01283,9,5449.91,605.5455555555556
C03817,8,5444.45,680.55625
C00972,30,5422.86,180.762
C04258,11,5420.1900000000005,492.7445454545455
C00384,16,5406.91,337.931875
C00725,22,5389.89,244.995
C01177,14,5354.57,382.4692857142857
C02842,5,5345.91,1069.182
C04534,8,5336.05,667.00625
C04738,31,5326.37,171.8183870967742
C01532,38,5314.34,139.85105263157894
C00535,29,5276.110000000001,181.93482758620692
C00812,43,5274.12,122.6539534883721
C01620,22,5273.83,239.71954545454545
C03481,12,5268.22,439.0183333333334
C02613,10,5266.700000000001,526.6700000000001
C01631,11,5264.389999999999,478.580909090909
C03884,14,5261.5199999999995,375.8228571428571
C00560,16,5246.19,327.886875
C00306,7,5234.81,747.83
C04906,13,5229.0,402.2307692307692
C00835,21,5225.26,248.82190476190476
C03824,18,5205.56,289.1977777777778
C00362,36,5204.41,144.56694444444443
C03989,18,5196.2,288.67777777777775
C03286,24,5187.280000000001,216.13666666666668
C04798,9,5183.99,575.9988888888888
C04156,29,5174.0599999999995,178.4158620689655
C03370,18,5165.73,286.98499999999996
C00302,14,5165.19,368.9421428571428
C00451,24,5158.03,214.91791666666666
C03572,36,5153.18,143.1438888888889
C03862,25,5145.76,205.8304
C01011,7,5141.31,734.4728571428572
C01269,6,5137.31,856.2183333333334
C02589,16,5131.400000000001,320.71250000000003
C04184,14,5131.3,366.5214285714286
C03142,31,5126.34,165.3658064516129
C04972,28,5120.79,182.88535714285715
C01318,19,5120.02,269.4747368421053
C01610,8,5119.83,639.97875
C03032,19,5113.98,269.15684210526314
C04647,14,5095.03,363.93071428571426
C00088,11,5080.87,461.8972727272727
C04284,29,5077.71,175.09344827586207
C00884,16,5075.42,317.21375
C04236,37,5072.3,137.0891891891892
C00959,6,5071.8,845.3000000000001
C02973,34,5064.57,148.95794117647057
C03696,11,5059.240000000001,459.93090909090915
C03051,24,5059.110000000001,210.79625000000001
C04773,46,5057.93,109.95500000000001
C02212,14,5048.58,360.61285714285714
C01979,17,5048.110000000001,296.9476470588236
C00455,34,5039.41,148.2179411764706
C04076,16,5033.62,314.60125
C04268,6,5033.57,838.9283333333333
C00882,22,5029.5,228.61363636363637
C04228,36,5029.09,139.69694444444445
C04045,15,5027.36,335.1573333333333
C03495,33,5023.55,152.2287878787879
C02514,14,5021.35,358.66785714285714
C01170,26,5014.68,192.87230769230771
C00248,15,5000.84,333.38933333333335
C04775,23,4991.93,217.0404347826087
C04150,12,4983.38,415.2816666666667
C04929,13,4980.64,383.1261538461539
C00231,23,4976.1900000000005,216.35608695652175
C02178,19,4971.0,261.63157894736844
C02234,14,4967.110000000001,354.79357142857145
C01705,11,4965.38,451.39818181818185
C00378,15,4965.27,331.01800000000003
C03755,12,4951.89,412.6575
C01261,30,4930.06,164.33533333333335
C01071,34,4920.34,144.71588235294118
C04189,41,4910.05,119.75731707317074
C03263,32,4902.82,153.213125
C02159,5,4892.22,978.4440000000001
C03379,7,4882.5599999999995,697.5085714285714
C04209,8,4875.01,609.37625
C02257,27,4860.52,180.0192592592593
C00290,30,4850.62,161.68733333333333
C03794,36,4833.39,134.26083333333335
C03218,19,4821.8,253.77894736842106
C02280,11,4812.22,437.4745454545455
C00027,13,4797.42,369.0323076923077
C03571,20,4791.0,239.55
C04542,14,4786.48,341.89142857142855
C02321,27,4771.84,176.73481481481483
C02305,9,4766.13,529.57
C04936,32,4760.75,148.7734375
C00519,28,4757.78,169.92071428571427
C00555,33,4757.22,144.15818181818182
C03724,7,4745.7699999999995,677.9671428571428
C00041,16,4739.74,296.23375
C00291,23,4735.27,205.8813043478261
C01646,12,4733.18,394.4316666666667
C03804,34,4729.87,139.11382352941177
C03225,35,4722.9,134.94
C04165,13,4713.27,362.5592307692308
C01547,14,4709.56,336.3971428571429
C00917,26,4709.4400000000005,181.1323076923077
C04372,27,4709.37,174.42111111111112
C00145,6,4697.04,782.84
C02360,33,4690.99,142.15121212121213
C00671,13,4689.3099999999995,360.7161538461538
C01958,22,4687.22,213.05545454545455
C04947,36,4685.76,130.16
C01040,16,4684.89,292.805625
C02380,10,4671.86,467.186
C03124,12,4668.37,389.0308333333333
C01007,20,4665.13,233.25650000000002
C04257,23,4656.33,202.4491304347826
C01994,17,4648.67,273.4511764705882
C00825,11,4636.9800000000005,421.5436363636364
C04167,14,4632.46,330.89
C03993,32,4631.75,144.7421875
C00662,12,4627.63,385.6358333333333
C02730,22,4625.15,210.2340909090909
C04918,6,4624.29,770.715
C00624,7,4619.29,659.8985714285715
C02447,34,4618.34,135.83352941176472
C03185,17,4616.01,271.53000000000003
C01270,3,4611.99,1537.33
C04536,34,4611.91,135.64441176470586
C02758,18,4609.04,256.0577777777778
C01041,15,4607.61,307.174
C01912,23,4583.52,199.28347826086957
C00849,15,4578.35,305.22333333333336
C01086,21,4572.56,217.7409523809524
C00687,16,4565.17,285.323125
C02791,32,4564.7300000000005,142.64781250000001
C02659,23,4561.67,198.33347826086955
C02626,9,4552.76,505.8622222222223
C03735,14,4552.7,325.1928571428571
C00298,29,4545.9800000000005,156.75793103448277
C03751,21,4541.98,216.2847619047619
C01436,20,4541.68,227.084
C03870,13,4538.75,349.13461538461536
C02186,27,4535.94,167.99777777777777
C02317,35,4531.64,129.47542857142858
C03732,20,4531.31,226.56550000000001
C04320,19,4529.01,238.36894736842106
C04277,10,4527.69,452.76899999999995
C03972,30,4525.1,150.83666666666667
C02099,28,4519.91,161.42535714285714
C03879,31,4508.45,145.43387096774194
C04213,11,4500.37,409.12454545454545
C02501,11,4495.76,408.7054545454546
C00084,21,4495.75,214.08333333333334
C00741,34,4495.08,132.20823529411766
C04977,7,4478.95,639.85
C04126,34,4468.85,131.43676470588235
C00643,20,4458.04,222.902
C01685,19,4456.99,234.57842105263157
C01380,6,4456.8099999999995,742.8016666666666
C03526,8,4434.8,554.35
C01636,4,4430.62,1107.655
C04183,14,4424.77,316.055
C03184,31,4424.3,142.71935483870968
C00153,25,4422.67,176.9068
C04182,27,4419.12,163.67111111111112
C04617,27,4411.89,163.40333333333334
C02992,20,4407.110000000001,220.35550000000003
C03781,20,4407.01,220.3505
C01020,15,4392.78,292.852
C00863,16,4391.639999999999,274.47749999999996
C01991,23,4389.28,190.8382608695652
C00724,10,4387.53,438.753
C02506,27,4378.0199999999995,162.14888888888888
C04650,10,4375.6900000000005,437.5690000000001
C00138,12,4374.34,364.52833333333336
C00002,11,4361.54,396.50363636363636
C02330,6,4361.26,726.8766666666667
C00679,19,4357.2,229.32631578947368
C00035,3,4355.29,1451.7633333333333
C01482,35,4353.53,124.38657142857141
C04214,20,4350.77,217.53850000000003
C02700,17,4346.68,255.68705882352944
C02086,25,4341.41,173.6564
C01090,11,4339.59,394.5081818181818
C00710,11,4333.77,393.9790909090909
C02802,6,4322.59,720.4316666666667
C03686,14,4319.76,308.55428571428575
C03306,13,4315.3,331.94615384615383
C00735,30,4312.11,143.737
C02453,26,4307.18,165.66076923076923
C02208,6,4299.7699999999995,716.6283333333332
C03169,16,4298.2,268.6375
C00995,8,4292.85,536.60625
C04620,15,4291.51,286.10066666666665
C00010,6,4285.4800000000005,714.2466666666668
C01504,12,4279.29,356.6075
C01408,35,4269.41,121.98314285714285
C01452,17,4258.780000000001,250.51647058823534
C03041,18,4257.349999999999,236.51944444444442
C02995,9,4238.02,470.8911111111112
C02351,28,4237.84,151.35142857142858
C02233,30,4236.8099999999995,141.22699999999998
C01800,17,4234.96,249.11529411764707
C03201,28,4231.29,151.1175
C03843,26,4223.94,162.45923076923074
C03389,5,4223.85,844.7700000000001
C04190,6,4221.610000000001,703.6016666666668
C03435,18,4221.51,234.52833333333334
C01833,9,4220.42,468.93555555555554
C04497,9,4218.38,468.7088888888889
C02878,15,4218.33,281.222
C04043,23,4212.46,183.1504347826087
C04386,20,4209.43,210.47150000000002
C03523,28,4208.82,150.315
C00984,8,4204.59,525.57375
C00766,24,4200.9,175.0375
C03607,43,4199.77,97.66906976744187
C00844,12,4197.62,349.8016666666667
C00109,21,4184.41,199.25761904761904
C02277,12,4169.37,347.4475
C00136,26,4161.11,160.0426923076923
C00462,26,4149.62,159.60076923076923
C00057,8,4145.55,518.19375
C04615,7,4141.43,591.6328571428572
C03955,30,4132.57,137.75233333333333
C04682,21,4125.94,196.4733333333333
C00935,21,4124.95,196.42619047619047
C03254,7,4120.21,588.6014285714285
C03300,17,4114.28,242.01647058823528
C01942,9,4111.88,456.8755555555556
C04127,32,4110.79,128.4621875
C02616,8,4110.58,513.8225
C01402,25,4107.389999999999,164.29559999999998
C03455,22,4105.74,186.62454545454545
C00253,11,4103.55,373.05
C02647,14,4103.53,293.1092857142857
C02068,19,4103.01,215.94789473684213
C02803,26,4098.9,157.64999999999998
C00573,9,4093.79,454.86555555555555
C02741,36,4092.62,113.68388888888889
C02832,8,4085.83,510.72875
C04896,7,4085.07,583.5814285714285
C02658,33,4083.69,123.74818181818182
C01039,10,4082.79,408.279
C02304,10,4082.7,408.27
C04903,13,4081.8999999999996,313.9923076923077
C04521,17,4079.4300000000003,239.96647058823532
C02193,12,4074.94,339.5783333333333
C03873,17,4057.8999999999996,238.7
C04553,11,4055.13,368.64818181818185
C02493,26,4049.7000000000003,155.7576923076923
C04790,16,4038.41,252.400625
C02011,27,4036.9300000000003,149.51592592592593
C01906,8,4034.92,504.365
C01031,15,4030.05,268.67
C03577,11,4028.5299999999997,366.22999999999996
C03280,25,4019.0,160.76
C04644,19,4014.06,211.26631578947368
C02098,13,4011.52,308.5784615384615
C01371,23,4006.93,174.21434782608694
C00259,23,4003.19,174.05173913043478
C02053,13,3993.55,307.19615384615383
C02362,31,3992.22,128.78129032258065
C00324,10,3987.39,398.739
C00270,18,3986.2799999999997,221.45999999999998
C04086,20,3976.6099999999997,198.83049999999997
C01328,14,3972.4900000000002,283.74928571428575
C00610,8,3970.48,496.31
C02457,12,3960.87,330.0725
C01809,9,3951.94,439.1044444444444
C03658,8,3937.95,492.24375
C02590,6,3931.43,655.2383333333333
C03682,27,3928.33,145.4937037037037
C00944,6,3927.5200000000004,654.5866666666667
C03935,11,3927.41,357.0372727272727
C04371,32,3925.8599999999997,122.68312499999999
C00973,21,3919.37,186.63666666666666
C04858,32,3912.86,122.276875
C01813,13,3908.15,300.6269230769231
C01609,12,3897.38,324.7816666666667
C04639,22,3895.57,177.07136363636366
C02412,22,3895.41,177.0640909090909
C01066,12,3889.14,324.09499999999997
C04840,22,3881.42,176.42818181818183
C02174,25,3879.34,155.1736
C02147,33,3875.9300000000003,117.45242424242426
C01447,26,3873.73,148.98961538461538
C03114,29,3871.93,133.51482758620688
C04849,31,3871.29,124.88032258064516
C01399,17,3868.48,227.55764705882353
C02173,19,3866.48,203.49894736842106
C04491,14,3864.07,276.005
C00292,21,3858.67,183.7461904761905
C02035,37,3857.69,104.26189189189189
C03490,12,3853.37,321.1141666666667
C00925,27,3852.88,142.69925925925926
C00491,19,3852.35,202.75526315789475
C04663,11,3851.43,350.13
C02346,18,3844.6,213.58888888888887
C03709,8,3842.0499999999997,480.25624999999997
C02391,13,3838.3,295.25384615384615
C04176,9,3837.79,426.4211111111111
C04871,8,3829.4700000000003,478.68375000000003
C04374,24,3820.91,159.20458333333332
C03799,8,3818.6,477.325
C03179,29,3818.0,131.6551724137931
C03833,8,3812.44,476.555
C03525,15,3808.23,253.882
C00050,40,3806.34,95.1585
C00732,27,3803.71,140.87814814814814
C03659,23,3800.05,165.2195652173913
C03859,21,3799.6200000000003,180.93428571428572
C04745,23,3799.55,165.19782608695652
C01251,21,3798.6,180.88571428571427
C03345,19,3797.97,199.89315789473685
C04352,29,3796.98,130.9303448275862
C00924,15,3796.35,253.09
C03463,21,3793.33,180.6347619047619
C02564,13,3789.13,291.47153846153844
C02214,14,3786.38,270.4557142857143
C03503,13,3785.4,291.18461538461537
C03427,17,3781.94,222.4670588235294
C03318,19,3781.69,199.0363157894737
C00376,23,3780.96,164.3895652173913
C04052,15,3777.03,251.80200000000002
C02665,7,3775.34,539.3342857142858
C03851,6,3771.68,628.6133333333333
C01560,12,3769.8,314.15000000000003
C00746,5,3766.9600000000005,753.392
C00590,23,3761.46,163.5417391304348
C00512,16,3760.35,235.021875
C02652,10,3755.5,375.55
C02298,28,3746.84,133.81571428571428
C04737,19,3742.56,196.97684210526316
C01046,2,3738.99,1869.495
C02223,5,3732.65,746.53
C02448,11,3731.72,339.24727272727273
C01637,4,3727.43,931.8575
C01822,11,3718.33,338.03
C04869,6,3713.54,618.9233333333333
C04523,12,3710.0699999999997,309.17249999999996
C02228,21,3703.85,176.3738095238095
C00927,13,3702.44,284.8030769230769
C00207,31,3701.5699999999997,119.40548387096773
C01818,8,3699.6099999999997,462.45124999999996
C01133,21,3697.0099999999998,176.04809523809521
C01341,8,3695.4900000000002,461.93625000000003
C02324,21,3685.4500000000003,175.49761904761905
C03723,13,3684.25,283.40384615384613
C04291,31,3683.88,118.83483870967743
C00204,26,3672.7799999999997,141.26076923076923
C01220,30,3672.7200000000003,122.424
C01849,9,3662.5099999999998,406.94555555555553
C02384,30,3660.69,122.023
C00305,27,3660.22,135.5637037037037
C01030,8,3658.52,457.315
C01043,18,3656.77,203.1538888888889
C02462,5,3653.67,730.734
C02691,17,3652.32,214.84235294117647
C01403,24,3632.3500000000004,151.3479166666667
C03242,6,3630.52,605.0866666666667
C00620,23,3629.7200000000003,157.81391304347827
C01505,5,3627.73,725.546
C01750,15,3626.54,241.76933333333332
C03811,9,3626.1400000000003,402.9044444444445
C04765,10,3625.81,362.581
C01627,10,3623.4300000000003,362.343
C02811,11,3622.23,329.2936363636364
C02914,9,3622.1400000000003,402.46000000000004
C04541,20,3619.1,180.95499999999998
C02581,17,3618.7599999999998,212.86823529411762
C04789,18,3613.76,200.76444444444445
C03594,23,3609.75,156.94565217391303
C00968,26,3603.62,138.60076923076923
C02513,21,3603.6,171.6
C00390,10,3602.27,360.227
C04691,10,3594.44,359.444
C01883,6,3573.01,595.5016666666667
C04080,11,3569.2599999999998,324.4781818181818
C03848,15,3568.64,237.90933333333334
C00587,22,3567.08,162.14
C03793,17,3566.28,209.78117647058824
C01105,22,3561.92,161.90545454545455
C02882,19,3560.48,187.39368421052632
C01714,15,3559.23,237.282
C01229,22,3558.44,161.74727272727273
C01598,18,3555.5600000000004,197.53111111111113
C04498,8,3552.8900000000003,444.11125000000004
C01688,20,3552.09,177.6045
C02494,9,3549.39,394.37666666666667
C02559,12,3546.3,295.52500000000003
C04281,29,3545.95,122.27413793103447
C03656,19,3540.41,186.33736842105262
C04864,5,3537.31,707.462
C01850,23,3533.74,153.64086956521737
C02322,25,3533.39,141.3356
C03929,15,3527.67,235.178
C04754,10,3524.9300000000003,352.49300000000005
C04767,4,3520.32,880.08
C01507,17,3512.17,206.59823529411764
C00978,11,3510.09,319.09909090909093
C00809,20,3503.58,175.179
C00783,13,3503.31,269.4853846153846
C01001,24,3500.17,145.84041666666667
C02887,22,3491.96,158.72545454545454
C03047,5,3491.94,698.388
C04192,11,3489.19,317.1990909090909
C02335,8,3488.87,436.10875
C03401,21,3488.46,166.11714285714285
C00856,11,3477.8199999999997,316.1654545454545
C03186,25,3475.68,139.0272
C02941,16,3473.84,217.115
C01568,31,3473.28,112.04129032258065
C00395,18,3472.1800000000003,192.8988888888889
C00938,24,3471.19,144.63291666666666
C00601,8,3470.96,433.87
C01044,29,3457.8599999999997,119.23655172413793
C00908,19,3457.5899999999997,181.97842105263157
C00841,18,3455.0699999999997,191.94833333333332
C03314,10,3453.2400000000002,345.324
C01899,16,3449.77,215.610625
C01894,21,3443.85,163.99285714285713
C02444,16,3441.62,215.10125
C03623,11,3439.6000000000004,312.69090909090914
C04587,18,3437.78,190.98777777777778
C03970,23,3432.83,149.25347826086957
C04465,17,3430.95,201.8205882352941
C04480,11,3422.86,311.1690909090909
C02217,29,3415.2400000000002,117.76689655172414
C01694,15,3415.23,227.682
C04042,15,3409.23,227.282
C02413,4,3409.02,852.255
C01972,17,3408.96,200.52705882352942
C00028,14,3404.9700000000003,243.21214285714288
C00983,20,3403.8900000000003,170.1945
C03939,5,3401.6400000000003,680.3280000000001
C03018,11,3397.31,308.8463636363636
C00442,19,3395.52,178.71157894736842
C03700,11,3392.83,308.4390909090909
C00341,24,3388.35,141.18125
C04544,6,3388.0499999999997,564.675
C03549,22,3387.2400000000002,153.96545454545455
C01356,18,3387.02,188.1677777777778
C00507,10,3383.51,338.351
C04410,23,3382.67,147.07260869565218
C03414,15,3379.62,225.308
C04991,9,3376.67,375.18555555555554
C00640,13,3374.8,259.6
C02872,5,3373.6499999999996,674.7299999999999
C04704,13,3372.18,259.3984615384615
C01218,12,3368.02,280.66833333333335
C01289,3,3367.51,1122.5033333333333
C01617,14,3365.09,240.36357142857145
C02750,19,3363.18,177.00947368421052
C02483,9,3363.0499999999997,373.6722222222222
C03024,18,3360.76,186.7088888888889
C02861,10,3359.1899999999996,335.919
C03600,6,3359.11,559.8516666666667
C04501,16,3353.84,209.615
C01491,37,3353.2400000000002,90.62810810810811
C02002,4,3350.95,837.7375
C01401,4,3346.16,836.54
C00312,4,3345.39,836.3475
C00268,27,3343.7200000000003,123.8414814814815
C04035,25,3341.4300000000003,133.65720000000002
C00392,21,3340.95,159.09285714285713
C04235,22,3333.64,151.5290909090909
C01079,19,3332.83,175.41210526315788
C04047,11,3332.42,302.9472727272727
C00296,20,3331.79,166.5895
C00299,14,3328.34,237.73857142857145
C03066,9,3325.06,369.4511111111111
C03208,28,3324.9,118.74642857142858
C04365,11,3324.71,302.24636363636364
C03536,19,3320.48,174.7621052631579
C03913,13,3318.88,255.29846153846154
C03680,13,3318.86,255.2969230769231
C01254,12,3311.52,275.96
C01191,6,3308.94,551.49
C02923,22,3306.37,150.28954545454545
C01888,11,3297.95,299.81363636363636
C01185,21,3289.2,156.62857142857143
C04188,24,3287.8,136.99166666666667
C00492,16,3286.32,205.395
C03343,21,3280.2400000000002,156.20190476190479
C02754,16,3279.4,204.9625
C03038,24,3278.9900000000002,136.62458333333333
C01330,28,3267.42,116.69357142857143
C03313,20,3266.72,163.33599999999998
C04341,16,3262.4,203.9
C03412,13,3256.07,250.46692307692308
C01932,8,3254.98,406.8725
C04699,18,3251.5,180.63888888888889
C03173,12,3250.95,270.91249999999997
C01777,14,3250.85,232.20357142857142
C00574,16,3250.23,203.139375
C02014,6,3244.96,540.8266666666667
C03209,24,3243.5,135.14583333333334
C01656,8,3236.3,404.5375
C02439,7,3235.6200000000003,462.23142857142864
C03222,22,3235.45,147.0659090909091
C01602,11,3231.19,293.74454545454546
C01926,23,3227.62,140.3313043478261
C02067,14,3226.09,230.435
C00489,16,3223.47,201.466875
C01054,11,3222.19,292.92636363636365
C00018,28,3221.85,115.06607142857142
C03891,17,3221.41,189.49470588235295
C03662,14,3213.36,229.5257142857143
C03000,13,3210.74,246.98
C02509,11,3210.02,291.82
C04114,7,3206.15,458.0214285714286
C00236,16,3206.05,200.378125
C03331,14,3204.8,228.91428571428574
C02427,19,3203.0699999999997,168.58263157894734
C00164,19,3202.81,168.56894736842105
C03504,11,3200.39,290.94454545454545
C04178,26,3199.47,123.05653846153845
C01169,10,3192.07,319.207
C04266,14,3190.22,227.87285714285713
C03348,12,3188.63,265.7191666666667
C04106,22,3187.5699999999997,144.88954545454544
C02281,6,3187.04,531.1733333333333
C00123,17,3185.4,187.3764705882353
C00815,30,3182.0299999999997,106.06766666666665
C04413,8,3180.61,397.57625
C00991,17,3180.45,187.08529411764704
C03352,23,3180.32,138.27478260869566
C00352,22,3177.27,144.42136363636362
C04056,13,3177.16,244.39692307692306
C03908,20,3174.66,158.733
C00185,7,3168.89,452.6985714285714
C02358,19,3167.27,166.69842105263157
C00193,16,3164.91,197.806875
C04406,17,3155.6800000000003,185.62823529411767
C01386,19,3154.0099999999998,166.00052631578947
C01385,9,3151.5299999999997,350.16999999999996
C00275,14,3148.75,224.91071428571428
C02303,6,3148.19,524.6983333333334
C00511,19,3147.83,165.67526315789473
C01186,18,3141.61,174.5338888888889
C01911,10,3140.8900000000003,314.08900000000006
C01200,24,3133.95,130.58124999999998
C01221,13,3131.65,240.89615384615385
C02005,16,3128.37,195.523125
C02548,23,3125.9100000000003,135.9091304347826
C00093,5,3124.84,624.9680000000001
C00895,13,3121.7799999999997,240.13692307692307
C04112,12,3120.9,260.075
C02165,23,3119.95,135.65
C00342,18,3117.87,173.215
C04299,17,3114.0299999999997,183.17823529411763
C01490,5,3112.89,622.578
C01954,18,3112.33,172.90722222222223
C02188,16,3111.83,194.489375
C03130,13,3110.9700000000003,239.30538461538464
C04814,13,3109.01,239.1546153846154
C01264,19,3108.4900000000002,163.60473684210527
C02216,14,3105.63,221.8307142857143
C02066,12,3101.66,258.47166666666664
C02601,6,3099.78,516.63
C01022,12,3099.42,258.285
C03311,13,3096.63,238.2023076923077
C01654,26,3094.81,119.03115384615384
C04143,15,3092.39,206.15933333333334
C02334,14,3091.66,220.83285714285714
C01966,17,3089.75,181.75
C00426,20,3089.4900000000002,154.4745
C02455,19,3087.9900000000002,162.52578947368423
C04585,20,3083.12,154.156
C04701,18,3080.59,171.1438888888889
C03646,16,3079.52,192.47
C00861,16,3078.95,192.434375
C00177,9,3072.05,341.3388888888889
C02292,8,3068.6499999999996,383.58124999999995
C03599,20,3068.3199999999997,153.416
C03026,18,3059.23,169.9572222222222
C01275,18,3053.1099999999997,169.6172222222222
C01529,19,3049.48,160.49894736842106
C03316,21,3047.43,145.1157142857143
C02840,20,3046.91,152.3455
C02341,11,3046.4999999999995,276.95454545454544
C03636,26,3043.07,117.04115384615385
C00284,8,3042.58,380.3225
C00125,19,3041.63,160.08578947368423
C01973,16,3041.33,190.083125
C00794,22,3039.48,138.15818181818182
C00150,22,3037.33,138.06045454545455
C00892,11,3032.88,275.71636363636367
C04505,14,3032.05,216.57500000000002
C04718,16,3031.2200000000003,189.45125000000002
C02792,27,3030.89,112.25518518518518
C00005,20,3029.58,151.47899999999998
C03619,20,3029.13,151.4565
C01089,6,3027.14,504.5233333333333
C00579,21,3025.2599999999998,144.06
C03391,21,3019.28,143.7752380952381
C02070,8,3019.15,377.39375
C01438,7,3009.03,429.8614285714286
C04756,13,3005.88,231.22153846153847
C03511,15,2997.12,199.808
C04342,18,2996.67,166.48166666666668
C03303,2,2995.66,1497.83
C00954,23,2993.02,130.13130434782607
C02378,18,2989.84,166.10222222222222
C04600,17,2987.62,175.74235294117648
C01865,16,2984.21,186.513125
C02865,8,2970.2,371.275
C00711,6,2966.5299999999997,494.4216666666666
C01014,23,2965.09,128.91695652173914
C01552,6,2961.87,493.645
C03096,26,2952.99,113.57653846153845
C03138,21,2952.65,140.60238095238097
C02182,11,2951.54,268.3218181818182
C00191,17,2949.9,173.5235294117647
C01321,8,2949.28,368.66
C03893,16,2947.18,184.19875
C00411,11,2946.88,267.89818181818185
C00333,14,2941.14,210.08142857142857
C03310,23,2939.76,127.81565217391305
C00448,18,2936.98,163.16555555555556
C01642,18,2932.4700000000003,162.91500000000002
C00345,10,2932.01,293.201
C00385,8,2926.42,365.8025
C02521,16,2925.72,182.8575
C03118,22,2912.45,132.3840909090909
C01073,12,2910.36,242.53
C03909,18,2908.54,161.58555555555554
C02237,13,2904.86,223.45076923076925
C01548,14,2904.35,207.45357142857142
C01709,10,2899.55,289.95500000000004
C03131,6,2897.23,482.87166666666667
C04419,23,2892.57,125.76391304347827
C02138,14,2891.1,206.50714285714284
C04449,9,2889.53,321.05888888888893
C02619,11,2887.71,262.5190909090909
C00069,16,2887.51,180.469375
C02349,17,2886.86,169.81529411764706
C00761,15,2880.35,192.02333333333334
C03930,9,2879.95,319.9944444444444
C04399,15,2878.91,191.92733333333334
C00199,13,2878.34,221.41076923076923
C04484,24,2875.75,119.82291666666667
C00098,17,2875.74,169.16117647058823
C01032,20,2875.2200000000003,143.76100000000002
C00523,20,2872.77,143.6385
C00447,16,2869.22,179.32625
C01663,15,2867.59,191.1726666666667
C00911,13,2866.76,220.52
C01355,20,2866.46,143.323
C02916,27,2861.69,105.98851851851852
C01166,12,2861.48,238.45666666666668
C01250,16,2860.4700000000003,178.77937500000002
C02118,16,2852.1800000000003,178.26125000000002
C03743,14,2851.88,203.7057142857143
C01561,18,2850.46,158.35888888888888
C00667,16,2849.19,178.074375
C02763,27,2848.8199999999997,105.51185185185184
C03419,11,2847.45,258.85909090909087
C02176,11,2846.68,258.7890909090909
C01918,4,2842.52,710.63
C04688,6,2840.85,473.47499999999997
C04256,14,2840.1099999999997,202.86499999999998
C01766,11,2840.03,258.18454545454546
C04227,13,2839.16,218.39692307692306
C03443,15,2838.97,189.26466666666664
C01882,12,2837.31,236.4425
C00131,17,2832.39,166.61117647058822
C04252,19,2830.4,148.96842105263158
C02045,16,2828.19,176.761875
C02933,8,2824.21,353.02625
C03539,19,2823.26,148.5926315789474
C01021,11,2817.6499999999996,256.15
C03089,6,2814.5699999999997,469.09499999999997
C01768,9,2813.9,312.65555555555557
C04012,16,2810.06,175.62875
C00635,15,2809.47,187.29799999999997
C00337,14,2808.52,200.60857142857142
C02273,14,2806.95,200.49642857142857
C03780,9,2806.77,311.86333333333334
C03760,17,2799.7999999999997,164.69411764705882
C02049,17,2799.02,164.64823529411765
C04657,19,2798.08,147.26736842105262
C01782,16,2794.58,174.66125
C02903,18,2794.57,155.2538888888889
C01420,15,2789.2599999999998,185.95066666666665
C02891,20,2788.9,139.445
C00799,8,2782.89,347.86125
C02093,16,2781.89,173.868125
C00604,3,2780.97,926.9899999999999
C02496,10,2780.26,278.026
C03031,7,2778.74,396.9628571428571
C04734,8,2778.6,347.325
C01003,16,2777.6099999999997,173.60062499999998
C04187,28,2773.79,99.06392857142858
C03071,24,2773.0099999999998,115.54208333333332
C03790,5,2771.96,554.392
C03448,13,2768.9,212.9923076923077
C02463,22,2766.81,125.76409090909091
C02194,15,2766.73,184.44866666666667
C02738,9,2763.78,307.0866666666667
C01366,18,2762.87,153.49277777777777
C04005,15,2758.33,183.88866666666667
C02571,14,2754.82,196.77285714285716
C04029,6,2753.98,458.99666666666667
C01952,17,2752.27,161.89823529411765
C00864,10,2750.98,275.098
C03852,11,2749.25,249.9318181818182
C03067,7,2748.21,392.6014285714286
C01565,8,2745.73,343.21625
C04028,18,2744.42,152.46777777777777
C02974,21,2743.46,130.64095238095237
C04276,11,2743.4,249.4
C02060,19,2740.83,144.25421052631577
C02931,13,2740.06,210.77384615384614
C04739,20,2739.04,136.952
C03983,6,2737.03,456.1716666666667
C01581,8,2730.42,341.3025
C03837,20,2724.85,136.2425
C00583,19,2721.71,143.2478947368421
C03699,19,2720.26,143.17157894736843
C00370,9,2714.85,301.65
C00619,27,2712.6800000000003,100.46962962962964
C00703,19,2709.24,142.59157894736842
C03288,6,2708.95,451.4916666666666
C03839,17,2706.9300000000003,159.23117647058825
C01292,18,2702.2400000000002,150.12444444444446
C02130,17,2700.0499999999997,158.82647058823528
C03206,5,2698.87,539.774
C02340,21,2697.16,128.43619047619046
C04736,16,2694.4700000000003,168.40437500000002
C02892,15,2694.27,179.618
C02631,13,2691.97,207.07461538461536
C02952,24,2685.6,111.89999999999999
C03456,14,2684.68,191.76285714285714
C00230,18,2683.5699999999997,149.0872222222222
C04882,18,2683.27,149.07055555555556
C03393,13,2682.79,206.36846153846153
C04804,8,2682.59,335.32375
C01068,13,2681.81,206.2930769230769
C00894,14,2677.43,191.24499999999998
C04714,12,2674.28,222.85666666666668
C00091,22,2673.15,121.50681818181819
C04075,21,2670.5099999999998,127.16714285714285
C01478,9,2669.3199999999997,296.5911111111111
C03398,19,2668.16,140.4294736842105
C04726,10,2667.59,266.759
C04224,8,2667.4300000000003,333.42875000000004
C01443,22,2666.74,121.21545454545453
C00439,10,2666.67,266.66700000000003
C02908,14,2666.32,190.45142857142858
C01887,9,2665.37,296.15222222222224
C02944,14,2661.56,190.11142857142858
C00854,18,2660.5099999999998,147.8061111111111
C03531,23,2659.17,115.61608695652174
C00558,8,2658.69,332.33625
C02141,7,2658.68,379.81142857142856
C01473,12,2656.06,221.33833333333334
C03167,20,2656.04,132.802
C02259,19,2653.88,139.67789473684212
C01783,13,2653.42,204.10923076923078
C00750,13,2651.6800000000003,203.97538461538463
C02242,21,2649.17,126.15095238095239
C01252,17,2647.67,155.74529411764706
C00650,17,2647.54,155.73764705882354
C00633,18,2645.84,146.9911111111111
C03231,5,2645.81,529.162
C02895,14,2645.7599999999998,188.9828571428571
C00472,4,2643.22,660.805
C04556,11,2639.73,239.97545454545454
C03378,7,2639.43,377.06142857142856
C00985,28,2638.3,94.22500000000001
C04363,13,2636.2,202.78461538461536
C02583,19,2634.9300000000003,138.68052631578948
C04368,8,2631.27,328.90875
C02702,12,2629.0899999999997,219.0908333333333
C03927,15,2627.7200000000003,175.18133333333336
C02668,17,2627.65,154.56764705882352
C04664,22,2627.5,119.43181818181819
C01069,9,2624.73,291.63666666666666
C02421,14,2624.25,187.44642857142858
C01161,22,2621.88,119.17636363636365
C04700,8,2620.9,327.6125
C04219,11,2619.21,238.11
C03934,24,2618.3599999999997,109.09833333333331
C04155,9,2616.58,290.7311111111111
C00605,16,2611.01,163.188125
C01975,7,2610.7599999999998,372.9657142857142
C02936,8,2608.92,326.115
C00516,22,2608.17,118.55318181818183
C03321,16,2607.89,162.993125
C04873,17,2606.77,153.3394117647059
C04684,16,2601.9,162.61875
C02810,18,2600.05,144.44722222222222
C00630,12,2599.11,216.5925
C00726,17,2599.0499999999997,152.88529411764705
C02637,8,2596.7799999999997,324.59749999999997
C01111,11,2592.26,235.66000000000003
C01147,10,2591.14,259.114
C04679,20,2589.15,129.4575
C04854,11,2588.18,235.2890909090909
C02711,25,2582.77,103.3108
C04218,9,2582.56,286.9511111111111
C00538,19,2582.24,135.9073684210526
C02596,13,2581.44,198.5723076923077
C03296,12,2580.58,215.04833333333332
C04919,11,2580.39,234.58090909090907
C04821,17,2579.33,151.72529411764705
C02274,12,2579.07,214.9225
C03014,6,2573.02,428.83666666666664
C02572,2,2572.78,1286.39
C01306,14,2572.51,183.7507142857143
C01541,9,2572.27,285.8077777777778
C04205,25,2571.56,102.8624
C04375,7,2571.5099999999998,367.3585714285714
C04605,11,2566.51,233.31909090909093
C02379,9,2564.35,284.92777777777775
C00875,15,2560.2599999999998,170.684
C00117,12,2560.0499999999997,213.33749999999998
C04287,10,2559.61,255.961
C03305,12,2557.34,213.11166666666668
C00709,11,2557.3199999999997,232.48363636363635
C00413,12,2552.4,212.70000000000002
C00736,16,2552.3700000000003,159.52312500000002
C03106,6,2550.69,425.115
C02331,9,2550.25,283.3611111111111
C00038,4,2544.94,636.235
C03271,6,2543.67,423.945
C02813,9,2543.12,282.56888888888886
C01124,20,2540.59,127.02950000000001
C03825,18,2539.84,141.10222222222222
C03044,5,2538.58,507.716
C00992,9,2538.05,282.0055555555556
C01832,12,2533.71,211.1425
C02361,5,2530.5299999999997,506.10599999999994
C02681,13,2530.11,194.62384615384616
C01103,9,2529.23,281.02555555555557
C04475,7,2528.1099999999997,361.1585714285714
C03628,16,2526.9,157.93125
C03497,19,2526.36,132.9663157894737
C00054,20,2526.29,126.3145
C01481,8,2524.98,315.6225
C03971,16,2523.86,157.74125
C01486,14,2518.56,179.89714285714285
C03236,21,2517.81,119.89571428571428
C03957,5,2515.32,503.064
C00218,17,2512.95,147.8205882352941
C01336,13,2512.81,193.2930769230769
C04916,12,2503.96,208.66333333333333
C00664,23,2503.3,108.83913043478262
C01413,16,2502.76,156.4225
C03892,6,2496.53,416.08833333333337
C00435,19,2492.12,131.16421052631577
C00888,13,2487.34,191.33384615384617
C00354,7,2486.2599999999998,355.17999999999995
C03180,10,2483.46,248.346
C01059,11,2483.16,225.74181818181816
C01711,8,2482.07,310.25875
C02696,15,2480.64,165.376
C00934,8,2477.7400000000002,309.71750000000003
C00921,15,2475.8,165.05333333333334
C00029,13,2472.88,190.22153846153847
C00602,13,2472.8,190.21538461538464
C01893,15,2472.7599999999998,164.85066666666665
C04157,15,2472.41,164.8273333333333
C04580,9,2472.24,274.6933333333333
C03163,18,2471.58,137.31
C00350,19,2470.62,130.03263157894736
C02512,4,2469.69,617.4225
C04616,5,2467.7200000000003,493.54400000000004
C01236,22,2467.46,112.15727272727273
C03052,17,2467.05,145.12058823529412
C04272,9,2466.44,274.0488888888889
C02127,12,2466.12,205.51
C02261,11,2466.06,224.18727272727273
C04477,8,2464.7,308.0875
C04908,22,2463.76,111.98909090909092
C01163,9,2462.52,273.61333333333334
C01310,12,2462.45,205.20416666666665
C03492,19,2462.24,129.59157894736842
C03293,5,2461.44,492.288
C04721,5,2460.47,492.09399999999994
C00510,16,2459.35,153.709375
C02574,16,2457.09,153.568125
C03500,10,2451.91,245.19099999999997
C02582,9,2451.4,272.3777777777778
C04981,7,2450.1800000000003,350.02571428571434
C04581,21,2448.78,116.60857142857144
C00473,25,2444.65,97.786
C03801,16,2442.46,152.65375
C01456,9,2440.9,271.2111111111111
C00421,11,2440.4300000000003,221.85727272727274
C03642,14,2439.57,174.25500000000002
C00506,24,2438.61,101.60875
C04522,6,2436.04,406.00666666666666
C04199,13,2436.02,187.38615384615383
C03644,20,2435.41,121.7705
C02286,18,2434.52,135.2511111111111
C03917,21,2433.49,115.88047619047617
C02816,9,2432.25,270.25
C02485,17,2431.07,143.00411764705882
C00784,8,2430.86,303.8575
C02667,15,2428.73,161.91533333333334
C02946,6,2428.5,404.75
C00485,11,2424.78,220.43454545454549
C02153,16,2421.7999999999997,151.36249999999998
C00086,15,2420.31,161.35399999999998
C01946,11,2420.09,220.00818181818184
C03215,15,2419.5299999999997,161.302
C00219,18,2416.6800000000003,134.26000000000002
C03479,15,2415.32,161.02133333333333
C02921,3,2414.81,804.9366666666666
C03459,17,2414.0699999999997,142.00411764705882
C00977,7,2410.5099999999998,344.3585714285714
C04559,14,2409.32,172.09428571428572
C00598,12,2407.98,200.665
C02972,11,2407.16,218.83272727272725
C04339,14,2405.64,171.83142857142857
C01538,15,2399.56,159.97066666666666
C01444,15,2399.2400000000002,159.94933333333336
C00158,13,2399.21,184.55461538461537
C02562,5,2399.14,479.828
C02907,25,2397.78,95.91120000000001
C03289,12,2397.43,199.78583333333333
C02834,12,2395.87,199.65583333333333
C01344,13,2395.21,184.24692307692308
C01004,13,2394.82,184.21692307692308
C02083,18,2392.85,132.9361111111111
C01227,8,2391.44,298.93
C04965,8,2389.0299999999997,298.62874999999997
C01582,5,2385.37,477.07399999999996
C00631,12,2384.71,198.72583333333333
C04666,9,2383.26,264.8066666666667
C01087,9,2382.71,264.74555555555554
C02229,23,2379.66,103.46347826086956
C00139,9,2378.03,264.22555555555556
C01323,10,2377.8,237.78000000000003
C01940,16,2375.1,148.44375
C02938,19,2374.76,124.98736842105264
C03805,21,2374.09,113.05190476190477
C00681,13,2373.75,182.59615384615384
C00148,11,2373.23,215.74818181818182
C04295,7,2372.69,338.9557142857143
C00247,11,2372.2200000000003,215.65636363636366
C00274,11,2364.34,214.94000000000003
C04474,17,2363.24,139.0141176470588
C00194,14,2362.16,168.72571428571428
C01612,9,2360.49,262.27666666666664
C04090,23,2357.56,102.50260869565217
C01036,9,2357.48,261.9422222222222
C01666,8,2356.24,294.53
C03360,10,2355.89,235.589
C04208,19,2355.79,123.98894736842105
C04761,8,2353.79,294.22375
C02649,11,2353.39,213.94454545454545
C01936,17,2350.98,138.29294117647058
C02787,13,2349.33,180.7176923076923
C02569,14,2349.19,167.79928571428573
C03722,13,2347.18,180.5523076923077
C04379,15,2345.65,156.37666666666667
C01649,10,2344.08,234.408
C02476,21,2343.83,111.61095238095238
C04819,14,2340.9300000000003,167.20928571428573
C00795,13,2339.73,179.97923076923078
C03606,22,2339.15,106.325
C02746,6,2338.91,389.8183333333333
C01551,15,2337.37,155.82466666666667
C04874,11,2337.06,212.46
C04053,2,2332.64,1166.32
C03812,10,2329.36,232.936
C04859,14,2326.22,166.1585714285714
C01647,8,2326.0299999999997,290.75374999999997
C02184,24,2321.98,96.74916666666667
C01297,21,2318.94,110.42571428571429
C01863,22,2318.24,105.37454545454544
C03055,8,2316.96,289.62
C03410,10,2314.7,231.46999999999997
C00067,23,2312.64,100.5495652173913
C03933,12,2311.88,192.65666666666667
C01593,6,2309.79,384.965
C01929,14,2309.79,164.98499999999999
C00797,15,2308.0699999999997,153.87133333333333
C03233,11,2307.81,209.80090909090907
C00389,8,2305.87,288.23375
C02116,8,2305.61,288.20125
C00993,15,2305.3,153.68666666666667
C01934,9,2304.77,256.0855555555556
C03508,6,2302.6400000000003,383.77333333333337
C00940,21,2301.62,109.60095238095238
C01350,15,2301.42,153.428
C01815,7,2300.84,328.6914285714286
C03560,13,2300.17,176.93615384615384
C00406,13,2297.7799999999997,176.75230769230768
C04340,9,2296.39,255.15444444444444
C04105,7,2295.48,327.92571428571426
C03161,19,2293.2,120.69473684210526
C01592,27,2292.69,84.91444444444444
C02875,22,2290.56,104.11636363636363
C04016,6,2290.1,381.68333333333334
C04200,11,2289.39,208.12636363636364
C03132,12,2289.14,190.76166666666666
C00075,5,2286.96,457.392
C04755,13,2286.86,175.9123076923077
C02266,19,2286.5299999999997,120.3436842105263
C04939,9,2283.39,253.70999999999998
C00217,15,2282.81,152.18733333333333
C04476,4,2282.35,570.5875
C02739,13,2281.23,175.47923076923078
C00102,10,2277.6600000000003,227.76600000000002
C01744,13,2276.35,175.10384615384615
C01803,6,2275.27,379.21166666666664
C04783,6,2274.9,379.15000000000003
C03043,5,2274.71,454.942
C00124,5,2272.46,454.492
C00037,19,2272.29,119.59421052631579
C02039,5,2272.11,454.422
C02868,11,2271.47,206.4972727272727
C04041,4,2270.87,567.7175
C00273,17,2270.66,133.56823529411764
C02029,10,2268.58,226.858
C02177,6,2268.08,378.0133333333333
C00152,12,2265.27,188.7725
C04969,9,2264.59,251.62111111111113
C02657,6,2264.41,377.40166666666664
C03270,18,2264.27,125.79277777777777
C00174,16,2264.19,141.511875
C02612,7,2259.41,322.7728571428571
C04203,13,2258.7,173.74615384615385
C02783,10,2257.51,225.75100000000003
C00714,14,2256.71,161.19357142857143
C00155,19,2255.95,118.73421052631578
C02100,14,2254.8199999999997,161.0585714285714
C02018,19,2254.12,118.6378947368421
C00780,11,2253.46,204.86
C04504,13,2252.36,173.25846153846155
C04952,6,2252.3399999999997,375.38999999999993
C03728,16,2250.78,140.67375
C03353,14,2246.13,160.43785714285715
C04658,15,2244.7599999999998,149.65066666666664
C03752,15,2240.59,149.37266666666667
C01713,21,2239.86,106.66000000000001
C04671,14,2237.89,159.8492857142857
C04862,15,2236.77,149.118
C04833,13,2233.72,171.82461538461536
C02342,20,2232.44,111.622
C00129,17,2232.05,131.29705882352943
C00454,16,2231.07,139.441875
C02893,1,2225.09,2225.09
C03645,13,2224.4500000000003,171.1115384615385
C03467,12,2224.26,185.35500000000002
C03016,15,2219.58,147.972
C04909,4,2216.4,554.1
C02399,21,2215.49,105.4995238095238
C01969,6,2210.94,368.49
C04651,7,2210.18,315.73999999999995
C04638,12,2205.36,183.78
C01665,15,2203.84,146.9226666666667
C00858,11,2203.54,200.32181818181817
C02749,4,2202.95,550.7375
C01749,6,2201.52,366.92
C01873,13,2201.42,169.34
C00545,19,2199.16,115.74526315789473
C04453,6,2198.5299999999997,366.4216666666666
C04089,9,2196.49,244.0544444444444
C03483,7,2196.3199999999997,313.75999999999993
C04103,5,2188.7599999999998,437.75199999999995
C01342,12,2187.2799999999997,182.2733333333333
C04885,12,2186.92,182.24333333333334
C03387,8,2183.98,272.9975
C02054,9,2183.85,242.64999999999998
C01674,16,2182.76,136.4225
C04358,7,2182.18,311.73999999999995
C02297,14,2181.16,155.79714285714286
C01150,16,2181.06,136.31625
C00070,6,2177.6,362.93333333333334
C00728,13,2172.69,167.13
C02945,10,2171.69,217.169
C04146,8,2171.56,271.445
C04242,9,2169.77,241.08555555555554
C00228,16,2163.73,135.233125
C00963,13,2163.39,166.4146153846154
C03021,19,2163.12,113.84842105263158
C03669,21,2160.88,102.89904761904762
C01650,13,2160.83,166.2176923076923
C00789,5,2160.01,432.00200000000007
C03166,10,2159.12,215.91199999999998
C04575,13,2158.61,166.0469230769231
C00947,10,2158.4300000000003,215.84300000000002
C04922,13,2156.9300000000003,165.91769230769233
C04795,20,2156.36,107.81800000000001
C04425,9,2155.17,239.46333333333334
C01841,18,2152.44,119.58
C02823,11,2152.3599999999997,195.66909090909087
C02960,12,2150.2799999999997,179.18999999999997
C04481,6,2148.79,358.13166666666666
C02690,15,2147.81,143.18733333333333
C03480,18,2147.78,119.32111111111112
C04144,13,2145.13,165.01000000000002
C04573,14,2144.27,153.16214285714287
C03803,7,2143.88,306.2685714285714
C04970,5,2143.67,428.73400000000004
C00744,21,2141.59,101.9804761904762
C04812,12,2140.5099999999998,178.3758333333333
C00769,10,2139.42,213.942
C01778,7,2139.1400000000003,305.5914285714286
C04984,14,2136.81,152.62928571428571
C04500,21,2134.1,101.62380952380951
C00982,9,2133.13,237.01444444444445
C00060,19,2132.2,112.22105263157894
C02191,17,2131.56,125.38588235294117
C03462,16,2130.38,133.14875
C04418,16,2125.09,132.818125
C04855,6,2123.9900000000002,353.9983333333334
C01772,8,2123.46,265.4325
C03230,4,2122.2,530.55
C01644,12,2121.32,176.77666666666667
C01564,13,2120.72,163.13230769230768
C01465,7,2114.01,302.0014285714286
C00363,7,2113.87,301.9814285714286
C03249,17,2113.5,124.32352941176471
C03170,18,2113.3,117.40555555555557
C02967,13,2112.56,162.5046153846154
C01583,7,2111.99,301.7128571428571
C04488,17,2111.18,124.1870588235294
C04827,15,2108.29,140.55266666666665
C03631,14,2108.17,150.58357142857145
C00548,17,2107.61,123.97705882352942
C02736,7,2107.59,301.0842857142857
C02037,6,2107.16,351.1933333333333
C00531,11,2107.12,191.5563636363636
C03451,5,2106.74,421.34799999999996
C04668,10,2104.87,210.487
C03198,16,2101.71,131.356875
C03340,14,2101.34,150.0957142857143
C00509,5,2100.15,420.03000000000003
C00325,5,2099.7200000000003,419.9440000000001
C01113,8,2099.36,262.42
C03373,8,2098.16,262.27
C03283,12,2095.68,174.64
C01084,15,2091.61,139.4406666666667
C00885,14,2089.51,149.2507142857143
C04503,10,2089.51,208.95100000000002
C03232,11,2089.23,189.93
C03542,7,2087.9,298.2714285714286
C02080,13,2087.88,160.60615384615386
C03028,10,2087.8,208.78000000000003
C00430,16,2086.33,130.395625
C04667,14,2084.8,148.91428571428574
C03946,14,2082.98,148.78428571428572
C03574,6,2081.66,346.9433333333333
C02064,14,2077.98,148.42714285714285
C03151,15,2075.52,138.368
C02196,17,2075.46,122.08588235294118
C04863,8,2074.65,259.33125
C04677,27,2073.65,76.80185185185185
C03602,20,2072.3,103.61500000000001
C01701,14,2071.89,147.99214285714285
C02180,13,2071.03,159.31
C02013,22,2070.96,94.13454545454546
C04072,11,2069.08,188.0981818181818
C03371,10,2068.64,206.86399999999998
C02796,12,2067.94,172.32833333333335
C04020,7,2067.4900000000002,295.3557142857143
C02270,11,2065.14,187.73999999999998
C03257,24,2064.0099999999998,86.00041666666665
C02920,14,2063.98,147.42714285714285
C03351,18,2062.72,114.59555555555555
C04309,11,2062.36,187.48727272727274
C04537,10,2062.31,206.231
C00251,9,2060.8399999999997,228.9822222222222
C03104,12,2060.19,171.6825
C00802,6,2058.8399999999997,343.13999999999993
C03714,10,2056.71,205.671
C03494,10,2056.05,205.60500000000002
C03546,8,2055.1600000000003,256.89500000000004
C02683,13,2053.56,157.96615384615384
C02554,19,2050.81,107.93736842105262
C03795,13,2050.32,157.71692307692308
C03820,12,2048.21,170.68416666666667
C03901,14,2047.22,146.23
C04428,12,2046.8700000000001,170.57250000000002
C04437,10,2044.75,204.475
C01440,6,2044.6700000000003,340.77833333333336
C00774,13,2044.34,157.25692307692307
C03084,15,2042.5,136.16666666666666
C03710,11,2042.44,185.67636363636365
C03139,13,2042.42,157.10923076923078
C00606,18,2041.0,113.38888888888889
C01556,12,2039.73,169.9775
C00092,7,2036.79,290.96999999999997
C02800,11,2034.8400000000001,184.98545454545456
C04844,5,2034.1,406.82
C04055,5,2033.96,406.79200000000003
C02814,10,2033.8,203.38
C01655,14,2033.74,145.26714285714286
C02544,8,2033.5700000000002,254.19625000000002
C03425,14,2031.1799999999998,145.0842857142857
C02793,12,2030.43,169.20250000000001
C02656,11,2030.15,184.5590909090909
C03117,10,2028.5499999999997,202.85499999999996
C01271,11,2028.54,184.41272727272727
C03158,13,2027.16,155.93538461538463
C01867,6,2024.1000000000001,337.35
C01027,10,2023.82,202.382
C03633,10,2021.99,202.199
C04724,11,2021.92,183.8109090909091
C03532,25,2021.6,80.86399999999999
C03388,19,2020.42,106.3378947368421
C02568,21,2019.34,96.15904761904761
C02651,12,2018.94,168.245
C02345,6,2018.8999999999999,336.4833333333333
C00502,16,2016.19,126.011875
C02145,15,2015.1,134.34
C01842,16,2012.23,125.764375
C04720,15,2011.6000000000001,134.10666666666668
C01630,5,2011.4299999999998,402.28599999999994
C00904,5,2011.3600000000001,402.27200000000005
C03547,8,2010.98,251.3725
C03175,9,2010.96,223.44
C04762,6,2010.13,335.0216666666667
C00594,7,2008.2000000000003,286.8857142857143
C02371,6,2007.1,334.51666666666665
C00080,9,2006.1000000000001,222.9
C00077,21,2004.92,95.47238095238096
C01368,14,2004.78,143.19857142857143
C01716,10,2004.4299999999998,200.44299999999998
C01182,11,2004.41,182.2190909090909
C01767,9,2003.45,222.60555555555555
C02734,9,2003.23,222.5811111111111
C03551,15,2003.14,133.54266666666666
C03073,17,1999.43,117.61352941176472
C00122,5,1999.02,399.804
C00521,16,1998.75,124.921875
C02202,14,1995.12,142.50857142857143
C03968,14,1994.96,142.49714285714285
C00570,14,1994.9,142.49285714285716
C01148,7,1993.0,284.7142857142857
C01591,9,1992.09,221.34333333333333
C00287,9,1991.19,221.24333333333334
C00137,7,1989.42,284.20285714285717
C01091,12,1988.95,165.74583333333334
C04031,4,1987.8600000000001,496.96500000000003
C00425,13,1986.51,152.80846153846153
C01162,20,1986.44,99.322
C02715,10,1981.58,198.158
C04665,7,1981.51,283.0728571428571
C03476,7,1979.08,282.7257142857143
C03773,16,1978.3500000000001,123.64687500000001
C03396,9,1977.19,219.6877777777778
C04610,14,1975.2,141.0857142857143
C02150,19,1974.62,103.92736842105262
C04881,27,1973.47,73.09148148148148
C00698,9,1972.1000000000001,219.12222222222223
C01006,11,1970.83,179.16636363636363
C01933,7,1968.75,281.25
C03154,19,1967.8700000000001,103.5721052631579
C00648,12,1967.86,163.98833333333332
C04764,6,1967.69,327.9483333333333
C04461,5,1963.26,392.652
C03248,14,1962.12,140.15142857142857
C04839,14,1961.89,140.13500000000002
C03775,5,1960.6100000000001,392.122
C01195,5,1958.2199999999998,391.64399999999995
C03008,16,1958.05,122.378125
C01736,18,1957.63,108.75722222222223
C00431,14,1955.22,139.65857142857143
C00466,9,1953.28,217.0311111111111
C03613,20,1953.25,97.6625
C02943,18,1951.19,108.39944444444444
C03312,9,1950.6399999999999,216.73777777777775
C00600,12,1949.32,162.44333333333333
C00674,10,1948.0,194.8
C00599,11,1947.93,177.08454545454546
C04008,12,1947.1000000000001,162.25833333333335
C03691,14,1946.07,139.005
C03650,9,1945.88,216.2088888888889
C01198,16,1944.92,121.5575
C01134,16,1944.53,121.533125
C02436,8,1942.09,242.76125
C03346,12,1939.87,161.65583333333333
C01092,11,1938.6,176.23636363636362
C04752,13,1938.42,149.10923076923078
C01509,4,1938.25,484.5625
C02961,8,1935.28,241.91
C02211,10,1932.1000000000001,193.21
C03395,7,1930.21,275.7442857142857
C01379,10,1928.25,192.825
C01915,10,1926.88,192.68800000000002
C04059,10,1926.8400000000001,192.68400000000003
C02598,7,1926.8,275.25714285714287
C04191,16,1925.64,120.3525
C04975,17,1925.6399999999999,113.27294117647058
C02110,11,1925.24,175.0218181818182
C02721,11,1925.08,175.00727272727272
C03605,17,1924.76,113.22117647058823
C04942,15,1922.07,128.138
C01095,7,1921.59,274.5128571428571
C00867,11,1921.1100000000001,174.64636363636365
C01309,18,1920.66,106.70333333333333
C00874,14,1920.0800000000002,137.14857142857144
C02073,11,1920.01,174.54636363636362
C04794,9,1919.05,213.22777777777776
C02420,8,1918.49,239.81125
C00840,23,1916.71,83.33521739130435
C00059,10,1915.76,191.576
C00143,16,1914.27,119.641875
C01376,16,1913.63,119.601875
C02781,17,1912.1599999999999,112.47999999999999
C03147,10,1910.46,191.046
C00628,16,1908.94,119.30875
C04746,8,1907.02,238.3775
C04883,3,1906.6799999999998,635.56
C03615,11,1906.14,173.28545454545454
C02997,8,1905.6100000000001,238.20125000000002
C01415,10,1904.7099999999998,190.47099999999998
C02898,27,1902.54,70.46444444444444
C00258,17,1901.43,111.84882352941177
C02497,4,1899.33,474.8325
C02828,12,1899.3,158.275
C04151,9,1895.29,210.58777777777777
C01837,12,1894.75,157.89583333333334
C04390,6,1894.4499999999998,315.7416666666666
C01789,14,1893.77,135.2692857142857
C02407,9,1891.86,210.20666666666665
C02728,14,1891.3000000000002,135.09285714285716
C00979,9,1886.0700000000002,209.56333333333336
C00245,9,1883.53,209.2811111111111
C02910,9,1882.42,209.1577777777778
C00567,7,1879.5000000000002,268.50000000000006
C03275,10,1879.3600000000001,187.936
C02940,15,1877.61,125.17399999999999
C02008,20,1876.1799999999998,93.809
C02291,17,1875.85,110.34411764705882
C00900,11,1873.8899999999999,170.35363636363635
C02198,10,1873.4900000000002,187.34900000000002
C04133,5,1873.0,374.6
C00566,10,1872.22,187.222
C01881,18,1869.64,103.86888888888889
C01052,17,1869.38,109.96352941176471
C01603,4,1868.23,467.0575
C01844,5,1866.72,373.344
C01762,16,1864.16,116.51
C03333,23,1863.6399999999999,81.02782608695652
C02249,3,1862.52,620.84
C03121,16,1862.16,116.385
C01737,9,1861.71,206.85666666666668
C00532,10,1861.6200000000001,186.162
C00803,19,1861.19,97.95736842105264
C04777,5,1860.19,372.038
C01135,11,1860.0700000000002,169.09727272727275
C00622,7,1858.07,265.43857142857144
C02113,15,1856.84,123.78933333333333
C01651,1,1856.29,1856.29
C02309,10,1854.0900000000001,185.40900000000002
C00224,13,1853.4,142.56923076923078
C04323,4,1853.26,463.315
C01489,1,1850.1,1850.1
C02385,13,1849.1200000000001,142.24
C02299,13,1847.8500000000001,142.1423076923077
C00396,4,1846.79,461.6975
C03243,14,1846.2,131.87142857142857
C00866,15,1844.63,122.97533333333334
C03304,15,1843.6100000000001,122.90733333333334
C02392,10,1840.94,184.094
C02883,6,1840.67,306.77833333333336
C04778,12,1840.48,153.37333333333333
C02482,8,1840.44,230.055
C04856,6,1840.3799999999999,306.72999999999996
C04659,13,1838.39,141.4146153846154
C03706,15,1837.77,122.518
C03679,11,1836.2700000000002,166.9336363636364
C02468,11,1834.67,166.7881818181818
C04848,8,1832.25,229.03125
C01390,15,1830.16,122.01066666666667
C00862,10,1828.54,182.85399999999998
C03567,10,1828.4,182.84
C04132,12,1825.97,152.16416666666666
C01901,16,1824.81,114.050625
C01760,8,1824.0,228.0
C02780,14,1823.58,130.25571428571428
C04471,8,1823.54,227.9425
C04962,16,1821.91,113.869375
C03212,15,1820.64,121.376
C02149,14,1820.1,130.00714285714284
C04360,7,1817.2599999999998,259.6085714285714
C00704,16,1817.09,113.568125
C03326,14,1815.15,129.65357142857144
C01305,8,1814.52,226.815
C04743,8,1814.49,226.81125
C00829,8,1813.99,226.74875
C03726,10,1812.23,181.223
C03914,11,1811.83,164.7118181818182
C02311,9,1811.58,201.28666666666666
C02251,7,1809.17,258.45285714285717
C03377,15,1808.85,120.58999999999999
C04010,13,1807.61,139.04692307692306
C03552,9,1806.15,200.68333333333334
C04525,9,1805.25,200.58333333333334
C01517,14,1803.21,128.8007142857143
C02701,7,1801.59,257.37
C01916,5,1801.02,360.204
C04405,7,1799.2399999999998,257.03428571428566
C01178,4,1797.88,449.47
C03156,11,1797.3700000000001,163.39727272727274
C04319,10,1794.8600000000001,179.48600000000002
C00154,11,1793.07,163.00636363636363
C00026,13,1789.02,137.6169230769231
C02151,13,1785.75,137.3653846153846
C03610,3,1785.66,595.22
C04513,21,1785.44,85.02095238095238
C04255,9,1785.06,198.34
C01819,4,1784.6399999999999,446.15999999999997
C02794,8,1784.05,223.00625
C04602,5,1782.17,356.434
C04530,10,1782.04,178.204
C03100,18,1781.42,98.96777777777778
C00238,12,1780.77,148.3975
C01239,8,1780.45,222.55625
C03819,5,1778.3999999999999,355.67999999999995
C04851,14,1778.36,127.02571428571427
C04588,10,1777.74,177.774
C01249,9,1776.84,197.42666666666665
C00805,15,1774.88,118.32533333333335
C01729,12,1773.83,147.81916666666666
C04963,8,1773.57,221.69625
C02545,10,1773.07,177.307
C04636,10,1772.46,177.246
C00223,14,1772.3400000000001,126.5957142857143
C00688,16,1771.64,110.7275
C01569,6,1771.17,295.195
C04161,8,1770.8600000000001,221.35750000000002
C04652,7,1770.67,252.95285714285714
C02359,8,1769.9099999999999,221.23874999999998
C04121,8,1768.52,221.065
C03120,9,1765.91,196.21222222222224
C01579,7,1763.8799999999999,251.9828571428571
C04519,8,1763.25,220.40625
C02185,7,1763.05,251.8642857142857
C00374,11,1761.59,160.14454545454544
C01706,5,1755.81,351.162
C03144,18,1755.3799999999999,97.52111111111111
C04823,13,1754.95,134.99615384615385
C00310,16,1753.26,109.57875
C00989,7,1752.88,250.4114285714286
C04009,19,1752.64,92.2442105263158
C03086,12,1751.26,145.93833333333333
C03364,11,1751.12,159.19272727272727
C04662,4,1750.19,437.5475
C04785,9,1748.82,194.31333333333333
C00865,20,1747.65,87.38250000000001
C03301,18,1747.41,97.07833333333333
C03516,7,1746.97,249.56714285714287
C04509,6,1745.27,290.87833333333333
C02679,12,1744.91,145.40916666666666
C01240,13,1744.64,134.20307692307694
C00422,12,1744.41,145.3675
C01051,9,1743.7600000000002,193.75111111111113
C01216,12,1743.1200000000001,145.26000000000002
C01763,6,1742.9299999999998,290.4883333333333
C04626,11,1741.24,158.29454545454544
C04803,15,1739.94,115.99600000000001
C02981,12,1739.09,144.92416666666665
C03847,14,1738.51,124.17928571428571
C01127,8,1738.26,217.2825
C03701,17,1737.76,102.22117647058823
C03397,14,1737.17,124.08357142857143
C01140,9,1733.23,192.5811111111111
C02714,16,1732.8600000000001,108.30375000000001
C00040,4,1730.43,432.6075
C01107,19,1729.28,91.01473684210526
C02890,16,1729.01,108.063125
C03413,6,1728.78,288.13
C02085,11,1725.31,156.84636363636363
C02129,10,1722.78,172.278
C03452,7,1722.35,246.04999999999998
C02880,13,1720.02,132.30923076923077
C00890,9,1719.47,191.0522222222222
C00021,8,1718.63,214.82875
C02376,15,1718.31,114.554
C02059,9,1717.76,190.86222222222221
C02451,10,1717.43,171.743
C04327,20,1717.2,85.86
C01131,5,1713.69,342.738
C01570,6,1713.68,285.61333333333334
C03518,8,1713.09,214.13625
C04904,5,1710.82,342.164
C00754,2,1710.71,855.355
C01599,4,1709.82,427.455
C00423,10,1709.63,170.96300000000002
C00244,7,1707.52,243.93142857142857
C01253,13,1706.56,131.27384615384614
C04336,9,1705.8,189.53333333333333
C04910,10,1704.41,170.441
C03140,9,1702.6000000000001,189.1777777777778
C00810,12,1699.95,141.6625
C00269,9,1699.42,188.82444444444445
C01412,8,1698.89,212.36125
C04656,9,1698.54,188.72666666666666
C01897,11,1698.04,154.36727272727273
C00409,11,1697.71,154.33727272727273
C03919,11,1697.69,154.33545454545455
C04614,4,1697.1399999999999,424.28499999999997
C01407,5,1694.53,338.906
C01622,8,1691.79,211.47375
C00691,10,1691.3300000000002,169.133
C04937,4,1691.1200000000001,422.78000000000003
C03882,12,1691.12,140.92666666666665
C01876,10,1691.12,169.112
C04097,22,1690.8,76.85454545454546
C02585,8,1688.5,211.0625
C00205,14,1688.29,120.59214285714286
C04515,14,1686.93,120.495
C03977,11,1686.74,153.34
C04333,15,1684.95,112.33
C01682,7,1683.94,240.56285714285715
C04828,8,1682.8400000000001,210.35500000000002
C02609,18,1682.56,93.47555555555556
C00161,7,1682.51,240.35857142857142
C01919,13,1682.0,129.3846153846154
C02344,6,1681.5,280.25
C02181,5,1680.36,336.072
C01279,8,1678.39,209.79875
C00480,8,1677.18,209.6475
C02472,14,1672.34,119.45285714285714
C03136,8,1671.73,208.96625
C02256,7,1670.79,238.68428571428572
C01575,11,1670.4,151.85454545454547
C03789,8,1670.13,208.76625
C04467,13,1669.11,128.3930769230769
C00787,7,1669.05,238.43571428571428
C02774,17,1668.66,98.1564705882353
C01712,9,1666.7,185.1888888888889
C01724,11,1666.58,151.50727272727272
C01352,10,1666.19,166.619
C04979,15,1665.87,111.05799999999999
C03550,19,1664.54,87.60736842105263
C03246,13,1663.89,127.99153846153847
C01158,16,1663.85,103.990625
C04808,9,1662.05,184.67222222222222
C00055,13,1661.53,127.81
C01623,14,1661.24,118.66
C03094,8,1660.52,207.565
C04811,11,1660.25,150.9318181818182
C03324,8,1659.88,207.485
C02143,10,1657.22,165.722
C03689,8,1656.52,207.065
C00842,11,1654.3799999999999,150.3981818181818
C01858,14,1653.98,118.14142857142858
C01852,10,1653.14,165.31400000000002
C00872,19,1652.41,86.96894736842106
C02889,6,1650.49,275.08166666666665
C03997,10,1649.78,164.978
C01339,12,1649.3,137.44166666666666
C02756,10,1649.12,164.91199999999998
C01859,11,1647.2,149.74545454545455
C01314,13,1644.7,126.51538461538462
C03037,6,1644.24,274.04
C03447,12,1643.87,136.98916666666665
C04270,10,1641.56,164.156
C02584,12,1640.85,136.73749999999998
C03092,5,1639.38,327.87600000000003
C04152,7,1639.13,234.1614285714286
C04705,8,1638.57,204.82125
C02519,14,1638.32,117.02285714285713
C03836,8,1634.53,204.31625
C04674,20,1634.4199999999998,81.72099999999999
C01905,8,1634.05,204.25625
C04877,13,1633.03,125.61769230769231
C00089,9,1632.97,181.44111111111113
C00717,10,1630.1699999999998,163.017
C02388,14,1628.53,116.32357142857143
C02949,9,1627.62,180.84666666666666
C01383,8,1625.1499999999999,203.14374999999998
C03145,5,1624.52,324.904
C01012,8,1624.42,203.0525
C00816,11,1622.47,147.49727272727273
C04274,5,1621.22,324.244
C03277,4,1620.24,405.06
C00265,13,1620.03,124.61769230769231
C00720,8,1618.8500000000001,202.35625000000002
C03668,9,1617.8700000000001,179.76333333333335
C04482,9,1617.36,179.70666666666665
C04412,12,1616.24,134.68666666666667
C01273,3,1616.21,538.7366666666667
C04417,5,1614.3,322.86
C00047,11,1613.95,146.72272727272727
C03284,17,1612.79,94.87
C00859,8,1612.72,201.59
C01267,15,1612.56,107.50399999999999
C04250,12,1611.64,134.30333333333334
C04025,8,1609.9,201.2375
C02227,7,1607.27,229.60999999999999
C01801,13,1605.09,123.46846153846153
C03375,13,1604.68,123.43692307692308
C02676,11,1603.37,145.76090909090908
C03155,5,1603.17,320.634
C01298,10,1601.53,160.153
C00495,5,1601.1399999999999,320.22799999999995
C00170,11,1600.74,145.5218181818182
C03762,8,1600.63,200.07875
C04048,9,1600.2,177.8
C04880,21,1599.78,76.17999999999999
C00156,9,1599.47,177.7188888888889
C00712,8,1598.99,199.87375
C01205,14,1598.94,114.21000000000001
C02695,11,1598.22,145.29272727272726
C01156,12,1597.1000000000001,133.09166666666667
C03317,6,1596.87,266.145
C03042,5,1595.29,319.058
C02071,15,1593.56,106.23733333333332
C03428,5,1592.59,318.518
C03620,14,1592.13,113.72357142857143
C02606,8,1591.8999999999999,198.98749999999998
C02164,3,1591.51,530.5033333333333
C00801,7,1591.18,227.3114285714286
C01184,20,1589.04,79.452
C00817,21,1588.77,75.65571428571428
C00142,6,1587.87,264.645
C01483,17,1587.77,93.39823529411764
C00149,6,1586.94,264.49
C02675,8,1586.09,198.26125
C04816,12,1585.94,132.16166666666666
C02163,11,1585.32,144.12
C01434,15,1584.28,105.61866666666667
C03586,9,1583.98,175.99777777777777
C01740,10,1583.77,158.377
C00167,15,1582.98,105.532
C03717,11,1578.46,143.49636363636364
C03097,12,1576.57,131.38083333333333
C00776,6,1576.3700000000001,262.72833333333335
C01956,9,1575.49,175.05444444444444
C04115,13,1575.46,121.18923076923078
C03174,10,1574.26,157.426
C02948,13,1573.76,121.05846153846154
C04524,9,1572.73,174.74777777777777
C03204,14,1572.48,112.32000000000001
C00974,15,1572.46,104.83066666666667
C04961,17,1571.79,92.45823529411764
C00412,8,1571.6399999999999,196.45499999999998
C00779,7,1571.6,224.5142857142857
C00456,8,1570.97,196.37125
C02705,2,1570.21,785.105
C04022,14,1569.3100000000002,112.09357142857144
C04069,5,1567.4,313.48
C04518,19,1566.62,82.4536842105263
C02987,18,1566.07,87.00388888888888
C01757,15,1565.5900000000001,104.37266666666667
C03585,9,1564.68,173.85333333333335
C01202,7,1562.5500000000002,223.2214285714286
C04810,7,1562.29,223.18428571428572
C02192,9,1562.21,173.57888888888888
C02773,3,1561.05,520.35
C03162,11,1559.7,141.79090909090908
C04325,13,1558.91,119.91615384615385
C00880,8,1557.66,194.7075
C01296,15,1555.9099999999999,103.72733333333332
C00393,11,1555.6200000000001,141.42000000000002
C03287,6,1555.58,259.2633333333333
C03473,10,1555.4299999999998,155.54299999999998
C02148,14,1555.08,111.07714285714285
C03708,9,1553.49,172.61
C03110,7,1551.14,221.5914285714286
C04887,11,1550.75,140.97727272727272
C01049,13,1549.98,119.22923076923077
C04989,13,1549.49,119.19153846153846
C04441,6,1549.3899999999999,258.2316666666666
C00452,10,1549.01,154.901
C01109,8,1547.6799999999998,193.45999999999998
C03657,9,1547.35,171.92777777777778
C01796,15,1547.28,103.152
C03649,17,1546.8,90.98823529411764
C04303,6,1546.77,257.795
C01823,16,1544.63,96.539375
C02126,3,1543.09,514.3633333333333
C03558,12,1542.94,128.57833333333335
C00064,8,1542.03,192.75375
C02725,10,1541.08,154.108
C00347,11,1540.66,140.06
C01661,15,1539.65,102.64333333333335
C03150,8,1539.29,192.41125
C00120,6,1538.65,256.44166666666666
C03009,7,1538.63,219.80428571428573
C04924,6,1538.18,256.36333333333334
C00695,8,1537.0,192.125
C01985,8,1535.9099999999999,191.98874999999998
C04729,8,1535.8899999999999,191.98624999999998
C03769,9,1534.97,170.5522222222222
C02871,5,1534.71,306.942
C04244,3,1532.6399999999999,510.87999999999994
C04702,4,1532.51,383.1275
C00915,10,1531.3600000000001,153.13600000000002
C00879,9,1530.98,170.10888888888888
C04470,4,1529.62,382.405
C03281,10,1529.47,152.947
C03329,5,1529.06,305.812
C02766,7,1528.79,218.39857142857142
C01790,14,1528.54,109.18142857142857
C03235,13,1528.29,117.56076923076922
C00019,9,1526.71,169.63444444444445
C00410,13,1526.18,117.39846153846155
C02038,15,1523.7,101.58
C00373,16,1523.5800000000002,95.22375000000001
C02958,12,1522.93,126.91083333333334
C02924,9,1522.03,169.11444444444444
C02269,7,1521.11,217.30142857142854
C00656,12,1520.52,126.71
C02909,9,1520.49,168.94333333333333
C04181,10,1519.9,151.99
C04634,16,1518.65,94.915625
C04254,6,1517.96,252.99333333333334
C00176,12,1517.41,126.45083333333334
C02539,13,1517.0700000000002,116.69769230769232
C01786,6,1517.01,252.835
C03458,13,1514.71,116.51615384615386
C03471,4,1514.47,378.6175
C03354,9,1514.1999999999998,168.2444444444444
C03338,5,1513.16,302.632
C04692,14,1513.0900000000001,108.07785714285716
C02956,9,1513.05,168.11666666666667
C01586,12,1510.99,125.91583333333334
C02977,5,1510.38,302.076
C00830,4,1509.99,377.4975
C04148,6,1508.71,251.45166666666668
C02856,13,1507.2,115.93846153846154
C03193,7,1505.72,215.10285714285715
C04217,3,1505.44,501.81333333333333
C00242,9,1505.03,167.22555555555556
C03534,9,1503.16,167.01777777777778
C04861,11,1502.85,136.62272727272727
C01527,7,1502.24,214.6057142857143
C01698,8,1500.42,187.5525
C02839,6,1499.77,249.96166666666667
C00189,12,1498.73,124.89416666666666
C03036,8,1496.21,187.02625
C03099,4,1495.23,373.8075
C04141,5,1495.0000000000002,299.00000000000006
C02252,5,1494.58,298.916
C04060,14,1493.09,106.64928571428571
C01695,6,1492.54,248.75666666666666
C01461,5,1492.11,298.42199999999997
C00536,18,1492.08,82.89333333333333
C03566,10,1491.29,149.129
C02042,16,1490.8,93.175
C04220,8,1489.6,186.2
C03383,8,1488.78,186.0975
C03440,16,1488.47,93.029375
C02639,7,1487.61,212.51571428571427
C01585,9,1486.32,165.14666666666665
C02416,10,1485.66,148.566
C02873,18,1485.52,82.52888888888889
C00377,5,1485.52,297.104
C01820,7,1482.29,211.75571428571428
C03777,7,1482.01,211.71571428571428
C02985,11,1481.82,134.7109090909091
C02752,11,1481.8,134.70909090909092
C01993,9,1481.44,164.60444444444445
C00765,12,1481.07,123.4225
C00428,11,1481.0,134.63636363636363
C04003,9,1479.82,164.42444444444445
C02425,11,1479.5700000000002,134.50636363636366
C00718,9,1478.24,164.2488888888889
C01363,5,1477.48,295.496
C01144,8,1477.09,184.63625
C00655,6,1476.9299999999998,246.15499999999997
C00929,8,1476.8700000000001,184.60875000000001
C00008,6,1476.39,246.06500000000003
C03767,7,1475.68,210.8114285714286
C02364,14,1472.86,105.2042857142857
C01100,10,1472.7,147.27
C02422,5,1472.38,294.476
C02115,17,1471.84,86.57882352941176
C01935,6,1470.4,245.0666666666667
C00873,12,1470.1499999999999,122.51249999999999
C04366,10,1469.67,146.967
C02398,17,1469.01,86.41235294117647
C04741,8,1469.0,183.625
C03290,5,1468.25,293.65
C00365,11,1466.13,133.28454545454545
C02588,12,1465.03,122.08583333333333
C01753,7,1464.58,209.22571428571428
C00824,13,1464.23,112.63307692307693
C01026,14,1463.19,104.51357142857144
C00087,8,1462.88,182.86
C04751,13,1461.97,112.45923076923077
C04442,10,1461.87,146.18699999999998
C00986,8,1461.81,182.72625
C00716,10,1461.49,146.149
C01616,9,1461.39,162.37666666666667
C00438,13,1461.18,112.39846153846155
C04836,7,1460.01,208.57285714285715
C02742,10,1459.92,145.99200000000002
C03152,11,1459.62,132.69272727272727
C03738,8,1457.8600000000001,182.23250000000002
C04997,10,1457.49,145.749
C02769,13,1456.6000000000001,112.04615384615386
C04017,9,1456.1000000000001,161.7888888888889
C02424,14,1456.04,104.00285714285714
C00429,8,1456.0,182.0
C00916,4,1455.9299999999998,363.98249999999996
C00049,8,1455.0500000000002,181.88125000000002
C04753,9,1454.98,161.66444444444446
C03262,9,1454.91,161.65666666666667
C03058,11,1454.46,132.22363636363636
C04938,7,1454.03,207.71857142857144
C00226,12,1454.02,121.16833333333334
C04248,12,1452.66,121.055
C02990,7,1452.19,207.4557142857143
C03229,10,1451.78,145.178
C03626,6,1451.49,241.915
C00762,11,1450.8,131.89090909090908
C03896,5,1449.96,289.992
C01406,11,1448.92,131.72
C04458,11,1448.47,131.67909090909092
C02770,6,1448.35,241.39166666666665
C03093,12,1447.79,120.64916666666666
C02761,7,1446.9299999999998,206.7042857142857
C04495,5,1446.75,289.35
C00607,8,1446.46,180.8075
C01353,10,1445.74,144.574
C03618,20,1445.71,72.2855
C04707,17,1445.45,85.0264705882353
C04993,8,1443.49,180.43625
C04117,8,1441.36,180.17
C00572,9,1438.89,159.87666666666667
C01580,7,1437.87,205.41
C01604,8,1437.56,179.695
C03382,7,1436.64,205.23428571428573
C03748,4,1436.29,359.0725
C02009,10,1435.77,143.577
C02401,8,1434.79,179.34875
C03519,9,1434.65,159.40555555555557
C02225,11,1434.15,130.37727272727273
C03207,12,1434.03,119.5025
C01928,10,1433.89,143.389
C04623,4,1432.97,358.2425
C00821,7,1432.5900000000001,204.6557142857143
C00171,6,1432.26,238.71
C04813,7,1431.66,204.52285714285716
C01188,9,1431.5,159.05555555555554
C02125,5,1431.24,286.248
C01077,9,1430.05,158.89444444444445
C03877,12,1429.54,119.12833333333333
C01268,8,1429.1599999999999,178.64499999999998
C02488,6,1428.79,238.13166666666666
C01453,9,1428.01,158.6677777777778
C03509,17,1427.87,83.99235294117646
C02139,10,1427.23,142.723
C01361,7,1425.72,203.67428571428573
C02107,8,1425.59,178.19875
C01496,7,1425.07,203.58142857142857
C01719,7,1424.96,203.56571428571428
C00401,16,1423.18,88.94875
C00311,7,1422.9,203.27142857142857
C00811,10,1421.18,142.118
C00988,14,1421.1599999999999,101.51142857142857
C00970,10,1420.69,142.06900000000002
C00806,11,1420.2399999999998,129.11272727272726
C02046,18,1415.57,78.64277777777778
C03535,6,1414.0700000000002,235.67833333333337
C04728,12,1413.85,117.82083333333333
C03556,5,1413.52,282.704
C01640,13,1413.06,108.69692307692307
C03195,8,1410.85,176.35625
C00382,6,1410.4,235.0666666666667
C01308,8,1410.27,176.28375
C00542,8,1409.58,176.1975
C03676,15,1408.78,93.91866666666667
C04595,12,1408.35,117.3625
C01522,11,1407.23,127.93
C02404,16,1407.17,87.948125
C03601,11,1406.87,127.89727272727272
C00457,4,1405.6,351.4
C01257,8,1404.01,175.50125
C03744,7,1403.9,200.55714285714288
C00383,12,1403.39,116.94916666666667
C01280,8,1402.88,175.36
C01130,6,1401.96,233.66
C02152,12,1399.44,116.62
C01824,3,1398.72,466.24
C03268,12,1398.48,116.54
C01255,5,1398.45,279.69
C01009,16,1398.24,87.39
C00554,6,1398.15,233.025
C04032,8,1397.58,174.6975
C01607,7,1397.46,199.63714285714286
C02074,12,1396.38,116.36500000000001
C01333,11,1396.3600000000001,126.94181818181819
C01114,8,1394.97,174.37125
C02523,11,1394.68,126.78909090909092
C04283,11,1394.6,126.78181818181817
C02370,15,1394.22,92.94800000000001
C03409,10,1394.08,139.408
C03384,7,1394.03,199.14714285714285
C04271,11,1393.51,126.68272727272728
C00045,5,1391.65,278.33000000000004
C02573,4,1390.87,347.7175
C04353,8,1389.0,173.625
C04857,3,1388.82,462.94
C03759,12,1388.51,115.70916666666666
C01277,16,1387.8,86.7375
C04447,12,1387.74,115.645
C01938,8,1387.51,173.43875
C00100,13,1386.49,106.65307692307692
C04071,11,1386.37,126.03363636363635
C02718,8,1385.78,173.2225
C02332,8,1385.56,173.195
C03582,6,1385.12,230.85333333333332
C01807,11,1384.56,125.8690909090909
C04568,13,1384.33,106.48692307692308
C01870,7,1384.06,197.72285714285712
C01573,9,1381.5,153.5
C03060,8,1380.9,172.6125
C03341,4,1380.66,345.165
C01334,11,1378.85,125.35
C00239,14,1378.52,98.46571428571428
C01748,8,1378.15,172.26875
C04440,7,1377.06,196.72285714285712
C04057,9,1377.05,153.00555555555556
C00427,10,1376.35,137.635
C01181,9,1375.63,152.8477777777778
C04690,8,1374.63,171.82875
C04194,12,1373.06,114.42166666666667
C01553,12,1372.23,114.3525
C04780,10,1372.07,137.207
C00132,13,1368.03,105.23307692307692
C03617,5,1367.7,273.54
C02395,7,1367.22,195.31714285714287
C04392,7,1366.5099999999998,195.21571428571426
C04265,10,1364.97,136.497
C03183,6,1363.5,227.25
C03589,7,1362.67,194.66714285714286
C04560,11,1361.53,123.77545454545454
C00229,5,1360.8600000000001,272.172
C03091,10,1360.86,136.08599999999998
C03956,5,1360.75,272.15
C00405,10,1355.92,135.592
C03581,5,1355.58,271.116
C01120,13,1355.39,104.26076923076924
C02187,8,1354.81,169.35125
C02091,12,1354.09,112.84083333333332
C02197,9,1353.02,150.33555555555554
C03064,8,1352.3,169.0375
C02339,7,1351.37,193.05285714285714
C00653,10,1350.12,135.012
C01370,12,1349.96,112.49666666666667
C04627,12,1349.69,112.47416666666668
C01707,16,1349.56,84.3475
C04335,18,1349.32,74.96222222222222
C03962,8,1347.59,168.44875
C02822,6,1347.49,224.58166666666668
C04506,6,1347.41,224.56833333333336
C00692,7,1347.4,192.4857142857143
C02720,7,1346.39,192.3414285714286
C01885,11,1345.03,122.27545454545454
C03469,9,1344.91,149.43444444444447
C01648,11,1344.56,122.23272727272727
C01432,11,1343.4,122.12727272727274
C01635,7,1342.88,191.84
C04771,6,1342.75,223.79166666666666
C01064,6,1342.46,223.74333333333334
C01168,14,1341.75,95.83928571428571
C02265,10,1341.51,134.151
C00380,3,1341.27,447.09
C03958,10,1340.98,134.098
C03730,4,1339.96,334.99
C03054,8,1339.68,167.46
C03609,6,1339.17,223.19500000000002
C01487,6,1338.91,223.15166666666667
C02852,4,1338.49,334.6225
C00321,6,1338.1899999999998,223.03166666666664
C01550,11,1338.0100000000002,121.63727272727274
C03785,9,1337.76,148.64
C02328,8,1337.31,167.16375
C04304,9,1335.3,148.36666666666667
C03860,12,1334.25,111.1875
C03653,11,1333.96,121.2690909090909
C00612,10,1333.9099999999999,133.391
C02959,10,1331.95,133.195
C00346,9,1331.2700000000002,147.91888888888892
C02154,5,1329.64,265.928
C02532,10,1329.43,132.943
C01877,9,1326.9699999999998,147.4411111111111
C03907,7,1326.89,189.5557142857143
C03922,15,1326.87,88.458
C03541,10,1326.8600000000001,132.686
C04329,13,1325.61,101.97
C04829,5,1324.58,264.916
C01485,7,1324.52,189.21714285714285
C03705,7,1319.6399999999999,188.51999999999998
C00334,7,1318.49,188.3557142857143
C02255,6,1318.18,219.6966666666667
C04990,12,1316.71,109.72583333333334
C01319,4,1315.3799999999999,328.84499999999997
C02579,10,1315.23,131.523
C03614,7,1314.87,187.8385714285714
C00033,10,1314.25,131.425
C01374,12,1313.79,109.4825
C01410,7,1313.75,187.67857142857142
C00493,10,1313.25,131.325
C02563,4,1313.23,328.3075
C02491,7,1312.28,187.46857142857144
C00048,6,1310.8,218.46666666666667
C00564,10,1309.36,130.93599999999998
C01765,10,1307.84,130.784
C01018,11,1307.78,118.88909090909091
C04314,4,1307.0500000000002,326.76250000000005
C02411,11,1305.93,118.7209090909091
C02870,9,1305.14,145.01555555555558
C00216,12,1304.91,108.7425
C03688,11,1304.76,118.61454545454545
C01621,13,1304.24,100.32615384615384
C03176,12,1303.87,108.65583333333332
C00498,7,1303.7399999999998,186.2485714285714
C02302,8,1302.67,162.83375
C03899,15,1302.26,86.81733333333334
C03260,17,1301.42,76.55411764705883
C00585,6,1301.3,216.88333333333333
C02788,10,1300.68,130.068
C03445,11,1298.07,118.00636363636363
C03564,14,1297.5,92.67857142857143
C03719,13,1297.4099999999999,99.80076923076922
C01925,10,1296.8,129.68
C00616,12,1296.63,108.05250000000001
C03188,8,1295.8899999999999,161.98624999999998
C02058,4,1295.25,323.8125
C02355,4,1295.19,323.7975
C04760,7,1293.5,184.78571428571428
C00479,4,1293.28,323.32
C00565,3,1292.79,430.93
C04233,7,1292.6100000000001,184.65857142857143
C04763,4,1291.99,322.9975
C02175,12,1291.98,107.665
C01313,11,1291.75,117.43181818181819
C00706,3,1291.02,430.34
C01526,10,1290.76,129.076
C04092,9,1289.93,143.32555555555555
C01589,6,1289.41,214.90166666666667
C04338,6,1288.88,214.81333333333336
C00317,16,1288.81,80.550625
C01152,10,1287.55,128.755
C03670,5,1287.19,257.438
C04171,8,1286.17,160.77125
C00335,10,1285.94,128.594
C00235,8,1285.73,160.71625
C03961,10,1284.98,128.498
C02435,7,1284.73,183.53285714285715
C01836,6,1284.44,214.07333333333335
C01372,5,1281.56,256.312
C00369,16,1281.05,80.065625
C02320,4,1280.16,320.04
C03782,5,1279.6599999999999,255.93199999999996
C00668,13,1279.18,98.39846153846155
C00632,6,1278.97,213.16166666666666
C03863,8,1278.35,159.79375
C04445,12,1277.97,106.4975
C04683,6,1277.57,212.9283333333333
C02314,11,1277.45,116.13181818181819
C03543,7,1276.32,182.33142857142857
C02594,17,1274.88,74.9929411764706
C04494,11,1273.68,115.78909090909092
C03334,6,1273.06,212.17666666666665
C02387,15,1272.75,84.85
C04566,13,1272.58,97.89076923076922
C02635,5,1272.3200000000002,254.46400000000003
C01476,14,1272.05,90.86071428571428
C00211,16,1272.03,79.501875
C00958,10,1271.1399999999999,127.11399999999999
C01104,5,1270.9,254.18
C02731,10,1266.72,126.672
C01869,5,1265.78,253.156
C04725,15,1265.73,84.382
C02951,12,1264.83,105.40249999999999
C04822,8,1261.6499999999999,157.70624999999998
C01738,5,1261.59,252.31799999999998
C00320,8,1261.47,157.68375
C01776,12,1260.04,105.00333333333333
C02122,5,1259.3400000000001,251.86800000000002
C00883,7,1258.07,179.7242857142857
C01613,8,1257.92,157.24
C00782,8,1257.46,157.1825
C03372,13,1257.36,96.72
C00099,11,1256.83,114.25727272727272
C01645,8,1256.81,157.10125
C00525,16,1255.46,78.46625
C04577,8,1254.68,156.835
C01446,9,1254.05,139.33888888888887
C04995,6,1252.51,208.75166666666667
C01546,8,1251.76,156.47
C01364,13,1250.02,96.15538461538462
C02169,8,1249.9,156.2375
C02748,9,1249.3,138.8111111111111
C00112,4,1248.56,312.14
C00407,7,1248.08,178.29714285714286
C04613,9,1247.84,138.64888888888888
C00179,8,1246.74,155.8425
C02778,4,1246.68,311.67
C03565,6,1246.67,207.77833333333334
C03407,9,1246.33,138.4811111111111
C00639,13,1246.32,95.87076923076923
C04177,9,1246.18,138.46444444444444
C04980,5,1246.08,249.21599999999998
C01164,6,1244.32,207.38666666666666
C04897,5,1244.18,248.836
C00912,13,1244.13,95.7023076923077
C02577,8,1243.67,155.45875
C01638,6,1243.57,207.26166666666666
C02713,7,1243.02,177.5742857142857
C01764,10,1241.71,124.171
C00180,6,1241.53,206.92166666666665
C01312,5,1237.32,247.464
C02343,7,1237.21,176.74428571428572
C02456,10,1237.06,123.70599999999999
C00391,6,1236.82,206.13666666666666
C04134,4,1235.75,308.9375
C01664,15,1235.39,82.35933333333334
C04324,11,1234.92,112.26545454545455
C00960,6,1234.36,205.72666666666666
C01398,8,1232.74,154.0925
C03838,10,1232.44,123.244
C02950,5,1230.55,246.10999999999999
C00085,14,1230.3,87.87857142857142
C02352,7,1229.54,175.64857142857142
C02704,10,1229.28,122.928
C00017,6,1228.77,204.795
C03981,8,1228.01,153.50125
C03431,11,1226.59,111.50818181818181
C00657,6,1226.58,204.42999999999998
C01687,8,1226.49,153.31125
C00505,7,1225.8,175.1142857142857
C00157,4,1225.72,306.43
C04063,11,1225.48,111.40727272727273
C03903,9,1225.45,136.16111111111113
C01506,7,1224.62,174.94571428571427
C00195,16,1224.28,76.5175
C01414,7,1223.64,174.8057142857143
C00182,5,1223.54,244.708
C02077,9,1222.97,135.88555555555556
C01931,6,1221.86,203.64333333333332
C03778,10,1221.74,122.174
C00227,5,1220.8799999999999,244.176
C04275,11,1219.82,110.89272727272727
C00839,5,1219.29,243.858
C04015,6,1218.36,203.05999999999997
C04809,4,1218.28,304.57
C00316,9,1218.0800000000002,135.34222222222223
C03718,8,1217.6,152.2
C01510,7,1216.59,173.79857142857142
C04164,4,1216.05,304.0125
C02219,7,1215.99,173.71285714285713
C03675,10,1215.89,121.58900000000001
C03256,10,1214.44,121.444
C01160,4,1213.1399999999999,303.28499999999997
C04108,6,1212.97,202.16166666666666
C02531,3,1211.28,403.76
C02795,6,1211.16,201.86
C02799,6,1210.24,201.70666666666668
C03948,8,1209.17,151.14625
C00818,5,1208.58,241.71599999999998
C03134,13,1207.76,92.90461538461538
C00135,10,1207.29,120.729
C03621,10,1206.77,120.67699999999999
C01839,4,1206.48,301.62
C01204,9,1205.98,133.99777777777777
C01016,8,1204.23,150.52875
C00588,6,1202.84,200.47333333333333
C03491,7,1202.73,171.81857142857143
C01460,10,1202.5700000000002,120.25700000000002
C02517,15,1201.26,80.084
C04044,9,1201.22,133.4688888888889
C03253,3,1200.94,400.31333333333333
C04464,8,1200.57,150.07125
C01996,5,1199.92,239.984
C01866,10,1198.99,119.899
C03671,17,1198.84,70.52
C02464,9,1198.78,133.1977777777778
C03716,12,1198.74,99.895
C02686,6,1198.62,199.76999999999998
C00813,10,1198.18,119.81800000000001
C00446,7,1197.25,171.03571428571428
C01913,7,1196.44,170.92000000000002
C00403,8,1195.42,149.4275
C01965,7,1195.38,170.76857142857145
C03238,6,1192.67,198.77833333333334
C03596,6,1192.03,198.67166666666665
C02433,10,1189.54,118.954
C04293,11,1188.6,108.05454545454545
C02641,5,1188.29,237.658
C00533,9,1187.97,131.99666666666667
C00713,6,1187.3400000000001,197.89000000000001
C03040,9,1187.09,131.89888888888888
C00781,10,1187.09,118.70899999999999
C03148,7,1186.83,169.54714285714286
C03663,9,1186.81,131.86777777777777
C00508,4,1186.7600000000002,296.69000000000005
C02643,11,1186.43,107.85727272727273
C01900,9,1185.5900000000001,131.73222222222225
C01519,8,1185.33,148.16625
C03496,6,1184.98,197.49666666666667
C01723,5,1184.29,236.858
C04820,9,1181.6,131.2888888888889
C04987,9,1181.38,131.26444444444445
C01804,6,1180.3100000000002,196.71833333333336
C01426,9,1179.52,131.05777777777777
C03687,7,1174.98,167.8542857142857
C03661,9,1174.97,130.5522222222222
C02356,8,1174.63,146.82875
C02954,6,1173.7,195.61666666666667
C02964,6,1173.35,195.5583333333333
C03810,10,1172.4,117.24000000000001
C00144,5,1171.3,234.26
C04050,7,1168.84,166.97714285714284
C00336,8,1167.84,145.98
C04499,8,1167.14,145.8925
C02172,7,1167.08,166.72571428571428
C00197,7,1165.3600000000001,166.48000000000002
C02454,5,1163.26,232.652
C01957,5,1162.59,232.51799999999997
C02707,5,1162.56,232.512
C03112,6,1162.1200000000001,193.6866666666667
C00922,8,1161.93,145.24125
C01821,12,1161.41,96.78416666666668
C04163,11,1159.3899999999999,105.3990909090909
C04439,4,1158.93,289.7325
C03770,6,1156.74,192.79
C03487,11,1156.29,105.11727272727272
C04799,6,1156.06,192.67666666666665
C04567,9,1155.62,128.4022222222222
C02001,7,1154.21,164.88714285714286
C04306,12,1154.04,96.17
C00828,7,1153.95,164.85
C01892,8,1152.63,144.07875
C03244,3,1152.56,384.18666666666667
C01033,4,1152.52,288.13
C02838,9,1151.92,127.99111111111112
C01667,6,1150.35,191.725
C00096,5,1149.4099999999999,229.88199999999998
C02565,7,1149.18,164.16857142857143
C02522,9,1148.94,127.66000000000001
C03976,12,1148.9,95.74166666666667
C00901,5,1146.73,229.346
C04540,10,1146.22,114.622
C01287,10,1145.49,114.549
C03072,4,1145.24,286.31
C03883,11,1145.03,104.09363636363636
C04996,11,1144.53,104.04818181818182
C02560,7,1143.47,163.35285714285715
C04472,11,1142.5500000000002,103.86818181818184
C03757,8,1142.06,142.7575
C02389,12,1140.71,95.05916666666667
C04389,6,1140.52,190.08666666666667
C04229,5,1139.61,227.92199999999997
C03975,11,1139.19,103.56272727272727
C02599,7,1139.06,162.72285714285712
C00234,9,1136.84,126.31555555555555
C04087,10,1136.3,113.63
C01258,6,1136.0,189.33333333333334
C03715,9,1135.7,126.1888888888889
C03437,7,1135.21,162.17285714285714
C02534,11,1135.19,103.19909090909091
C03949,9,1135.05,126.11666666666666
C00482,7,1132.33,161.76142857142855
C03678,8,1132.16,141.52
C04601,12,1131.91,94.32583333333334
C03160,5,1131.55,226.31
C01217,7,1131.14,161.5914285714286
C01076,6,1131.1,188.51666666666665
C03221,13,1131.0,87.0
C03587,6,1130.99,188.49833333333333
C04735,12,1130.81,94.23416666666667
C01060,10,1130.18,113.018
C03101,6,1129.7,188.28333333333333
C04179,9,1129.29,125.47666666666666
C04377,4,1129.1599999999999,282.28999999999996
C03855,8,1128.59,141.07375
C00233,5,1128.09,225.618
C02983,11,1128.07,102.55181818181818
C04054,4,1127.8600000000001,281.96500000000003
C00240,13,1127.52,86.73230769230769
C01494,5,1127.3899999999999,225.47799999999998
C02760,7,1127.12,161.01714285714283
C03069,5,1126.79,225.358
C02553,15,1126.64,75.10933333333334
C03928,8,1125.21,140.65125
C03273,12,1125.07,93.75583333333333
C04676,10,1124.15,112.415
C00007,6,1123.71,187.285
C03796,10,1123.49,112.349
C03598,7,1123.28,160.46857142857144
C04462,3,1122.48,374.16
C04469,7,1122.23,160.31857142857143
C01734,13,1121.51,86.27
C02235,8,1120.4,140.05
C04954,7,1120.1100000000001,160.0157142857143
C03048,8,1118.5,139.8125
C01518,9,1118.38,124.26444444444445
C03302,8,1118.13,139.76625
C02743,13,1116.51,85.88538461538461
C04027,11,1116.15,101.46818181818183
C03442,4,1116.09,279.0225
C04694,9,1115.42,123.93555555555557
C01299,6,1114.99,185.83166666666668
C00785,2,1112.02,556.01
C04026,8,1109.22,138.6525
C01660,15,1107.35,73.82333333333332
C01875,8,1105.87,138.23375
C01854,5,1105.49,221.098
C01856,6,1105.31,184.21833333333333
C00832,11,1104.6599999999999,100.42363636363635
C03569,9,1103.83,122.64777777777778
C01112,2,1103.14,551.57
C03402,5,1102.7199999999998,220.54399999999995
C04110,7,1102.33,157.47571428571428
C00793,10,1101.58,110.15799999999999
C00527,9,1101.32,122.36888888888888
C00209,9,1100.56,122.28444444444443
C00534,3,1099.3500000000001,366.45000000000005
C00297,5,1098.75,219.75
C00460,9,1097.53,121.94777777777777
C02885,9,1096.7,121.85555555555555
C02753,4,1095.56,273.89
C00663,8,1095.01,136.87625
C00953,6,1094.54,182.42333333333332
C02117,10,1094.34,109.434
C00758,12,1094.25,91.1875
C04067,14,1093.62,78.11571428571428
C02697,7,1092.49,156.07
C01183,8,1088.6100000000001,136.07625000000002
C02377,8,1088.3,136.0375
C01515,9,1087.62,120.84666666666665
C01742,6,1086.83,181.13833333333332
C03255,6,1086.6399999999999,181.10666666666665
C04140,7,1086.33,155.19
C04263,7,1084.1100000000001,154.87285714285716
C00850,12,1083.2,90.26666666666667
C04824,5,1083.1,216.61999999999998
C03774,9,1082.83,120.31444444444443
C00920,9,1082.63,120.29222222222224
C00254,11,1082.02,98.36545454545454
C00851,12,1081.88,90.15666666666668
C04689,2,1080.62,540.31
C03278,8,1080.43,135.05375
C02747,5,1080.2,216.04000000000002
C04841,9,1078.92,119.88000000000001
C01896,6,1077.82,179.63666666666666
C01848,8,1077.51,134.68875
C01596,4,1077.46,269.365
C02325,3,1075.93,358.6433333333334
C04766,10,1075.05,107.505
C02032,12,1074.94,89.57833333333333
C02650,8,1073.88,134.235
C02438,7,1073.8500000000001,153.40714285714287
C00203,5,1073.26,214.652
C01307,5,1072.88,214.57600000000002
C04950,5,1072.61,214.522
C03234,9,1071.78,119.08666666666666
C01175,12,1071.56,89.29666666666667
C04280,7,1071.41,153.05857142857144
C04607,7,1070.69,152.9557142857143
C03959,14,1070.1200000000001,76.43714285714286
C02634,10,1069.56,106.95599999999999
C02607,9,1068.9,118.76666666666668
C00886,7,1068.5900000000001,152.6557142857143
C03196,15,1068.53,71.23533333333333
C04149,3,1067.68,355.8933333333334
C03563,11,1067.58,97.05272727272727
C02570,7,1066.78,152.39714285714285
C03945,8,1065.25,133.15625
C02418,8,1065.0,133.125
C04395,10,1064.58,106.458
C04460,8,1063.88,132.985
C04653,7,1063.58,151.94
C04928,5,1062.08,212.416
C01914,5,1061.7,212.34
C03800,4,1061.57,265.3925
C03652,8,1060.94,132.6175
C02195,9,1060.72,117.85777777777778
C00175,11,1060.24,96.38545454545455
C03079,8,1060.22,132.5275
C04838,4,1059.7900000000002,264.94750000000005
C00943,7,1059.4099999999999,151.3442857142857
C02097,7,1059.04,151.29142857142855
C02508,8,1058.49,132.31125
C03641,5,1057.68,211.536
C00172,6,1057.47,176.245
C01266,9,1056.98,117.44222222222223
C01088,6,1055.06,175.84333333333333
C02136,11,1054.89,95.89909090909092
C02678,10,1054.81,105.481
C00903,11,1053.79,95.7990909090909
C00739,7,1053.71,150.53
C00404,14,1053.09,75.22071428571428
C03616,7,1052.85,150.40714285714284
C00358,4,1051.62,262.905
C00647,7,1051.22,150.17428571428573
C04618,7,1050.22,150.03142857142856
C04380,7,1049.4,149.91428571428574
C01295,3,1048.87,349.6233333333333
C00800,7,1048.87,149.8385714285714
C02733,7,1048.67,149.81
C00115,7,1048.1,149.72857142857143
C00178,8,1047.63,130.95375
C00939,7,1047.3,149.6142857142857
C03406,12,1046.53,87.21083333333333
C03109,6,1046.4,174.4
C00188,6,1046.3600000000001,174.39333333333335
C01720,9,1046.27,116.25222222222222
C00696,13,1045.49,80.4223076923077
C03399,6,1045.27,174.21166666666667
C01980,15,1045.01,69.66733333333333
C01123,6,1044.85,174.14166666666665
C00036,9,1044.6399999999999,116.0711111111111
C04373,6,1043.91,173.985
C02156,4,1043.5,260.875
C02836,5,1042.59,208.51799999999997
C02699,6,1042.3400000000001,173.72333333333336
C02105,6,1041.6,173.6
C00641,6,1040.88,173.48000000000002
C02888,6,1040.17,173.36166666666668
C01562,6,1039.4,173.23333333333335
C01246,8,1037.84,129.73
C02307,10,1037.75,103.775
C01429,3,1037.74,345.91333333333336
C02096,14,1037.19,74.08500000000001
C00591,5,1036.97,207.394
C02000,8,1036.92,129.615
C03002,5,1035.82,207.164
C01512,7,1035.78,147.96857142857144
C02271,11,1034.78,94.07090909090908
C02602,8,1034.66,129.3325
C02012,3,1033.77,344.59
C03835,5,1033.28,206.656
C03033,9,1032.96,114.77333333333334
C01563,8,1031.73,128.96625
C03171,11,1031.42,93.76545454545455
C02622,12,1030.02,85.835
C02030,8,1027.33,128.41625
C01317,8,1027.18,128.3975
C00891,10,1026.63,102.66300000000001
C00168,14,1025.85,73.27499999999999
C02869,14,1025.2,73.22857142857143
C03754,4,1024.25,256.0625
C03996,10,1024.22,102.422
C02719,12,1023.77,85.31416666666667
C00950,6,1023.5600000000001,170.59333333333333
C01015,10,1023.22,102.322
C01555,10,1023.16,102.316
C01017,9,1022.17,113.57444444444444
C01619,12,1022.02,85.16833333333334
C03878,4,1021.73,255.4325
C03078,5,1021.54,204.308
C04064,7,1020.3499999999999,145.7642857142857
C01999,6,1018.74,169.79
C04879,8,1017.97,127.24625
C00589,11,1016.98,92.45272727272727
C02258,5,1016.3199999999999,203.26399999999998
C01668,6,1015.27,169.21166666666667
C00877,7,1013.55,144.79285714285714
C04107,12,1012.59,84.38250000000001
C01920,9,1011.96,112.44
C04759,8,1010.83,126.35375
C00999,6,1010.5699999999999,168.4283333333333
C01023,6,1010.45,168.40833333333333
C02835,6,1009.84,168.30666666666667
C04290,7,1009.5699999999999,144.2242857142857
C04578,10,1007.9000000000001,100.79
C04604,6,1006.46,167.74333333333334
C03294,6,1006.32,167.72
C04331,9,1006.04,111.78222222222222
C00834,7,1004.96,143.56571428571428
C02155,9,1004.92,111.65777777777777
C04779,8,1004.61,125.57625
C04234,7,1003.7,143.3857142857143
C02414,5,1003.11,200.622
C04034,7,1002.29,143.18428571428572
C01989,6,1002.22,167.03666666666666
C00827,8,1001.67,125.20875
C00308,6,1001.24,166.87333333333333
C03513,4,999.16,249.79
C04584,4,998.5699999999999,249.64249999999998
C00103,7,998.54,142.64857142857142
C02490,9,997.67,110.85222222222222
C00881,4,997.53,249.3825
C03637,8,997.43,124.67875
C04221,6,997.2,166.20000000000002
C00932,10,996.89,99.689
C03411,8,996.16,124.52
C03816,11,995.7800000000001,90.52545454545455
C00751,11,995.61,90.51
C01464,6,995.3299999999999,165.88833333333332
C01559,10,995.13,99.513
C04543,3,994.99,331.66333333333336
C04095,3,993.32,331.1066666666667
C00101,6,992.46,165.41
C01492,9,991.69,110.18777777777778
C01118,6,991.27,165.21166666666667
C02200,7,990.53,141.50428571428571
C03368,7,989.88,141.41142857142856
C01381,4,988.13,247.0325
C03772,8,987.52,123.44
C04853,7,987.48,141.06857142857143
C00846,10,984.51,98.451
C02510,2,983.32,491.66
C03074,10,982.73,98.273
C00315,7,982.13,140.30428571428573
C02693,8,981.6500000000001,122.70625000000001
C01606,8,981.4399999999999,122.67999999999999
C02337,8,981.16,122.645
C03942,9,981.11,109.01222222222222
C04137,7,981.06,140.15142857142857
C02350,7,980.8399999999999,140.11999999999998
C00962,5,980.72,196.144
C03629,4,980.12,245.03
C00398,6,980.01,163.335
C00118,7,978.21,139.74428571428572
C01978,5,978.0799999999999,195.61599999999999
C02022,9,978.07,108.67444444444445
C01677,6,977.51,162.91833333333332
C02669,5,977.0,195.4
C04376,12,975.09,81.25750000000001
C00690,6,975.0799999999999,162.51333333333332
C03559,5,974.93,194.986
C01904,8,974.25,121.78125
C01165,7,974.09,139.15571428571428
C01331,6,973.3800000000001,162.23000000000002
C04204,12,972.5600000000001,81.04666666666667
C02162,8,971.68,121.46
C01834,7,971.29,138.75571428571428
C02751,5,971.04,194.208
C03554,5,969.7700000000001,193.954
C02246,7,969.2400000000001,138.46285714285716
C00869,7,968.96,138.42285714285714
C04786,9,968.51,107.61222222222221
C02759,9,968.29,107.58777777777777
C04968,8,968.0799999999999,121.00999999999999
C00976,4,967.32,241.83
C03327,5,965.87,193.174
C02092,7,965.24,137.89142857142858
C02329,8,965.0699999999999,120.63374999999999
C02135,4,964.03,241.0075
C02540,6,961.62,160.27
C03991,5,960.99,192.198
C04398,6,960.82,160.13666666666668
C02124,5,960.7,192.14000000000001
C01626,8,960.6800000000001,120.08500000000001
C00360,3,958.88,319.62666666666667
C03524,5,958.87,191.774
C02353,10,958.87,95.887
C03731,6,958.76,159.79333333333332
C03457,7,957.3299999999999,136.76142857142855
C02215,8,956.82,119.6025
C04696,12,955.85,79.65416666666667
C03488,5,954.7,190.94
C02620,4,954.46,238.615
C04193,4,953.78,238.445
C02203,9,952.86,105.87333333333333
C04539,11,952.6,86.60000000000001
C03703,7,951.69,135.9557142857143
C03103,6,951.5,158.58333333333334
C02846,5,951.0699999999999,190.214
C02279,6,950.91,158.48499999999999
C04646,5,949.76,189.952
C01388,9,948.5699999999999,105.39666666666666
C02578,11,948.02,86.18363636363637
C02209,6,947.81,157.96833333333333
C02201,9,947.46,105.27333333333334
C01471,8,945.36,118.17
C00198,9,945.3299999999999,105.03666666666666
C01756,5,943.9,188.78
C02134,9,943.14,104.79333333333334
C02927,7,943.13,134.73285714285714
C00576,6,943.0799999999999,157.17999999999998
C00763,8,942.43,117.80375
C02366,5,942.0799999999999,188.416
C00214,6,940.4300000000001,156.73833333333334
C04443,5,940.25,188.05
C01286,10,939.39,93.939
C02552,5,939.01,187.802
C01325,10,938.8,93.88
C02993,3,938.41,312.80333333333334
C04986,11,937.8100000000001,85.25545454545455
C04429,8,937.5099999999999,117.18874999999998
C04240,6,936.64,156.10666666666665
C02114,4,935.97,233.9925
C00563,6,935.8199999999999,155.97
C00768,7,935.63,133.66142857142856
C00285,8,935.36,116.92
C00582,10,934.47,93.447
C04574,18,932.6,51.81111111111111
C00597,9,932.27,103.58555555555556
C02762,6,931.7800000000001,155.29666666666668
C03575,9,930.97,103.44111111111111
C01194,10,929.25,92.925
C02207,2,929.0799999999999,464.53999999999996
C04533,10,928.7099999999999,92.871
C04122,6,928.48,154.74666666666667
C03797,7,928.4200000000001,132.6314285714286
C04890,6,927.28,154.54666666666665
C01728,7,927.11,132.4442857142857
C00090,6,925.88,154.31333333333333
C03108,5,925.62,185.124
C00206,10,924.39,92.439
C03172,7,923.7,131.95714285714286
C01139,7,923.28,131.89714285714285
C04414,5,923.24,184.648
C04311,9,922.85,102.53888888888889
C01497,12,922.8199999999999,76.90166666666666
C02119,8,921.35,115.16875
C01747,9,920.5600000000001,102.28444444444445
C04642,10,918.9,91.89
C01061,8,917.74,114.7175
C01222,4,916.48,229.12
C04742,3,916.26,305.42
C02976,6,916.0899999999999,152.68166666666664
C02682,5,915.8900000000001,183.17800000000003
C02167,9,915.08,101.67555555555556
C00496,11,914.78,83.16181818181818
C02475,5,914.18,182.83599999999998
C01303,5,913.81,182.762
C00682,11,913.13,83.01181818181819
C04867,9,913.0500000000001,101.45
C01081,12,912.0,76.0
C00798,9,911.01,101.22333333333333
C04572,10,910.54,91.054
C03844,9,909.91,101.10111111111111
C04727,8,907.61,113.45125
C00294,7,907.2900000000001,129.61285714285717
C01345,9,905.3,100.58888888888889
C02078,8,904.97,113.12125
C00652,5,904.34,180.868
C03758,10,903.6,90.36
C04403,7,903.47,129.06714285714287
C02764,7,902.89,128.9842857142857
C00501,7,900.94,128.7057142857143
C01326,7,900.9100000000001,128.70142857142858
C02478,4,900.6,225.15
C00063,3,900.4499999999999,300.15
C03643,5,900.3399999999999,180.06799999999998
C03925,3,899.9499999999999,299.9833333333333
C03857,7,899.8000000000001,128.54285714285714
C04466,13,899.75,69.21153846153847
C00450,12,897.74,74.81166666666667
C02771,5,897.05,179.41
C03220,3,896.91,298.96999999999997
C04603,3,896.67,298.89
C03143,4,896.15,224.0375
C04397,8,894.74,111.8425
C04251,7,894.58,127.79714285714286
C02375,8,894.57,111.82125
C03736,9,893.23,99.24777777777778
C02818,7,893.17,127.59571428571428
C03995,11,893.17,81.19727272727272
C00266,8,893.17,111.64625
C01151,8,892.8199999999999,111.60249999999999
C01367,12,892.78,74.39833333333333
C00159,5,892.71,178.542
C02979,9,891.71,99.0788888888889
C02393,7,891.6,127.37142857142858
C03349,9,891.51,99.05666666666667
C01752,7,891.1800000000001,127.31142857142858
C00837,7,890.97,127.28142857142858
C03417,3,890.9100000000001,296.97
C03137,9,890.8299999999999,98.9811111111111
C04099,7,889.67,127.09571428571428
C00755,6,889.5500000000001,148.25833333333335
C03012,6,889.46,148.24333333333334
C03439,6,888.8399999999999,148.14
C04680,3,888.72,296.24
C01536,2,888.3599999999999,444.17999999999995
C04058,6,887.75,147.95833333333334
C02487,7,887.14,126.73428571428572
C04432,8,886.47,110.80875
C03890,7,885.92,126.55999999999999
C00733,9,884.75,98.30555555555556
C00416,7,884.4899999999999,126.35571428571427
C03006,5,884.43,176.886
C03319,6,883.8299999999999,147.30499999999998
C00981,11,883.21,80.29181818181819
C00186,12,883.18,73.59833333333333
C02076,6,881.84,146.97333333333333
C03965,7,881.51,125.92999999999999
C01683,5,881.31,176.262
C03189,10,880.19,88.019
C03721,8,878.05,109.75625
C04262,7,875.69,125.09857142857143
C02405,7,875.36,125.05142857142857
C01324,3,874.25,291.4166666666667
C04259,10,874.06,87.40599999999999
C04294,8,873.82,109.2275
C03292,6,873.24,145.54
C01382,14,873.1,62.364285714285714
C04273,6,872.71,145.45166666666668
C01826,7,872.6800000000001,124.66857142857144
C04125,5,872.6399999999999,174.52799999999996
C04818,5,872.27,174.454
C04946,5,871.97,174.394
C00675,2,871.74,435.87
C03369,6,870.9,145.15
C03241,10,870.8,87.08
C04420,4,870.62,217.655
C04847,8,870.4,108.8
C03829,8,870.39,108.79875
C00786,9,869.87,96.65222222222222
C04316,3,868.79,289.59666666666664
C03807,6,868.59,144.76500000000001
C02876,10,867.5600000000001,86.756
C01746,5,867.06,173.41199999999998
C01454,9,865.69,96.18777777777778
C00367,8,865.11,108.13875
C01241,4,864.97,216.2425
C02740,7,863.77,123.39571428571428
C00980,7,863.62,123.37428571428572
C03973,9,862.89,95.87666666666667
C04226,5,862.43,172.486
C02460,7,862.37,123.19571428571429
C04994,12,861.91,71.82583333333334
C04347,6,860.51,143.41833333333332
C01224,4,860.04,215.01
C01256,6,859.72,143.28666666666666
C04630,8,858.5699999999999,107.32124999999999
C04393,8,857.75,107.21875
C00753,14,857.75,61.267857142857146
C03906,5,857.65,171.53
C03484,10,856.29,85.62899999999999
C03309,5,856.05,171.20999999999998
C04231,7,855.98,122.28285714285714
C04554,3,855.8,285.26666666666665
C04898,7,854.79,122.11285714285714
C02394,6,853.9,142.31666666666666
C03202,3,853.69,284.56333333333333
C03164,10,853.29,85.329
C00948,8,852.98,106.6225
C02726,5,852.88,170.576
C04430,5,852.4200000000001,170.484
C04082,7,852.13,121.73285714285714
C01157,5,852.11,170.422
C03766,7,851.98,121.71142857142857
C03003,6,851.6500000000001,141.9416666666667
C03944,7,851.55,121.64999999999999
C00024,9,849.96,94.44
C02862,5,849.8299999999999,169.96599999999998
C04612,9,849.81,94.42333333333333
C03075,6,849.4,141.56666666666666
C02942,4,849.39,212.3475
C03603,9,849.28,94.36444444444444
C00116,8,848.5799999999999,106.07249999999999
C04292,12,848.54,70.71166666666666
C02386,7,848.26,121.17999999999999
C03912,5,848.23,169.64600000000002
C04382,5,848.08,169.616
C00942,7,847.37,121.05285714285715
C01759,9,846.58,94.06444444444445
C01122,12,845.7,70.47500000000001
C02912,7,845.6600000000001,120.80857142857144
C01389,12,845.3100000000001,70.44250000000001
C03854,5,844.85,168.97
C00777,7,844.66,120.66571428571429
C03493,5,844.6,168.92000000000002
C02722,9,843.75,93.75
C03259,6,842.65,140.44166666666666
C02866,3,842.49,280.83
C02369,10,842.4899999999999,84.249
C03291,5,842.35,168.47
C02440,5,841.14,168.228
C01357,7,841.04,120.14857142857143
C01871,10,840.8100000000001,84.081
C02441,5,840.8100000000001,168.162
C00387,4,840.76,210.19
C03902,9,840.65,93.40555555555555
C02527,4,840.5699999999999,210.14249999999998
C02264,8,840.5500000000001,105.06875000000001
C00645,11,840.22,76.38363636363637
C04444,5,839.6,167.92000000000002
C02446,14,839.4,59.957142857142856
C00778,7,838.81,119.83
C02662,6,838.19,139.69833333333335
C03520,5,837.59,167.518
C03953,7,836.72,119.53142857142858
C00855,10,836.6800000000001,83.668
C04454,7,836.47,119.49571428571429
C00580,7,836.46,119.49428571428572
C04197,10,836.24,83.624
C01535,8,836.02,104.5025
C01360,5,834.5,166.9
C03177,6,834.19,139.03166666666667
C01387,4,834.0999999999999,208.52499999999998
C03994,2,833.84,416.92
C04772,11,832.4200000000001,75.67454545454547
C00562,10,832.1,83.21000000000001
C02312,11,831.01,75.54636363636364
C00819,6,830.47,138.41166666666666
C03085,6,830.45,138.40833333333333
C03149,8,829.9100000000001,103.73875000000001
C01947,12,829.22,69.10166666666667
C00173,8,828.44,103.555
C03510,5,828.3199999999999,165.664
C04180,7,827.5100000000001,118.2157142857143
C00520,3,826.81,275.6033333333333
C04369,9,825.9,91.76666666666667
C01396,10,825.55,82.55499999999999
C00518,9,825.46,91.71777777777778
C04404,10,825.18,82.518
C01377,12,825.18,68.765
C01792,7,825.18,117.88285714285713
C04282,5,825.02,165.004
C03191,10,822.68,82.268
C01439,6,822.14,137.02333333333334
C04546,4,822.1000000000001,205.52500000000003
C03485,5,822.1,164.42000000000002
C02605,5,821.51,164.302
C02469,7,821.29,117.32714285714285
C02969,9,821.09,91.23222222222222
C04926,6,820.94,136.82333333333335
C00552,7,820.4100000000001,117.20142857142858
C03725,6,820.22,136.70333333333335
C00843,11,820.2099999999999,74.56454545454545
C02232,6,819.99,136.665
C00213,6,819.64,136.60666666666665
C03272,11,818.69,74.42636363636365
C01846,9,818.06,90.89555555555555
C03654,8,817.95,102.24375
C04249,6,817.62,136.27
C01418,5,817.53,163.506
C00053,7,817.41,116.77285714285713
C03325,5,817.4,163.48
C03561,4,817.1600000000001,204.29000000000002
C03784,6,816.84,136.14000000000001
C03815,5,816.79,163.358
C00328,5,816.39,163.278
C02744,6,815.27,135.87833333333333
C00909,6,815.21,135.86833333333334
C02879,9,813.38,90.37555555555555
C01976,6,813.08,135.51333333333335
C03347,6,812.9,135.48333333333332
C04565,11,812.11,73.82818181818182
C02295,2,811.4200000000001,405.71000000000004
C00441,7,810.3399999999999,115.76285714285713
C04139,6,808.0,134.66666666666666
C03380,6,807.88,134.64666666666668
C04886,7,807.66,115.38
C04609,6,806.46,134.41
C00121,6,805.87,134.31166666666667
C01745,8,805.82,100.7275
C00730,6,804.76,134.12666666666667
C03157,7,804.39,114.91285714285713
C00515,5,804.1099999999999,160.82199999999997
C02402,5,803.74,160.748
C04046,5,803.69,160.738
C02904,6,802.97,133.82833333333335
C04629,7,802.9300000000001,114.70428571428572
C02507,6,801.03,133.505
C03022,4,800.13,200.0325
C00557,5,799.4499999999999,159.89
C04830,4,799.07,199.7675
C00906,8,798.99,99.87375
C01533,8,798.54,99.8175
C03420,5,798.04,159.608
C04243,2,797.5899999999999,398.79499999999996
C03512,3,797.5,265.8333333333333
C03818,10,797.1899999999999,79.719
C03540,5,797.04,159.408
C00006,9,796.84,88.53777777777778
C00453,8,796.18,99.5225
C00151,2,796.07,398.035
C01641,9,795.75,88.41666666666667
C01117,5,794.8199999999999,158.964
C03765,4,794.39,198.5975
C00208,5,793.8299999999999,158.766
C00997,7,792.8199999999999,113.25999999999999
C01213,7,792.28,113.18285714285715
C04408,8,791.98,98.9975
C00543,2,790.87,395.435
C00577,7,789.17,112.73857142857142
C00831,5,788.88,157.776
C01657,8,788.8,98.6
C00649,7,788.6800000000001,112.66857142857144
C04357,6,788.11,131.35166666666666
C00764,15,787.8,52.519999999999996
C00434,11,786.46,71.49636363636364
C03357,9,786.46,87.38444444444445
C01025,7,786.39,112.34142857142857
C00068,11,785.74,71.4309090909091
C02592,6,784.86,130.81
C04202,5,784.24,156.848
C02844,7,784.2,112.02857142857144
C02318,5,783.7699999999999,156.75399999999996
C00351,5,782.9,156.57999999999998
C02671,6,782.51,130.41833333333332
C00440,3,781.71,260.57
C03963,7,780.92,111.55999999999999
C02550,5,780.2,156.04000000000002
C03434,9,779.49,86.61
C01137,5,779.3299999999999,155.86599999999999
C04551,7,778.93,111.27571428571427
C01278,7,777.8,111.11428571428571
C04349,7,777.6700000000001,111.0957142857143
C02243,3,777.0100000000001,259.0033333333334
C00293,7,776.61,110.94428571428571
C03200,7,776.58,110.94000000000001
C04562,4,776.1899999999999,194.04749999999999
C02978,5,775.68,155.136
C00870,2,775.37,387.685
C01108,5,774.99,154.998
C03307,8,774.75,96.84375
C01537,4,774.73,193.6825
C00279,5,774.69,154.93800000000002
C01119,10,774.41,77.441
C02557,6,774.26,129.04333333333332
C03868,11,774.17,70.3790909090909
C04716,5,774.0699999999999,154.814
C00348,5,774.05,154.81
C00281,9,773.4,85.93333333333334
C00820,7,772.62,110.37428571428572
C02428,7,772.4599999999999,110.35142857142856
C04917,8,772.0899999999999,96.51124999999999
C01075,10,771.85,77.185
C04411,4,771.76,192.94
C04875,11,771.23,70.11181818181818
C01226,9,771.14,85.68222222222222
C04915,4,771.1,192.775
C00707,6,771.0,128.5
C01521,4,769.93,192.4825
C01817,4,769.69,192.4225
C02495,4,768.8999999999999,192.22499999999997
C00747,13,768.75,59.13461538461539
C03133,9,768.61,85.4011111111111
C00701,10,767.75,76.775
C01633,3,766.1800000000001,255.39333333333335
C01425,2,765.32,382.66
C01727,4,765.16,191.29
C00181,4,764.05,191.0125
C00252,4,763.87,190.9675
C04186,3,762.75,254.25
C03548,7,762.15,108.87857142857142
C02518,6,762.02,127.00333333333333
C01755,4,761.1999999999999,190.29999999999998
C02088,8,760.88,95.11
C02591,7,760.7099999999999,108.67285714285713
C04135,10,760.6800000000001,76.06800000000001
C03894,9,760.5600000000001,84.50666666666667
C01042,7,759.46,108.49428571428572
C02966,8,759.34,94.9175
C04782,6,757.53,126.255
C03538,9,757.23,84.13666666666667
C00804,5,756.98,151.39600000000002
C04400,5,756.47,151.294
C01853,10,756.3399999999999,75.63399999999999
C00721,6,756.21,126.03500000000001
C00313,7,755.1,107.87142857142858
C02285,9,755.0799999999999,83.89777777777778
C00326,3,754.29,251.42999999999998
C00996,3,754.0400000000001,251.3466666666667
C03964,10,754.0300000000001,75.403
C04982,6,753.5799999999999,125.59666666666665
C02646,8,753.49,94.18625
C00937,6,752.88,125.48
C01242,10,752.58,75.25800000000001
C01680,2,752.1500000000001,376.07500000000005
C02849,11,751.56,68.32363636363635
C01329,4,751.1800000000001,187.79500000000002
C03788,13,751.01,57.769999999999996
C02450,6,749.76,124.96
C03840,10,749.65,74.965
C01207,5,749.59,149.918
C00140,8,749.38,93.6725
C02502,7,749.31,107.0442857142857
C00697,8,748.87,93.60875
C02798,5,748.69,149.738
C00394,8,748.0,93.5
C04459,8,747.62,93.4525
C03936,11,747.02,67.91090909090909
C02500,4,747.0,186.75
C01437,12,746.41,62.20083333333333
C04051,4,745.51,186.3775
C03126,5,745.1299999999999,149.02599999999998
C01543,12,744.9,62.074999999999996
C03478,3,744.76,248.25333333333333
C02805,6,744.28,124.04666666666667
C01625,10,743.97,74.397
C02841,5,743.7099999999999,148.742
C01662,4,743.26,185.815
C00826,9,743.07,82.56333333333333
C04538,5,742.25,148.45
C04860,4,742.1700000000001,185.54250000000002
C00353,4,741.31,185.3275
C03339,4,740.82,185.205
C01143,5,740.63,148.126
C01971,9,739.96,82.21777777777778
C02190,7,739.85,105.69285714285715
C02640,5,739.8199999999999,147.964
C04489,9,739.8199999999999,82.20222222222222
C00553,6,739.37,123.22833333333334
C00517,12,739.09,61.590833333333336
C03515,5,738.4,147.68
C02561,9,737.94,81.99333333333334
C01730,8,737.8,92.225
C01618,7,737.76,105.39428571428572
C01981,3,736.77,245.59
C03918,6,735.96,122.66000000000001
C01676,5,734.95,146.99
C04769,11,734.36,66.76
C03692,5,734.31,146.862
C04797,5,734.13,146.826
C02999,6,730.51,121.75166666666667
C01034,8,730.21,91.27625
C00257,3,730.09,243.36333333333334
C01718,8,729.8199999999999,91.22749999999999
C04298,4,727.9300000000001,181.98250000000002
C01949,6,727.3700000000001,121.22833333333335
C02430,6,727.27,121.21166666666666
C04172,4,727.26,181.815
C02419,10,727.1800000000001,72.718
C01845,9,726.93,80.77
C01997,8,726.77,90.84625
C01520,3,725.98,241.99333333333334
C02112,6,725.96,120.99333333333334
C03639,7,725.65,103.66428571428571
C02104,5,725.1,145.02
C01451,8,724.37,90.54625
C01338,5,724.12,144.824
C02716,7,723.8,103.39999999999999
C03116,8,723.69,90.46125
C03285,10,723.15,72.315
C03252,4,721.32,180.33
C00004,5,720.92,144.184
C00838,5,720.65,144.13
C01811,8,720.4200000000001,90.05250000000001
C01797,5,719.9300000000001,143.98600000000002
C04434,5,719.84,143.96800000000002
C00023,5,719.6,143.92000000000002
C00540,5,719.18,143.83599999999998
C00461,13,719.13,55.317692307692305
C04473,10,718.69,71.869
C02027,6,718.55,119.75833333333333
C00105,12,718.42,59.86833333333333
C04561,3,718.36,239.45333333333335
C01605,11,717.94,65.26727272727273
C01659,2,717.46,358.73
C04081,5,716.88,143.376
C01500,6,716.66,119.44333333333333
C01469,6,716.5699999999999,119.42833333333333
C03004,8,716.41,89.55125
C03814,14,716.38,51.17
C00595,7,715.59,102.22714285714287
C00114,3,715.1800000000001,238.39333333333335
C04971,6,714.53,119.08833333333332
C03813,4,713.04,178.26
C04805,9,712.37,79.15222222222222
C02221,9,711.19,79.02111111111111
C03869,10,711.03,71.103
C01099,7,709.65,101.37857142857142
C04899,9,709.52,78.83555555555556
C02566,9,709.33,78.81444444444445
C02268,4,708.89,177.2225
C01715,8,708.24,88.53
C03298,4,708.1700000000001,177.04250000000002
C00183,12,708.02,59.001666666666665
C02461,5,707.38,141.476
C00042,5,706.67,141.334
C04407,6,705.3,117.55
C04207,8,705.1800000000001,88.14750000000001
C03733,6,704.71,117.45166666666667
C02617,11,704.5600000000001,64.0509090909091
C03947,6,702.85,117.14166666666667
C00215,6,702.8,117.13333333333333
C00936,9,702.71,78.0788888888889
C01078,3,702.6899999999999,234.23
C01167,3,702.55,234.1833333333333
C02830,7,701.56,100.22285714285714
C00998,9,701.55,77.94999999999999
C04083,7,701.05,100.14999999999999
C03667,5,700.9,140.18
C03698,5,700.77,140.154
C04422,6,700.28,116.71333333333332
C01346,5,699.63,139.926
C00371,3,699.3,233.1
C03214,7,698.81,99.83
C00344,7,697.6899999999999,99.66999999999999
C03486,7,697.41,99.63
C01235,2,697.3399999999999,348.66999999999996
C01539,8,696.23,87.02875
C03335,3,696.16,232.0533333333333
C02144,8,695.51,86.93875
C00271,9,694.45,77.16111111111111
C00788,7,693.18,99.02571428571427
C03125,5,691.79,138.358
C04070,7,691.51,98.78714285714285
C00642,5,690.95,138.19
C02537,5,690.2900000000001,138.05800000000002
C01187,3,689.53,229.84333333333333
C01142,6,688.67,114.77833333333332
C01219,4,688.22,172.055
C04269,7,688.18,98.31142857142856
C04038,6,687.55,114.59166666666665
C04654,7,687.42,98.20285714285714
C04583,8,687.39,85.92375
C03697,9,687.3,76.36666666666666
C04247,7,686.9200000000001,98.13142857142859
C01795,5,686.61,137.322
C01247,5,685.49,137.098
C04834,7,685.23,97.89
C04998,5,684.6800000000001,136.936
C04346,8,683.54,85.4425
C03640,7,683.2900000000001,97.61285714285715
C04492,5,682.72,136.544
C02272,6,682.62,113.77
C01889,6,681.5,113.58333333333333
C04792,7,680.26,97.17999999999999
C02998,7,678.76,96.96571428571428
C03276,7,678.33,96.90428571428572
C01211,5,678.25,135.65
C04800,3,678.16,226.0533333333333
C04944,7,678.12,96.87428571428572
C00146,7,677.5699999999999,96.79571428571428
C03746,3,677.37,225.79
C00225,6,677.16,112.86
C01128,2,677.05,338.525
C01615,7,677.04,96.72
C02382,3,676.45,225.48333333333335
C03505,5,676.3000000000001,135.26000000000002
C02052,8,675.86,84.4825
C01787,8,675.82,84.4775
C03672,7,675.55,96.50714285714285
C03337,8,674.16,84.27
C03359,5,673.6999999999999,134.73999999999998
C00893,8,673.1400000000001,84.14250000000001
C00677,8,672.9,84.1125
C01788,4,672.29,168.0725
C01739,5,672.09,134.418
C03274,4,672.04,168.01
C02661,4,672.02,168.005
C04285,6,671.72,111.95333333333333
C01176,5,671.59,134.318
C03015,5,671.24,134.248
C02245,9,671.12,74.56888888888889
C00340,10,670.89,67.089
C01499,10,670.78,67.078
C01722,7,670.42,95.77428571428571
C01805,7,670.17,95.73857142857142
C02765,9,670.11,74.45666666666666
C02048,3,669.1500000000001,223.05000000000004
C03943,5,669.13,133.826
C03578,7,669.0799999999999,95.58285714285714
C01785,8,668.16,83.52
C02558,13,666.67,51.28230769230769
C02688,5,666.46,133.292
C02170,7,666.0,95.14285714285714
C04687,5,665.85,133.17000000000002
C02396,6,665.52,110.92
C00484,11,664.27,60.38818181818181
C04456,8,663.9200000000001,82.99000000000001
C01998,6,662.33,110.38833333333334
C04564,3,661.55,220.51666666666665
C02205,6,660.51,110.085
C03315,4,660.45,165.1125
C01098,5,660.12,132.024
C03190,6,660.0699999999999,110.01166666666666
C04402,3,659.55,219.85
C02968,7,658.88,94.12571428571428
C01693,7,658.8399999999999,94.11999999999999
C00282,7,658.1,94.01428571428572
C02689,6,658.1,109.68333333333334
C02230,9,657.04,73.00444444444445
C03404,4,656.87,164.2175
C00470,7,655.88,93.69714285714285
C00420,7,654.83,93.54714285714286
C04246,5,654.81,130.962
C03489,5,652.5699999999999,130.51399999999998
C01681,7,652.5699999999999,93.2242857142857
C03707,7,652.35,93.19285714285715
C04344,7,651.6800000000001,93.09714285714287
C01276,10,650.89,65.089
C04596,5,650.65,130.13
C00529,5,650.36,130.072
C00025,9,649.49,72.16555555555556
C04606,3,649.21,216.40333333333334
C04302,5,649.17,129.834
C04611,4,647.79,161.9475
C04101,3,647.6899999999999,215.89666666666665
C02831,8,647.57,80.94625
C04528,2,646.1400000000001,323.07000000000005
C04633,5,646.02,129.204
C04960,6,645.5,107.58333333333333
C01557,6,644.4300000000001,107.40500000000002
C03664,7,644.25,92.03571428571429
C00627,4,643.8299999999999,160.95749999999998
C01393,6,643.79,107.29833333333333
C01733,7,643.77,91.96714285714286
C04516,4,643.08,160.77
C04423,4,642.8499999999999,160.71249999999998
C02079,6,642.66,107.11
C04865,5,642.58,128.51600000000002
C02061,4,642.5600000000001,160.64000000000001
C01814,3,642.1299999999999,214.0433333333333
C01684,7,641.7,91.67142857142858
C00708,6,639.26,106.54333333333334
C02825,4,638.69,159.6725
C03828,7,637.62,91.08857142857143
C00020,8,636.77,79.59625
C02660,6,636.26,106.04333333333334
C01574,7,635.8299999999999,90.83285714285714
C02040,3,635.22,211.74
C03080,7,634.78,90.68285714285715
C01909,3,633.65,211.21666666666667
C00332,6,633.43,105.57166666666666
C01245,5,632.2,126.44000000000001
C04715,5,632.0899999999999,126.41799999999998
C02857,6,631.6,105.26666666666667
C03436,5,631.18,126.23599999999999
C02820,3,630.93,210.30999999999997
C04387,4,629.99,157.4975
C04002,5,629.65,125.92999999999999
C00246,6,629.14,104.85666666666667
C04788,8,628.55,78.56875
C04426,2,627.65,313.825
C00034,2,626.22,313.11
C02709,8,626.18,78.2725
C03514,4,626.01,156.5025
C04945,8,625.4300000000001,78.17875000000001
C04388,6,625.29,104.21499999999999
C03400,9,624.49,69.38777777777779
C04781,5,624.33,124.86600000000001
C02486,6,623.88,103.98
C03648,7,623.42,89.05999999999999
C03027,6,622.99,103.83166666666666
C04036,6,622.89,103.815
C01082,7,621.74,88.82000000000001
C04391,6,621.18,103.52999999999999
C03537,7,620.53,88.64714285714285
C04102,8,620.01,77.50125
C01686,8,619.78,77.4725
C01514,8,619.66,77.4575
C02410,4,619.64,154.91
C00478,3,619.3399999999999,206.44666666666663
C01751,7,618.83,88.40428571428572
C00074,4,618.67,154.6675
C02480,2,618.64,309.32
C00076,7,618.51,88.35857142857142
C02275,7,618.34,88.33428571428571
C02663,6,618.23,103.03833333333334
C00537,5,618.0,123.6
C04888,4,617.99,154.4975
C00617,8,617.95,77.24375
C04074,5,617.68,123.53599999999999
C03978,8,617.67,77.20875
C02963,5,617.13,123.426
C03827,5,617.13,123.426
C03941,7,616.37,88.05285714285715
C00990,7,616.25,88.03571428571429
C00264,6,615.9,102.64999999999999
C00770,2,614.81,307.405
C04033,2,614.42,307.21
C00887,9,614.0,68.22222222222223
C02989,7,613.49,87.64142857142858
C04870,7,613.4200000000001,87.63142857142859
C00530,4,613.3199999999999,153.32999999999998
C01132,5,613.06,122.612
C03980,8,612.35,76.54375
C02024,4,611.91,152.9775
C02283,7,610.4399999999999,87.20571428571428
C00043,9,609.95,67.77222222222223
C03237,8,609.95,76.24375
C03737,6,609.55,101.59166666666665
C04185,6,609.04,101.50666666666666
C01988,5,608.51,121.702
C00669,7,608.3699999999999,86.90999999999998
C02644,7,606.99,86.71285714285715
C02902,10,606.5699999999999,60.657
C03591,7,606.3,86.61428571428571
C04931,6,604.72,100.78666666666668
C01696,2,604.22,302.11
C01400,9,602.95,66.99444444444445
C00386,5,602.46,120.492
C03938,7,602.4399999999999,86.06285714285714
C00672,6,602.29,100.38166666666666
C01237,10,601.9,60.19
C02790,5,601.1400000000001,120.22800000000002
C00618,4,601.13,150.2825
C01743,6,600.76,100.12666666666667
C00772,10,600.21,60.021
C03049,6,599.22,99.87
C02224,5,598.97,119.79400000000001
C01115,7,598.3299999999999,85.47571428571428
C02051,7,598.27,85.46714285714286
C04350,4,598.1899999999999,149.54749999999999
C01697,3,597.05,199.01666666666665
C02284,6,596.59,99.43166666666667
C00003,3,596.56,198.85333333333332
C00280,5,596.49,119.298
C04094,6,596.22,99.37
C03887,10,594.74,59.474000000000004
C00318,5,594.3199999999999,118.86399999999999
C03266,5,594.0699999999999,118.814
C00459,10,593.04,59.303999999999995
C04845,11,593.01,53.91
C01629,5,591.9300000000001,118.38600000000001
C03450,6,591.71,98.61833333333334
C01248,9,591.57,65.73
C03747,10,591.51,59.150999999999996
C00965,9,591.05,65.67222222222222
C02994,6,590.79,98.46499999999999
C00444,3,590.15,196.71666666666667
C02919,9,589.6,65.51111111111112
C02593,5,588.75,117.75
C04195,7,588.34,84.04857142857144
C01784,3,587.55,195.85
C03517,7,586.29,83.75571428571428
C02611,5,585.76,117.152
C04385,4,585.52,146.38
C01441,7,585.46,83.63714285714286
C03392,9,585.21,65.02333333333334
C04093,6,585.2,97.53333333333335
C04552,5,584.98,116.99600000000001
C00032,5,584.75,116.95
C02864,3,584.6700000000001,194.89000000000001
C04394,5,584.1700000000001,116.83400000000002
C04555,3,583.6,194.53333333333333
C03122,6,582.35,97.05833333333334
C03057,3,581.78,193.92666666666665
C02206,10,581.62,58.162
C03034,6,581.55,96.925
C04223,9,581.47,64.60777777777778
C00449,10,581.21,58.121
C00731,5,581.0999999999999,116.21999999999998
C01468,6,580.92,96.82
C03416,5,580.03,116.006
C04077,2,579.89,289.945
C04900,2,579.14,289.57
C00110,7,579.1,82.72857142857143
C00956,8,577.24,72.155
C02757,7,577.22,82.46000000000001
C02703,7,577.14,82.44857142857143
C03846,10,576.72,57.672000000000004
C00108,8,576.49,72.06125
C00200,9,576.39,64.04333333333334
C04381,6,576.12,96.02
C03165,2,575.9399999999999,287.96999999999997
C04719,6,575.78,95.96333333333332
C03580,7,575.2,82.17142857142858
C03081,4,574.3,143.575
C02010,4,573.46,143.365
C01524,8,573.08,71.635
C04436,9,571.74,63.52666666666667
C02199,8,571.74,71.4675
C03950,2,571.71,285.855
C01206,7,571.31,81.61571428571428
C04138,7,571.06,81.58
C01770,4,570.44,142.61
C03228,10,570.19,57.019000000000005
C01335,2,569.96,284.98
C04951,2,569.9200000000001,284.96000000000004
C02063,2,569.67,284.835
C04796,8,568.6,71.075
C04706,5,568.26,113.652
C02847,12,567.86,47.321666666666665
C04872,8,567.18,70.8975
C01281,7,566.17,80.88142857142857
C03771,10,565.5,56.55
C02016,7,565.03,80.71857142857142
C03182,6,564.8100000000001,94.135
C01212,5,564.37,112.874
C03065,5,564.0600000000001,112.81200000000001
C03856,6,563.51,93.91833333333334
C02906,7,563.16,80.45142857142856
C02848,9,563.13,62.57
C01362,6,562.76,93.79333333333334
C02069,8,562.44,70.305
C03712,4,562.23,140.5575
C03910,5,561.68,112.33599999999998
C00303,4,561.64,140.41
C02183,3,560.68,186.89333333333332
C02293,7,558.99,79.85571428571428
C02239,4,558.92,139.73
C02498,4,558.42,139.605
C02400,5,558.29,111.65799999999999
C03845,8,557.66,69.7075
C04967,8,557.06,69.6325
C00611,4,557.04,139.26
C04245,7,556.81,79.5442857142857
C04831,5,556.48,111.296
C04758,5,555.5,111.1
C04624,4,554.8,138.7
C04923,5,554.72,110.944
C04416,6,554.71,92.45166666666667
C04722,4,554.48,138.62
C04895,7,554.27,79.18142857142857
C02504,4,554.0699999999999,138.51749999999998
C00260,7,553.3000000000001,79.04285714285716
C00463,5,552.78,110.556
C02837,5,552.33,110.46600000000001
C04490,4,552.17,138.0425
C00289,6,551.29,91.88166666666666
C01285,4,550.4100000000001,137.60250000000002
C00625,3,550.23,183.41
C02853,4,549.43,137.3575
C02087,3,549.15,183.04999999999998
C03390,6,549.14,91.52333333333333
C04345,3,548.99,182.99666666666667
C04628,7,548.87,78.41
C03932,2,548.42,274.21
C03841,5,548.34,109.668
C02812,6,548.22,91.37
C04817,5,547.99,109.598
C00046,3,547.93,182.64333333333332
C00930,6,546.86,91.14333333333333
C03952,3,546.01,182.00333333333333
C04511,4,545.65,136.4125
C04949,7,545.4399999999999,77.91999999999999
C03251,4,545.21,136.3025
C02238,5,545.03,109.006
C04039,6,544.52,90.75333333333333
C02347,6,544.18,90.69666666666666
C00464,6,543.94,90.65666666666668
C02975,3,543.4,181.13333333333333
C04332,7,542.91,77.55857142857143
C00676,5,542.45,108.49000000000001
C01391,4,542.12,135.53
C03885,4,541.5,135.375
C01802,7,540.95,77.27857142857144
C02546,7,540.78,77.25428571428571
C01057,6,540.75,90.125
C00822,5,540.64,108.128
C01960,9,540.36,60.04
C01290,6,540.03,90.005
C00544,4,539.99,134.9975
C03365,7,539.8,77.11428571428571
C01857,9,539.3,59.92222222222222
C04570,3,538.79,179.59666666666666
C04744,5,538.62,107.724
C01827,8,538.2,67.275
C03039,7,537.72,76.81714285714285
C04770,2,535.96,267.98
C03673,8,535.73,66.96625
C04569,5,535.4,107.08
C02213,3,535.3199999999999,178.43999999999997
C01679,3,535.28,178.42666666666665
C02278,3,535.04,178.34666666666666
C04591,4,534.83,133.7075
C01922,3,534.69,178.23000000000002
C04098,7,534.35,76.33571428571429
C02604,7,531.6700000000001,75.95285714285716
C01967,8,531.41,66.42625
C03441,7,531.36,75.90857142857143
C02409,10,530.96,53.096000000000004
C00967,9,530.84,58.98222222222223
C02417,4,530.53,132.6325
C02809,7,529.63,75.66142857142857
C02962,6,529.04,88.17333333333333
C02881,4,528.75,132.1875
C02121,6,528.37,88.06166666666667
C02543,4,528.2199999999999,132.05499999999998
C03426,4,528.12,132.03
C00361,9,527.97,58.663333333333334
C02003,5,527.47,105.494
C00571,8,527.06,65.8825
C01340,9,526.97,58.55222222222223
C00113,6,526.27,87.71166666666666
C03046,4,526.21,131.5525
C03742,8,526.14,65.7675
C01129,4,525.3299999999999,131.33249999999998
C02095,5,525.02,105.00399999999999
C03830,8,524.69,65.58625
C00094,6,524.55,87.425
C03756,3,524.37,174.79
C04590,3,524.04,174.67999999999998
C02785,2,523.99,261.995
C01673,5,523.87,104.774
C04206,7,523.74,74.82000000000001
C04091,5,523.7,104.74000000000001
C02057,4,523.61,130.9025
C01085,8,523.56,65.445
C02694,4,523.54,130.885
C02403,2,523.03,261.515
C02133,3,521.75,173.91666666666666
C00414,6,521.54,86.92333333333333
C04361,4,521.4,130.35
C00699,6,521.26,86.87666666666667
C00871,8,521.02,65.1275
C00467,6,519.36,86.56
C03053,4,518.84,129.71
C02664,5,518.6,103.72
C00241,9,518.29,57.587777777777774
C01416,4,517.95,129.4875
C02901,5,517.83,103.566
C04237,3,517.5999999999999,172.5333333333333
C02247,5,516.37,103.274
C02470,5,516.3299999999999,103.26599999999999
C03590,5,516.06,103.21199999999999
C04966,4,515.9300000000001,128.98250000000002
C02935,7,515.9,73.7
C00475,5,515.75,103.15
C00796,3,515.18,171.72666666666666
C02240,4,514.78,128.695
C02442,3,514.46,171.48666666666668
C04648,5,513.9200000000001,102.78400000000002
C05000,4,511.96000000000004,127.99000000000001
C00381,4,511.84000000000003,127.96000000000001
C02551,4,511.48,127.87
C02638,5,511.39,102.27799999999999
C00073,5,511.27,102.25399999999999
C02481,4,510.97,127.7425
C01045,4,510.41,127.6025
C00898,5,509.22,101.84400000000001
C00549,8,508.78,63.5975
C01462,7,508.73,72.67571428571429
C03205,5,508.7,101.74
C00578,3,508.18,169.39333333333335
C02520,4,507.74,126.935
C00012,6,507.69,84.615
C01717,6,507.65999999999997,84.61
C04594,6,507.59,84.59833333333333
C02947,5,507.58,101.51599999999999
C02310,4,507.33,126.8325
C02984,6,506.15,84.35833333333333
C03219,3,505.95000000000005,168.65
C01793,3,505.74,168.58
C00201,7,505.67,72.23857142857143
C04308,4,505.62,126.405
C01196,5,505.48,101.096
C01223,5,505.11,101.022
C00745,4,504.90999999999997,126.22749999999999
C04084,6,504.89,84.14833333333333
C03916,5,504.54,100.908
C02821,8,504.53,63.06625
C02855,6,504.37,84.06166666666667
C04892,5,504.36,100.872
C00637,5,504.26,100.852
C02161,3,502.88,167.62666666666667
C04317,2,502.83,251.415
C04510,5,502.62,100.524
C04129,3,502.11,167.37
C02768,3,501.90999999999997,167.3033333333333
C02426,5,501.46000000000004,100.292
C03403,4,501.27,125.3175
C03438,4,500.73,125.1825
C04238,3,500.62,166.87333333333333
C01542,4,500.41,125.1025
C03987,5,499.74,99.94800000000001
C02850,9,498.92,55.43555555555556
C03330,2,498.66999999999996,249.33499999999998
C02673,7,498.48,71.21142857142857
C04383,3,498.38,166.12666666666667
C00162,4,498.08,124.52
C01397,5,497.9,99.58
C02729,5,497.12,99.424
C03881,5,496.90000000000003,99.38000000000001
C03506,6,496.86,82.81
C02775,4,496.78000000000003,124.19500000000001
C04201,6,496.61,82.76833333333333
C01302,3,496.42,165.47333333333333
C03915,10,495.94,49.594
C00526,8,495.18,61.8975
C00941,5,494.89,98.978
C01501,5,494.49,98.898
C01215,2,493.49,246.745
C02925,8,493.38,61.6725
C04527,4,493.36,123.34
C04640,6,492.45,82.075
C02625,8,492.26,61.5325
C03622,5,491.89,98.378
C02600,5,491.71,98.342
C04649,3,490.65999999999997,163.5533333333333
C03123,7,490.62,70.08857142857143
C03423,8,490.55999999999995,61.31999999999999
C03924,8,489.94000000000005,61.24250000000001
C00443,5,489.43,97.886
C01601,5,489.32,97.864
C04985,8,489.29,61.16125
C04457,2,489.27000000000004,244.63500000000002
C04740,4,489.1,122.275
C00919,5,488.3,97.66
C03832,6,487.79,81.29833333333333
C03632,3,486.57,162.19
C02236,6,486.53,81.08833333333332
C02980,6,486.42,81.07000000000001
C03374,8,485.43,60.67875
C01293,4,485.21000000000004,121.30250000000001
C03386,8,485.09,60.63625
C01435,5,484.81,96.962
C04956,4,483.51,120.8775
C01498,5,483.41,96.682
C00931,4,482.33,120.5825
C01653,3,482.33,160.77666666666667
C00483,9,482.31,53.59
C00994,3,481.42,160.47333333333333
C03344,4,481.02,120.255
C02645,5,480.36,96.072
C00419,7,480.23,68.60428571428572
C01171,9,480.15,53.349999999999994
C02301,5,479.81,95.962
C00685,2,479.37,239.685
C04907,6,479.13,79.855
C03889,6,478.99,79.83166666666666
C04013,6,478.98,79.83
C04733,6,478.93,79.82166666666667
C04261,4,478.82,119.705
C04635,4,478.71000000000004,119.67750000000001
C03367,7,477.61,68.23
C04452,6,477.15999999999997,79.52666666666666
C01704,7,476.75,68.10714285714286
C03665,6,476.70000000000005,79.45
C02017,4,476.59000000000003,119.14750000000001
C00277,4,476.56,119.14
C04953,5,476.53999999999996,95.30799999999999
C00743,7,474.21000000000004,67.74428571428572
C02466,6,473.51,78.91833333333334
C04655,3,473.39,157.79666666666665
C00432,4,472.96,118.24
C02555,4,472.84000000000003,118.21000000000001
C01101,6,469.78,78.29666666666667
C01600,4,469.12,117.28
C02930,6,469.07,78.17833333333333
C03224,5,468.14,93.628
C02653,6,467.23,77.87166666666667
C04512,4,467.05,116.7625
C00791,5,466.68,93.336
C04992,7,466.45,66.63571428571429
C03013,4,465.56,116.39
C00715,6,465.45,77.575
C03954,3,465.37,155.12333333333333
C01634,6,465.21000000000004,77.53500000000001
C03729,5,463.97,92.79400000000001
C01984,7,463.2,66.17142857142856
C04672,7,462.89,66.12714285714286
C04278,6,462.19,77.03166666666667
C00283,5,462.03,92.40599999999999
C02111,2,462.0,231.0
C01731,8,460.77,57.59625
C00476,8,460.59999999999997,57.574999999999996
C02204,4,460.16999999999996,115.04249999999999
C00039,8,460.15,57.51875
C01829,4,460.14,115.035
C04078,2,459.96,229.98
C03035,5,458.52,91.704
C00902,4,457.98,114.495
C00897,9,457.8,50.86666666666667
C00524,5,457.0,91.4
C03178,3,456.08000000000004,152.02666666666667
C01378,2,456.05,228.025
C04930,6,456.01,76.00166666666667
C04463,5,455.66,91.132
C04878,6,454.24,75.70666666666666
C02089,2,454.11,227.055
C03562,6,453.63,75.605
C02797,5,451.78999999999996,90.35799999999999
C00044,6,451.71999999999997,75.28666666666666
C04532,5,451.26,90.252
C00559,9,450.46999999999997,50.05222222222222
C01203,2,450.22999999999996,225.11499999999998
C01588,10,450.1,45.010000000000005
C04681,2,449.87,224.935
C00130,4,449.59,112.3975
C04006,7,449.58,64.22571428571429
C01475,7,449.33,64.19
C04478,4,448.07000000000005,112.01750000000001
C01155,6,447.35,74.55833333333334
C03105,4,446.84999999999997,111.71249999999999
C03245,7,446.74,63.82
C03063,5,446.53,89.306
C03823,4,446.51,111.6275
C03940,6,446.19000000000005,74.36500000000001
C01260,3,445.79,148.59666666666666
C00860,2,445.79,222.895
C04749,7,445.61,63.65857142857143
C01450,8,445.53,55.69125
C03464,3,445.13,148.37666666666667
C04433,5,445.09000000000003,89.018
C03904,4,444.44,111.11
C00066,7,444.41,63.487142857142864
C03529,4,444.33,111.0825
C04535,5,444.25,88.85
C00083,6,444.15999999999997,74.02666666666666
C04351,4,443.92,110.98
C01855,4,443.73,110.9325
C01974,5,443.62,88.724
C04088,1,443.52,443.52
C03194,5,443.02,88.604
C00899,5,442.65,88.53
C04768,4,442.42,110.605
C03076,3,442.3,147.43333333333334
C01898,3,442.29,147.43
C00719,7,442.22,63.174285714285716
C03211,5,442.15,88.42999999999999
C02004,7,441.47,63.06714285714286
C03107,5,441.45,88.28999999999999
C03999,3,441.31000000000006,147.10333333333335
C03704,3,440.44000000000005,146.81333333333336
C01232,8,439.33,54.91625
C03608,3,439.14,146.38
C04483,5,438.92,87.784
C04307,2,437.72,218.86
C02288,7,437.68,62.52571428571429
C04802,4,436.86,109.215
C03020,5,436.7,87.34
C02913,2,436.56,218.28
C02515,5,436.34999999999997,87.27
C04958,7,435.89,62.269999999999996
C02373,6,435.75,72.625
C04131,4,435.67,108.9175
C03203,3,435.38000000000005,145.1266666666667
C03153,5,435.28000000000003,87.05600000000001
C03875,5,435.22,87.04400000000001
C02459,3,435.15,145.04999999999998
C04174,5,435.14,87.02799999999999
C01761,6,435.08,72.51333333333334
C01384,4,433.86,108.465
C04427,7,433.84000000000003,61.97714285714286
C03592,4,433.65,108.4125
C01690,6,432.71999999999997,72.11999999999999
C01523,5,432.56,86.512
C02826,3,432.09000000000003,144.03
C03849,5,431.84,86.368
C00615,6,431.78,71.96333333333332
C02618,6,431.63,71.93833333333333
C00853,3,431.62,143.87333333333333
C00913,5,431.01,86.202
C04876,3,430.95,143.65
C01639,4,430.9,107.725
C02499,5,430.24,86.048
C03019,6,429.41,71.56833333333334
C03077,3,429.13,143.04333333333332
C03240,4,428.84,107.21
C04850,5,428.59,85.71799999999999
C00568,4,428.15000000000003,107.03750000000001
C02300,11,427.97,38.906363636363636
C02423,4,427.77,106.9425
C03990,5,427.53000000000003,85.506
C00030,4,426.13,106.5325
C01141,5,425.75,85.15
C02957,8,425.65999999999997,53.207499999999996
C00500,5,425.65,85.13
C04162,10,425.2,42.519999999999996
C04955,5,424.87,84.974
C02516,3,424.63,141.54333333333332
C04599,4,424.08,106.02
C00513,7,424.05,60.57857142857143
C04905,2,423.73,211.865
C00304,5,423.49,84.69800000000001
C02437,5,422.56,84.512
C00666,4,422.39,105.5975
C00503,6,422.03,70.33833333333332
C00556,5,421.83,84.366
C03265,7,421.74,60.24857142857143
C04723,6,421.05,70.175
C01243,5,421.02,84.204
C03282,8,420.63,52.57875
C01879,5,420.11,84.022
C03363,3,420.08000000000004,140.02666666666667
C03216,2,419.69,209.845
C04832,3,419.68999999999994,139.89666666666665
C02777,3,419.39,139.79666666666665
C01595,5,419.0,83.8
C00961,4,418.25,104.5625
C01234,5,417.84,83.568
C02055,3,417.43,139.14333333333335
C02955,8,416.27,52.03375
C03867,4,415.62,103.905
C00014,1,415.2,415.2
C03168,1,415.13,415.13
C00276,8,414.61,51.82625
C04264,3,414.6,138.20000000000002
C01231,8,414.52,51.815
C00499,5,412.53000000000003,82.506
C00058,7,412.24,58.89142857142857
C03141,3,411.4,137.13333333333333
C03926,9,410.94,45.66
C03842,4,410.89,102.7225
C03011,5,410.84,82.16799999999999
C01735,6,410.54,68.42333333333333
C03482,5,410.47,82.09400000000001
C01951,6,409.94,68.32333333333334
C04343,4,409.81,102.4525
C03674,8,408.87,51.10875
C00278,5,408.71000000000004,81.742
C04685,4,408.32,102.08
C02824,3,408.05,136.01666666666668
C02929,5,407.87999999999994,81.576
C01779,4,407.01,101.7525
C02576,5,406.67,81.334
C02529,4,406.12,101.53
C01513,5,405.74,81.148
C04710,7,405.58,57.94
C00847,8,405.46,50.6825
C02610,3,405.12,135.04
C04598,4,404.4,101.1
C03579,5,404.09000000000003,80.81800000000001
C03802,9,404.09,44.898888888888884
C03247,3,403.23,134.41
C02680,3,402.97999999999996,134.32666666666665
C01799,3,402.69,134.23
C02687,3,402.24,134.08
C04356,4,402.08,100.52
C00011,6,401.90999999999997,66.985
C02431,4,401.88,100.47
C01502,6,401.75,66.95833333333333
C04645,4,401.74,100.435
C00262,5,400.96,80.192
C00905,4,400.14,100.035
C01274,1,400.09,400.09
C04322,6,400.03,66.67166666666667
C04843,4,399.19,99.7975
C03010,2,399.18,199.59
C01097,5,398.03,79.606
C02327,4,398.01,99.5025
C03465,3,397.77,132.59
C01174,2,396.18,198.09
C03197,2,395.98,197.99
C01116,5,395.78000000000003,79.156
C04435,4,395.71,98.9275
C00192,5,395.29,79.058
C04260,2,394.65,197.325
C04514,7,394.51,56.35857142857143
C01445,5,394.06,78.812
C01816,4,393.65,98.4125
C04901,3,392.53999999999996,130.84666666666666
C04914,4,392.46,98.115
C02970,3,391.9,130.63333333333333
C04732,4,390.97,97.7425
C02917,4,390.51,97.6275
C02157,6,390.33,65.05499999999999
C01895,5,390.2,78.03999999999999
C00001,3,389.85,129.95000000000002
C00307,6,388.62,64.77
C01953,5,388.57,77.714
C03624,6,388.18,64.69666666666667
C02727,6,388.12,64.68666666666667
C04927,4,387.4,96.85
C02333,3,386.61,128.87
C03430,5,385.92,77.184
C02779,4,385.85,96.4625
C02648,7,384.42,54.917142857142856
C02991,6,384.15,64.02499999999999
C03449,6,384.07,64.01166666666667
C03217,3,383.89,127.96333333333332
C01578,7,383.17,54.73857142857143
C00823,9,382.23,42.47
C03635,5,382.02,76.404
C01409,3,381.44,127.14666666666666
C04318,4,380.58000000000004,95.14500000000001
C01614,6,380.36,63.39333333333334
C01024,6,380.21,63.36833333333333
C02587,4,379.88,94.97
C03522,2,379.43,189.715
C04675,4,379.32,94.83
C01692,5,379.0,75.8
C03937,5,377.71,75.542
C04693,4,377.03999999999996,94.25999999999999
C00490,6,376.75,62.791666666666664
C03098,8,375.91,46.98875
C03727,4,375.26,93.815
C01375,4,375.11,93.7775
C04142,6,374.91999999999996,62.48666666666666
C02575,5,374.63,74.926
C04279,10,374.53,37.452999999999996
C03749,3,373.74,124.58
C01961,6,373.48,62.24666666666667
C02755,5,373.45,74.69
C02988,5,373.44,74.688
C03809,6,373.27,62.211666666666666
C01008,4,372.92,93.23
C02408,4,372.84000000000003,93.21000000000001
C00445,6,372.42,62.07
C00614,2,372.15000000000003,186.07500000000002
C02254,3,372.01,124.00333333333333
C00210,1,371.81,371.81
C00202,4,371.65,92.9125
C02306,4,371.12,92.78
C01048,4,370.48,92.62
C01392,6,370.37,61.72833333333333
C01056,4,369.93,92.4825
C01284,3,369.89,123.29666666666667
C02084,5,368.96,73.792
C04310,5,368.71,73.74199999999999
C02595,3,368.68,122.89333333333333
C02132,2,368.13,184.065
C02608,8,367.17,45.89625
C01990,5,367.08,73.416
C03129,5,366.65000000000003,73.33000000000001
C00658,5,365.93999999999994,73.18799999999999
C03429,5,364.9,72.97999999999999
C02642,4,364.82,91.205
C04520,6,364.64,60.77333333333333
C04571,2,364.5,182.25
C01421,3,364.28999999999996,121.42999999999999
C04173,7,363.85,51.978571428571435
C00212,6,363.69,60.615
C01577,4,363.27000000000004,90.81750000000001
C00584,3,363.12,121.04
C04313,3,363.0,121.0
C03783,7,361.28,51.61142857142857
C04576,9,361.13,40.12555555555556
C00309,7,360.7,51.528571428571425
C01584,4,360.65999999999997,90.16499999999999
C03446,5,360.56,72.112
C01806,6,359.71,59.95166666666666
C01572,6,359.39,59.89833333333333
C02926,2,359.07000000000005,179.53500000000003
C00665,6,358.65,59.775
C03422,5,358.63,71.726
C01516,10,358.56,35.856
C03498,4,358.18,89.545
C04884,4,357.47,89.3675
C02877,3,356.78,118.92666666666666
C02859,5,356.57,71.314
C01190,2,356.4,178.2
C02535,5,354.62,70.924
C04362,5,354.42,70.884
C04014,4,352.75,88.1875
C02624,4,352.64,88.16
C02666,1,351.82,351.82
C01884,3,351.73,117.24333333333334
C03593,4,351.43,87.8575
C04158,5,350.56,70.112
C01986,4,350.49,87.6225
C04100,5,350.31,70.062
C00031,4,350.3,87.575
C04806,6,350.2,58.36666666666667
C03001,4,350.14,87.535
C04300,5,349.31,69.862
C04109,4,349.02,87.255
C02505,6,348.73,58.12166666666667
C04024,3,348.14,116.04666666666667
C04531,2,346.9,173.45
C02465,4,346.9,86.725
C03381,4,346.80999999999995,86.70249999999999
C03702,2,346.75,173.375
C01000,7,346.57,49.51
C01945,6,346.51,57.751666666666665
C02789,6,346.45,57.74166666666667
C04116,6,346.05,57.675000000000004
C00914,4,344.71,86.1775
C01455,5,344.37,68.874
C00955,3,344.36,114.78666666666668
C00646,4,343.99,85.9975
C03418,6,343.74,57.29
C01773,3,343.69000000000005,114.56333333333335
C00327,3,343.39,114.46333333333332
C00249,6,343.36,57.22666666666667
C00494,5,342.23,68.446
C04037,9,342.2,38.02222222222222
C01263,6,341.6,56.93333333333334
C04123,5,341.07,68.214
C03159,4,340.36,85.09
C01862,2,339.93,169.965
C00379,4,339.72,84.93
C04312,4,339.5,84.875
C01791,3,338.76,112.92
C04959,4,337.75,84.4375
C04935,4,337.09,84.2725
C00654,4,336.77,84.1925
C01442,6,336.36,56.06
C01910,4,334.87,83.7175
C00987,5,334.77,66.954
C00836,2,334.52,167.26
C00338,5,334.45000000000005,66.89000000000001
C00051,5,333.8,66.76
C00603,5,333.33,66.666
C00673,5,333.31,66.662
C00593,3,331.45000000000005,110.48333333333335
C01794,4,331.36,82.84
C03083,3,331.19,110.39666666666666
C01110,6,330.96,55.16
C02041,2,330.21000000000004,165.10500000000002
C01369,2,330.15999999999997,165.07999999999998
C02710,4,329.14,82.285
C01209,10,328.11,32.811
C01405,5,328.08,65.616
C01741,3,327.97,109.32333333333334
C03433,5,327.61,65.522
C04001,5,327.42,65.48400000000001
C01448,5,327.23,65.446
C02166,4,327.0,81.75
C02047,2,326.6,163.3
C01272,2,325.74,162.87
C04941,3,325.64,108.54666666666667
C04973,5,325.21000000000004,65.042
C04866,8,325.08000000000004,40.635000000000005
C04124,6,323.95,53.99166666666667
C02932,6,323.2,53.86666666666667
C01233,5,322.33000000000004,64.46600000000001
C03544,5,322.08000000000004,64.41600000000001
C04049,7,321.99,45.99857142857143
C01908,8,321.98,40.2475
C04421,5,321.64,64.328
C02103,5,321.51,64.30199999999999
C03059,7,320.81,45.83
C04085,3,320.53,106.84333333333332
C03651,6,319.83,53.305
C03361,4,319.77000000000004,79.94250000000001
C04807,2,318.34,159.17
C00166,5,318.31,63.662
C00700,3,318.26,106.08666666666666
C01050,4,318.19,79.5475
C01265,6,317.89,52.98166666666666
C04451,4,316.49,79.1225
C00408,2,315.0,157.5
C02684,2,314.71,157.355
C01963,4,314.09,78.5225
C01968,6,313.91,52.318333333333335
C00773,1,312.34,312.34
C04695,4,312.07,78.0175
C03768,4,311.59,77.8975
C03900,3,311.2,103.73333333333333
C00586,3,310.84,103.61333333333333
C04479,4,310.61,77.6525
C02044,3,309.78,103.25999999999999
C04401,4,309.7,77.425
C03045,3,309.52,103.17333333333333
C02614,1,308.15,308.15
C00418,3,308.05,102.68333333333334
C00596,4,308.02,77.005
C04496,6,307.8,51.300000000000004
C01835,4,307.58000000000004,76.89500000000001
C00357,3,307.56,102.52
C03223,4,307.43,76.8575
C02326,4,307.42,76.855
C03786,6,306.54,51.09
C04040,4,304.48,76.12
C03750,7,303.67,43.38142857142857
C00314,5,303.23,60.646
C04424,5,302.53,60.50599999999999
C01093,5,302.51000000000005,60.50200000000001
C03734,5,302.26,60.452
C00097,1,301.99,301.99
C02939,2,301.92,150.96
C01758,4,301.57,75.3925
C03969,2,300.28000000000003,150.14000000000001
C00547,5,300.01,60.001999999999995
C02452,5,299.77,59.95399999999999
C02874,2,299.18,149.59
C03655,5,299.05,59.81
C04557,4,298.38,74.595
C00468,4,297.46999999999997,74.36749999999999
C03269,4,297.13,74.2825
C04631,8,297.07,37.13375
C01065,3,296.97,98.99000000000001
C01037,4,296.57,74.1425
C02556,5,296.33,59.266
C03792,4,295.77,73.9425
C00727,3,294.8,98.26666666666667
C04940,3,294.75,98.25
C02374,4,294.62,73.655
C04582,4,294.29,73.5725
C00397,4,294.08,73.52
C02248,3,292.84000000000003,97.61333333333334
C01294,4,292.53999999999996,73.13499999999999
C01466,4,292.17,73.0425
C03960,3,291.75,97.25
C02432,4,291.47,72.8675
C02745,4,291.16,72.79
C04589,4,291.11,72.7775
C02429,3,291.07,97.02333333333333
C02965,5,290.15,58.029999999999994
C02723,3,290.01,96.67
C00343,3,289.83,96.61
C00660,3,289.56,96.52
C02220,4,289.47,72.3675
C02231,5,289.31,57.862
C02737,3,288.48,96.16000000000001
C02367,6,287.63,47.93833333333333
C01775,3,287.22,95.74000000000001
C01327,2,286.64,143.32
C00331,3,286.3,95.43333333333334
C00220,6,286.16,47.693333333333335
C01983,2,286.15,143.075
C03627,4,286.02000000000004,71.50500000000001
C04670,3,285.67,95.22333333333334
C01404,6,285.34999999999997,47.55833333333333
C01172,4,284.83000000000004,71.20750000000001
C02033,5,284.41999999999996,56.88399999999999
C04450,5,284.29,56.858000000000004
C01503,4,284.24,71.06
C03087,1,283.41,283.41
C03432,2,282.36,141.18
C03553,5,282.33,56.465999999999994
C03119,4,281.51,70.3775
C04023,2,281.11,140.555
C01703,4,280.67,70.1675
C01201,3,280.37,93.45666666666666
C04493,4,279.81,69.9525
C00134,2,279.75,139.875
C00609,4,279.66,69.915
C01864,2,278.9,139.45
C04999,4,278.74,69.685
C03025,4,278.53000000000003,69.63250000000001
C02894,4,278.45,69.6125
C01311,6,278.38,46.39666666666667
C02262,4,278.21,69.5525
C04894,3,277.98999999999995,92.66333333333331
C03082,5,277.40999999999997,55.48199999999999
C01083,4,277.01,69.2525
C03017,5,276.17,55.234
C03872,3,275.78000000000003,91.92666666666668
C04549,4,275.55,68.8875
C02782,4,275.48,68.87
C04061,4,274.99,68.7475
C00790,4,274.69,68.6725
C03826,4,274.55,68.6375
C04902,2,273.57,136.785
C02094,3,272.94,90.98
C01180,5,272.43,54.486000000000004
C01948,3,272.01,90.67
C03029,3,271.88,90.62666666666667
C01055,5,270.91999999999996,54.18399999999999
C03385,3,269.94,89.98
C01192,1,269.8,269.8
C00356,5,269.76,53.952
C04889,3,268.48,89.49333333333334
C02109,6,268.32,44.72
C01102,4,268.24,67.06
C03895,4,268.24,67.06
C01449,3,267.72,89.24000000000001
C03421,4,267.43,66.8575
C02829,5,266.92,53.384
C01417,3,266.64,88.88
C00952,4,265.88,66.47
C01459,4,265.44,66.36
C00106,4,264.75,66.1875
C02036,3,264.72,88.24000000000001
C01576,4,264.01,66.0025
C02905,5,263.66,52.732000000000006
C01028,6,263.51,43.91833333333333
C03336,5,263.24,52.648
C04988,1,262.71,262.71
C00504,3,262.67,87.55666666666667
C03694,2,262.4,131.2
C03695,2,261.83,130.915
C01903,4,261.06,65.265
C03127,2,260.21,130.105
C02218,1,260.0,260.0
C00951,3,258.81,86.27
C02474,2,258.49,129.245
C00071,4,258.19,64.5475
C03888,6,258.14,43.02333333333333
C00190,4,258.03,64.5075
C03779,3,257.9,85.96666666666665
C04166,4,257.71999999999997,64.42999999999999
C03415,3,257.32,85.77333333333333
C01094,3,257.26,85.75333333333333
C01531,5,257.19,51.438
C02807,2,257.01,128.505
C01939,3,256.17,85.39
C04983,2,256.09000000000003,128.04500000000002
C02886,7,256.02,36.574285714285715
C02580,2,256.0,128.0
C00814,5,255.72,51.144
C00187,5,254.33,50.866
C02397,3,253.26999999999998,84.42333333333333
C04787,5,252.62,50.524
C04621,2,252.20000000000002,126.10000000000001
C01484,5,251.97,50.394
C02381,5,250.97,50.194
C04230,7,250.9,35.84285714285714
C04678,5,250.2,50.04
C01608,6,249.95,41.65833333333333
C01798,4,249.58999999999997,62.397499999999994
C01348,5,249.38,49.876
C03135,2,248.36,124.18
C04326,5,247.89999999999998,49.58
C02776,4,247.75,61.9375
C03711,3,247.31,82.43666666666667
C01463,3,246.85999999999999,82.28666666666666
C01197,4,246.64,61.66
C01611,4,246.54,61.635
C01544,2,245.83,122.915
C02712,3,245.81,81.93666666666667
C00255,2,245.64000000000001,122.82000000000001
C03923,6,244.94,40.82333333333333
C04196,3,244.65,81.55
C00848,3,244.43,81.47666666666667
C04160,4,244.26,61.065
C04438,6,244.0,40.666666666666664
C02484,2,243.89999999999998,121.94999999999999
C02804,4,243.25,60.8125
C00013,3,243.23000000000002,81.07666666666667
C00957,3,243.2,81.06666666666666
C01554,4,243.0,60.75
C03612,5,242.45,48.489999999999995
C04004,3,242.26,80.75333333333333
C00868,3,241.8,80.60000000000001
C00319,5,241.21,48.242000000000004
C00221,4,239.71,59.9275
C03258,5,239.66,47.932
C02101,2,238.73000000000002,119.36500000000001
C02918,3,238.49,79.49666666666667
C04147,4,238.01999999999998,59.504999999999995
C01992,5,236.97,47.394
C03187,2,236.6,118.3
C00749,2,236.52,118.26
C02528,3,235.52999999999997,78.50999999999999
C01774,4,235.39,58.8475
C00372,5,235.29,47.058
C03460,4,234.88,58.72
C01062,1,233.54,233.54
C01005,3,232.78000000000003,77.59333333333335
C04130,3,232.62,77.54
C00169,3,232.21,77.40333333333334
C02081,6,231.02999999999997,38.504999999999995
C02547,3,230.42000000000002,76.80666666666667
C01126,2,230.06,115.03
C02536,3,229.95,76.64999999999999
C04289,4,229.46,57.365
C02050,3,229.23,76.41
C03350,1,228.78,228.78
C02503,7,227.16,32.45142857142857
C02845,3,226.57999999999998,75.52666666666666
C03444,2,226.38,113.19
C02253,4,226.05,56.5125
C04068,2,225.88,112.94
C01754,3,224.93,74.97666666666667
C03405,3,223.72,74.57333333333334
C04731,3,222.85,74.28333333333333
C04964,4,222.56,55.64
C02621,2,221.89000000000001,110.94500000000001
C02628,4,221.18,55.295
C04011,3,221.16000000000003,73.72000000000001
C04415,2,220.67,110.335
C00184,3,219.98000000000002,73.32666666666667
C04622,4,219.89000000000001,54.972500000000004
C04933,2,219.82,109.91
C01699,2,219.57,109.785
C04852,4,219.22000000000003,54.80500000000001
C01316,4,219.14,54.785
C02120,3,218.93,72.97666666666667
C03555,5,218.8,43.760000000000005
C04558,4,218.61,54.6525
C01982,3,218.36,72.78666666666668
C00680,3,218.13,72.71
C02315,4,217.1,54.275
C04529,4,216.8,54.2
C00065,4,216.76,54.19
C00876,3,216.62,72.20666666666666
C03297,3,216.48,72.16
C03647,4,215.58,53.895
C00323,4,214.12,53.53
C00522,3,213.44,71.14666666666666
C02863,4,213.14000000000001,53.285000000000004
C02336,4,212.35999999999999,53.089999999999996
C01771,2,211.99,105.995
C02928,4,210.64,52.66
C01886,4,210.57999999999998,52.644999999999996
C04661,4,208.66,52.165
C03356,3,207.65,69.21666666666667
C03573,3,206.8,68.93333333333334
C02123,4,205.69,51.4225
C03931,3,205.58,68.52666666666667
C04211,1,205.17,205.17
C01950,3,203.22000000000003,67.74000000000001
C03323,5,202.53,40.506
C04062,3,201.24,67.08
C04717,5,201.18,40.236000000000004
C02627,3,201.16,67.05333333333333
C04713,2,200.93,100.465
C04378,3,200.32,66.77333333333333
C02028,6,199.47,33.245
C03822,3,199.34,66.44666666666667
C03866,4,199.24,49.81
C04364,2,198.85999999999999,99.42999999999999
C04550,3,198.81,66.27
C00910,2,198.45000000000002,99.22500000000001
C00104,1,197.97,197.97
C00163,5,197.33,39.466
C03061,4,196.94,49.235
C00349,4,196.12,49.03
C03597,3,195.57999999999998,65.19333333333333
C02633,3,195.23000000000002,65.07666666666667
C02654,3,194.98000000000002,64.99333333333334
C00528,3,194.45999999999998,64.82
C00689,3,194.44,64.81333333333333
C01710,3,193.45,64.48333333333333
C00128,2,193.4,96.7
C00644,3,192.63,64.21
C03226,4,192.62,48.155
C00329,2,192.17000000000002,96.08500000000001
C02784,2,191.63,95.815
C01411,3,189.70999999999998,63.23666666666666
C04974,4,189.69,47.4225
C04948,3,189.66,63.22
C03821,3,189.26,63.086666666666666
C01732,5,188.88,37.775999999999996
C03850,5,188.83,37.766000000000005
C04711,5,188.72,37.744
C00638,5,188.44,37.688
C04485,4,188.34,47.085
C03320,5,187.8,37.56
C01987,4,187.74,46.935
C01431,2,187.35,93.675
C03739,1,187.32,187.32
C03911,2,187.25,93.625
C02806,3,186.95,62.31666666666666
C00621,3,186.53,62.17666666666667
C02019,2,186.19,93.095
C03050,4,186.17000000000002,46.542500000000004
C00833,1,185.8,185.8
C02449,5,185.75,37.15
C03677,2,185.20000000000002,92.60000000000001
C04508,4,183.95,45.9875
C01472,5,183.85,36.769999999999996
C04641,2,183.8,91.9
C01337,4,183.57999999999998,45.894999999999996
C03853,2,183.34,91.67
C03468,3,182.21,60.73666666666667
C02911,2,182.15,91.075
C02075,5,181.98000000000002,36.396
C02290,4,181.65,45.4125
C04703,2,181.49,90.745
C00301,2,181.19,90.595
C02851,3,180.87,60.29
C02538,2,180.57,90.285
C01351,2,180.29000000000002,90.14500000000001
C01419,4,180.26,45.065
C04216,1,179.52,179.52
C00807,6,179.0,29.833333333333332
C00056,4,178.61,44.6525
C04784,3,178.53,59.51
C04212,3,178.45999999999998,59.48666666666666
C04835,2,178.32,89.16
C01029,3,178.1,59.36666666666667
C01924,2,178.07000000000002,89.03500000000001
C01658,3,178.01999999999998,59.339999999999996
C03502,3,177.95000000000002,59.31666666666667
C01534,3,177.81,59.27
C02479,3,176.56,58.85333333333333
C01874,3,176.52,58.84
C02294,4,176.34,44.085
C00693,3,175.0,58.333333333333336
C00295,3,174.66,58.22
C01868,4,173.85,43.4625
C00694,2,173.22,86.61
C04593,1,172.9,172.9
C01424,3,172.81,57.60333333333333
C03466,3,172.76999999999998,57.589999999999996
C01628,3,171.89000000000001,57.296666666666674
C04669,2,171.69,85.845
C03113,2,171.53,85.765
C02140,3,171.43,57.14333333333334
C00756,4,171.19,42.7975
C02006,3,170.33,56.77666666666667
C04175,5,170.15,34.03
C02189,3,169.96,56.653333333333336
C00016,2,169.93,84.965
C04253,3,169.54,56.51333333333333
C04241,3,169.48,56.49333333333333
C00738,3,169.3,56.43333333333334
C00569,5,169.01,33.802
C04225,4,168.9,42.225
C00971,5,168.35,33.67
C00771,3,168.07,56.02333333333333
C00433,2,165.89,82.945
C02226,3,165.57,55.19
C00147,3,165.22,55.07333333333333
C02982,4,165.15,41.2875
C04686,3,164.88,54.96
C01146,4,164.07,41.0175
C03521,5,163.99,32.798
C04932,3,163.18,54.39333333333334
C00160,3,163.07,54.35666666666666
C01955,1,162.62,162.62
C02289,4,162.56,40.64
C00928,3,162.31,54.10333333333333
C00514,3,162.04000000000002,54.01333333333334
C02062,3,161.76,53.919999999999995
C01861,4,161.57999999999998,40.394999999999996
C04712,4,161.41,40.3525
C00613,4,160.34,40.085
C04943,3,159.71,53.23666666666667
C03625,1,158.95,158.95
C04978,3,158.57999999999998,52.85999999999999
C00702,3,158.37,52.79
C03470,2,157.98,78.99
C02354,3,157.94,52.64666666666667
C04431,3,157.46,52.48666666666667
C02708,5,157.07,31.413999999999998
C02623,4,156.62,39.155
C02313,3,155.82,51.94
C01354,2,155.76999999999998,77.88499999999999
C02808,3,155.16,51.72
C00436,4,154.99,38.7475
C03611,2,154.47,77.235
C03685,4,153.94,38.485
C00133,1,153.72,153.72
C02338,3,152.79000000000002,50.93000000000001
C04210,4,152.3,38.075
C00078,4,151.82,37.955
C02241,4,151.42,37.855
C03713,2,150.96,75.48
C04608,2,149.58,74.79
C02473,4,149.13,37.2825
C02082,1,149.06,149.06
C01047,2,149.01,74.505
C03741,4,146.86,36.715
C04111,1,146.67,146.67
C04913,5,146.21,29.242
C02854,3,145.84,48.61333333333334
C02267,4,145.54,36.385
C02525,2,145.46,72.73
C03328,4,145.25,36.3125
C00923,3,145.04,48.346666666666664
C01173,4,144.82,36.205
C03545,3,143.25,47.75
C02137,4,142.53,35.6325
C02530,3,140.43,46.81
C02630,1,140.39,140.39
C00737,4,139.96,34.99
C00022,2,139.96,69.98
C00243,3,139.39,46.46333333333333
C02287,3,139.29,46.43
C03090,2,138.06,69.03
C02934,3,137.45000000000002,45.81666666666667
C03068,3,136.42,45.47333333333333
C00852,3,136.32,45.44
C03475,2,134.97,67.485
C04545,3,134.93,44.97666666666667
C02131,4,134.38,33.595
C04563,4,134.37,33.5925
C00752,2,132.75,66.375
C03681,2,131.84,65.92
C02692,1,131.73,131.73
C01320,2,131.41,65.705
C01304,1,131.25,131.25
C01672,3,131.21,43.73666666666667
C02884,3,130.96,43.653333333333336
C04215,1,130.84,130.84
C02108,2,130.37,65.185
C04486,2,129.23,64.615
C00061,3,128.5,42.833333333333336
C02899,2,127.14,63.57
C01689,2,127.09,63.545
C00878,1,126.94,126.94
C03808,3,126.21,42.07
C01259,2,125.49000000000001,62.745000000000005
C01106,2,125.41999999999999,62.709999999999994
C03576,4,125.32000000000001,31.330000000000002
C03630,2,124.85,62.425
C04239,1,124.77,124.77
C03897,1,124.4,124.4
C00488,4,119.50999999999999,29.877499999999998
C01549,3,119.41999999999999,39.806666666666665
C03604,4,118.67,29.6675
C03227,4,118.67,29.6675
C03761,2,118.56,59.28
C02717,2,118.05,59.025
C04548,3,116.89999999999999,38.96666666666666
C01457,1,116.8,116.8
C04921,2,116.78,58.39
C02533,2,116.13,58.065
C03921,4,115.72999999999999,28.932499999999997
C04198,2,115.06,57.53
C02772,4,114.37,28.5925
C04118,4,113.64,28.41
C01691,1,113.64,113.64
C01927,3,113.03,37.67666666666667
C02541,4,112.84,28.21
C04355,2,112.82,56.41
C01781,4,112.69,28.1725
C01632,3,112.3,37.43333333333333
C02434,6,112.26,18.71
C01214,2,112.01,56.005
C01891,2,111.35,55.675
C00402,1,111.3,111.3
C03146,3,108.6,36.199999999999996
C00267,2,108.03,54.015
C03984,4,107.55000000000001,26.887500000000003
C02524,2,106.88,53.44
C00629,4,106.85000000000001,26.712500000000002
C04321,2,106.08,53.04
C04586,2,106.03999999999999,53.019999999999996
C03865,3,105.47,35.156666666666666
C01941,2,105.1,52.55
C01652,2,105.03,52.515
C03239,3,104.86,34.95333333333333
C03871,1,104.83,104.83
C04748,3,104.38,34.79333333333333
C03267,3,104.11999999999999,34.70666666666666
C02406,3,103.87,34.623333333333335
C02549,3,103.0,34.333333333333336
C01970,2,102.67,51.335
C02250,2,102.59,51.295
C01860,3,102.3,34.1
C01671,2,102.24,51.12
C03570,2,102.05000000000001,51.025000000000006
C02365,2,100.06,50.03
C03477,2,98.96000000000001,49.480000000000004
C01959,3,98.81,32.93666666666667
C02179,2,98.1,49.05
C02685,2,97.98,48.99
C02244,1,97.9,97.9
C02629,2,97.77000000000001,48.885000000000005
C00300,1,97.67,97.67
C03342,2,97.49,48.745
C04330,2,95.63000000000001,47.815000000000005
C02732,2,94.98,47.49
C00857,2,93.73,46.865
C03638,3,93.53999999999999,31.179999999999996
C04526,2,92.46000000000001,46.230000000000004
C02801,2,91.83,45.915
C02146,3,91.24000000000001,30.413333333333338
C04793,3,91.1,30.366666666666664
C04868,4,90.53999999999999,22.634999999999998
C00767,2,90.46000000000001,45.230000000000004
C00079,2,89.74000000000001,44.870000000000005
C00705,3,89.59,29.863333333333333
C01053,2,89.25999999999999,44.629999999999995
C01851,3,89.05,29.683333333333334
C03791,1,88.53,88.53
C02348,4,87.78,21.945
C01193,2,87.6,43.8
C00263,2,87.59,43.795
C00256,2,87.58,43.79
C01702,1,86.63,86.63
C04934,2,86.51,43.255
C01136,3,86.23,28.743333333333336
C04288,3,85.78999999999999,28.596666666666664
C02106,4,85.3,21.325
C04021,3,85.19,28.396666666666665
C00634,2,84.58,42.29
C04000,4,84.22,21.055
C04096,2,83.84,41.92
C02043,1,81.8,81.8
C02735,2,81.65,40.825
C03985,1,80.86,80.86
C03111,1,80.47,80.47
C02020,2,79.19,39.595
C02282,2,78.78,39.39
C02158,2,78.76,39.38
C04846,3,78.72,26.24
C01700,3,78.2,26.066666666666666
C04328,2,77.92,38.96
C04409,1,77.46,77.46
C00661,2,77.02000000000001,38.510000000000005
C00575,2,76.9,38.45
C00734,1,75.8,75.8
C03974,1,74.62,74.62
C01179,2,73.66,36.83
C01121,2,70.16,35.08
C02467,2,70.01,35.005
C04468,2,69.42,34.71
C03366,3,68.95,22.983333333333334
C00926,2,68.67,34.335
C02026,2,68.39,34.195
C02897,1,67.23,67.23
C00127,2,67.22,33.61
C00165,1,67.11,67.11
C01525,1,66.82,66.82
C02372,2,66.47,33.235
C01587,1,65.53,65.53
C04066,2,65.12,32.56
C04113,1,65.11,65.11
C04348,2,63.489999999999995,31.744999999999997
C03764,2,62.99,31.495
C00623,2,61.46,30.73
C01288,2,61.19,30.595
C00081,1,61.0,61.0
C03787,2,60.94,30.47
C01300,1,60.7,60.7
C02316,3,59.05,19.683333333333334
C03905,1,58.95,58.95
C01530,2,58.61,29.305
C00330,2,58.56,29.28
C01080,1,57.31,57.31
C02786,1,56.93,56.93
C00659,1,56.72,56.72
C03408,2,56.37,28.185
C01074,2,56.26,28.13
C00975,2,55.0,27.5
C01058,2,52.42999999999999,26.214999999999996
C01199,2,51.63,25.815
C04104,1,51.27,51.27
C03584,2,51.2,25.6
C01067,2,50.42,25.21
C03362,1,49.91,49.91
C01072,1,49.6,49.6
C01428,2,49.18,24.59
C04957,2,48.25,24.125
C04030,1,47.59,47.59
C04637,1,47.15,47.15
C03690,2,45.99,22.995
C01597,2,45.440000000000005,22.720000000000002
C01359,1,45.19,45.19
C00946,1,43.13,43.13
C01878,3,42.58,14.193333333333333
C01675,1,40.23,40.23
C03798,1,38.97,38.97
C01063,2,38.27,19.135
C03030,1,38.18,38.18
C02986,2,37.21,18.605
C00541,1,36.77,36.77
C00288,1,36.19,36.19
C03007,1,33.5,33.5
C02817,2,32.35,16.175
C03102,1,32.14,32.14
C01301,1,31.92,31.92
C00686,2,31.810000000000002,15.905000000000001
C02021,1,30.55,30.55
C03332,1,29.93,29.93
C04487,1,29.66,29.66
C03864,1,28.3,28.3
C02128,1,28.13,28.13
C00388,1,27.91,27.91
C00465,1,26.29,26.29
C02443,1,25.59,25.59
C04891,1,23.8,23.8
C04455,1,23.66,23.66
C01670,1,23.38,23.38
C01840,1,22.59,22.59
C00757,1,19.83,19.83
C02937,1,15.83,15.83
C04119,1,15.01,15.01
C00095,1,14.5,14.5
C02615,1,12.12,12.12
C03499,1,11.8,11.8
C01847,1,11.79,11.79
C03279,1,9.39,9.39
