customer_id,orders_last_30d,orders_last_90d,total_spend_90d,avg_order_value_90d,category_diversity_90d,avg_quantity_per_order,days_since_last_order,customer_tenure_days,favorite_category,label
C00001,0,2,205.8,102.9,2,1.0,64.0,178.0,Fashion,0
C00002,0,0,0.0,0.0,0,0.0,90.0,355.0,unknown,0
C00003,0,0,0.0,0.0,0,0.0,224.0,283.0,unknown,0
C00004,1,1,191.84,191.84,1,1.0,16.0,381.0,Sports,0
C00005,2,5,802.26,160.452,5,1.2,3.0,451.0,Beauty,1
C00006,0,1,408.62,408.62,1,2.0,73.0,414.0,Electronics,1
C00007,0,2,846.53,423.265,2,1.5,54.0,324.0,Electronics,0
C00008,1,1,38.54,38.54,1,1.0,19.0,380.0,Toys,0
C00009,1,4,524.22,131.055,3,1.25,12.0,449.0,Fashion,1
C00010,1,1,148.33,148.33,1,1.0,12.0,351.0,Fashion,1
C00011,0,0,0.0,0.0,0,0.0,260.0,388.0,unknown,0
C00012,1,1,29.74,29.74,1,1.0,9.0,443.0,Books,0
C00013,0,1,17.49,17.49,1,1.0,32.0,365.0,Beauty,0
C00014,0,0,0.0,0.0,0,0.0,211.0,211.0,unknown,0
C00015,2,4,291.66,72.915,4,1.25,8.0,340.0,Beauty,0
C00016,0,0,0.0,0.0,0,0.0,321.0,380.0,unknown,0
C00017,1,1,140.19,140.19,1,3.0,24.0,429.0,Books,0
C00018,2,4,365.99,91.4975,3,1.0,0.0,438.0,Fashion,0
C00019,0,2,171.25,85.625,1,2.0,34.0,371.0,Grocery,1
C00020,0,1,92.92,92.92,1,1.0,37.0,403.0,Beauty,0
C00021,2,5,1442.82,288.56399999999996,5,1.8,14.0,339.0,Beauty,0
C00022,0,0,0.0,0.0,0,0.0,269.0,295.0,unknown,0
C00023,0,0,0.0,0.0,0,0.0,185.0,355.0,unknown,1
C00024,0,1,15.61,15.61,1,1.0,86.0,325.0,Grocery,0
C00025,1,4,199.59,49.8975,3,1.5,23.0,367.0,Books,0
C00026,0,0,0.0,0.0,0,0.0,249.0,402.0,unknown,0
C00027,2,4,1788.1499999999999,447.03749999999997,4,2.0,17.0,335.0,Electronics,1
C00028,1,2,351.54,175.77,2,2.0,13.0,395.0,Electronics,0
C00029,1,1,250.07,250.07,1,1.0,16.0,438.0,Electronics,0
C00030,0,0,0.0,0.0,0,0.0,135.0,361.0,unknown,0
C00031,0,1,50.88,50.88,1,1.0,59.0,355.0,Fashion,0
C00032,1,1,80.3,80.3,1,1.0,23.0,199.0,Fashion,0
C00033,0,0,0.0,0.0,0,0.0,168.0,427.0,unknown,0
C00034,0,0,0.0,0.0,0,0.0,329.0,380.0,unknown,0
C00035,1,2,2830.88,1415.44,1,1.5,1.0,104.0,Electronics,0
C00036,0,0,0.0,0.0,0,0.0,196.0,451.0,unknown,0
C00037,1,2,176.04000000000002,88.02000000000001,1,1.0,27.0,370.0,Fashion,0
C00038,0,0,0.0,0.0,0,0.0,160.0,287.0,unknown,1
C00039,0,0,0.0,0.0,0,0.0,177.0,370.0,unknown,0
C00040,0,1,107.43,107.43,1,1.0,51.0,170.0,Fashion,1
C00041,1,7,2136.66,305.2371428571428,5,1.1428571428571428,15.0,230.0,Electronics,1
C00042,0,0,0.0,0.0,0,0.0,191.0,290.0,unknown,0
C00043,1,1,17.81,17.81,1,1.0,7.0,430.0,Books,1
C00044,0,0,0.0,0.0,0,0.0,94.0,412.0,unknown,0
C00045,1,2,1258.07,629.035,1,2.5,5.0,444.0,Home,0
C00046,1,2,451.4,225.7,2,2.0,19.0,343.0,Grocery,0
C00047,0,0,0.0,0.0,0,0.0,152.0,433.0,unknown,0
C00048,0,1,38.23,38.23,1,1.0,43.0,412.0,Grocery,0
C00049,0,1,703.82,703.82,1,2.0,85.0,288.0,Electronics,0
C00050,5,12,1186.77,98.8975,5,1.9166666666666667,6.0,444.0,Beauty,1
C00051,0,0,0.0,0.0,0,0.0,190.0,415.0,unknown,0
C00052,2,7,1210.33,172.9042857142857,5,1.2857142857142858,20.0,416.0,Books,0
C00053,0,1,61.09,61.09,1,1.0,75.0,371.0,Sports,0
C00054,0,3,426.33,142.10999999999999,3,1.0,42.0,411.0,Beauty,0
C00055,0,0,0.0,0.0,0,0.0,103.0,438.0,unknown,1
C00056,0,0,0.0,0.0,0,0.0,110.0,296.0,unknown,0
C00057,1,4,1747.84,436.96,3,1.0,14.0,246.0,Electronics,0
C00058,1,3,298.48,99.49333333333334,3,1.0,12.0,383.0,Electronics,0
C00059,1,2,436.7,218.35,2,1.5,13.0,435.0,Fashion,0
C00060,0,2,782.4200000000001,391.21000000000004,2,1.0,64.0,447.0,Books,1
C00061,0,1,76.68,76.68,1,1.0,77.0,261.0,Toys,0
C00062,1,4,209.25,52.3125,4,1.0,28.0,273.0,Books,0
C00063,1,1,299.88,299.88,1,5.0,26.0,260.0,Toys,0
C00064,0,1,61.37,61.37,1,1.0,41.0,434.0,Fashion,0
C00065,0,1,36.95,36.95,1,1.0,89.0,389.0,Books,0
C00066,1,2,119.35,59.675,2,1.0,29.0,416.0,Fashion,0
C00067,1,3,428.58,142.85999999999999,3,1.0,12.0,441.0,Grocery,0
C00068,0,0,0.0,0.0,0,0.0,102.0,438.0,unknown,0
C00069,0,0,0.0,0.0,0,0.0,184.0,422.0,unknown,1
C00070,1,1,50.14,50.14,1,1.0,28.0,244.0,Toys,0
C00071,0,0,0.0,0.0,0,0.0,186.0,330.0,unknown,0
C00072,0,1,485.02,485.02,1,1.0,54.0,391.0,Home,1
C00073,0,1,20.7,20.7,1,1.0,84.0,411.0,Grocery,1
C00074,0,0,0.0,0.0,0,0.0,277.0,442.0,unknown,0
C00075,0,0,0.0,0.0,0,0.0,253.0,375.0,unknown,0
C00076,0,0,0.0,0.0,0,0.0,261.0,444.0,unknown,0
C00077,0,0,0.0,0.0,0,0.0,119.0,445.0,unknown,0
C00078,0,1,15.18,15.18,1,1.0,38.0,418.0,Grocery,0
C00079,0,0,0.0,0.0,0,0.0,364.0,395.0,unknown,0
C00080,0,2,997.81,498.905,2,1.5,32.0,415.0,Electronics,0
C00081,0,0,0.0,0.0,0,0.0,250.0,250.0,unknown,0
C00082,0,2,393.25,196.625,2,1.5,43.0,344.0,Electronics,0
C00083,0,3,259.4,86.46666666666665,3,2.3333333333333335,44.0,250.0,Fashion,0
C00084,3,4,520.1700000000001,130.04250000000002,4,1.5,6.0,419.0,Beauty,1
C00085,1,1,51.11,51.11,1,1.0,11.0,399.0,Grocery,1
C00086,0,2,330.98,165.49,2,1.0,37.0,437.0,Fashion,1
C00087,0,1,40.97,40.97,1,2.0,35.0,397.0,Grocery,0
C00088,0,0,0.0,0.0,0,0.0,102.0,434.0,unknown,1
C00089,0,0,0.0,0.0,0,0.0,126.0,425.0,unknown,0
C00090,1,1,16.51,16.51,1,2.0,4.0,433.0,Books,1
C00091,2,8,914.52,114.315,4,1.625,20.0,448.0,Fashion,0
C00092,0,2,383.78000000000003,191.89000000000001,2,1.0,68.0,438.0,Grocery,1
C00093,1,1,186.62,186.62,1,2.0,5.0,247.0,Sports,0
C00094,0,0,0.0,0.0,0,0.0,240.0,435.0,unknown,0
C00095,0,1,14.5,14.5,1,1.0,72.0,72.0,Books,0
C00096,0,0,0.0,0.0,0,0.0,115.0,317.0,unknown,1
C00097,0,0,0.0,0.0,0,0.0,424.0,424.0,unknown,0
C00098,2,3,931.66,310.55333333333334,3,1.3333333333333333,20.0,416.0,Electronics,0
C00099,1,2,135.16,67.58,2,1.0,21.0,327.0,Grocery,0
C00100,1,3,414.58000000000004,138.19333333333336,3,1.3333333333333333,23.0,418.0,Electronics,0
C00101,0,0,0.0,0.0,0,0.0,101.0,448.0,unknown,0
C00102,0,2,468.76,234.38,1,1.0,49.0,362.0,Electronics,0
C00103,0,0,0.0,0.0,0,0.0,248.0,427.0,unknown,0
C00104,0,1,197.97,197.97,1,1.0,85.0,85.0,Home,0
C00105,1,2,39.48,19.74,2,1.0,25.0,237.0,Books,0
C00106,0,0,0.0,0.0,0,0.0,133.0,359.0,unknown,0
C00107,0,2,556.37,278.185,2,1.0,42.0,420.0,Books,0
C00108,0,0,0.0,0.0,0,0.0,331.0,443.0,unknown,0
C00109,2,5,1169.6899999999998,233.93799999999996,4,1.8,12.0,361.0,Electronics,1
C00110,0,2,67.57,33.785,2,1.5,50.0,253.0,Books,1
C00111,2,5,1864.05,372.81,4,1.4,15.0,361.0,Electronics,0
C00112,0,0,0.0,0.0,0,0.0,301.0,411.0,unknown,0
C00113,0,0,0.0,0.0,0,0.0,128.0,402.0,unknown,0
C00114,1,1,320.44,320.44,1,1.0,25.0,333.0,Electronics,0
C00115,0,1,167.98,167.98,1,4.0,60.0,330.0,Fashion,0
C00116,1,1,9.72,9.72,1,1.0,22.0,386.0,Grocery,1
C00117,0,3,252.60999999999999,84.20333333333333,2,1.6666666666666667,39.0,332.0,Toys,0
C00118,0,2,287.09,143.545,2,1.0,56.0,280.0,Electronics,0
C00119,1,2,1154.79,577.395,2,1.0,11.0,363.0,Electronics,0
C00120,0,0,0.0,0.0,0,0.0,168.0,394.0,unknown,0
C00121,0,1,220.53,220.53,1,3.0,72.0,434.0,Fashion,0
C00122,0,0,0.0,0.0,0,0.0,155.0,308.0,unknown,0
C00123,0,4,272.93,68.2325,3,2.25,34.0,449.0,Grocery,0
C00124,0,1,292.12,292.12,1,5.0,75.0,337.0,Grocery,1
C00125,1,3,330.34000000000003,110.11333333333334,2,1.6666666666666667,22.0,398.0,Beauty,1
C00126,1,4,3748.84,937.21,3,2.5,22.0,290.0,Electronics,1
C00127,0,0,0.0,0.0,0,0.0,302.0,430.0,unknown,0
C00128,1,1,83.95,83.95,1,2.0,5.0,327.0,Grocery,0
C00129,2,4,186.45000000000002,46.612500000000004,1,1.25,2.0,434.0,Grocery,1
C00130,1,1,82.48,82.48,1,1.0,24.0,324.0,Beauty,0
C00131,0,3,892.6600000000001,297.55333333333334,3,1.0,57.0,437.0,Electronics,0
C00132,0,5,763.46,152.692,4,1.0,70.0,315.0,Electronics,1
C00133,0,1,153.72,153.72,1,1.0,89.0,89.0,Home,0
C00134,0,0,0.0,0.0,0,0.0,227.0,307.0,unknown,0
C00135,0,2,121.44,60.72,2,2.5,33.0,375.0,Fashion,0
C00136,2,5,549.16,109.832,4,1.0,13.0,452.0,Toys,1
C00137,0,0,0.0,0.0,0,0.0,117.0,293.0,unknown,1
C00138,1,3,2048.23,682.7433333333333,3,2.3333333333333335,7.0,365.0,Books,1
C00139,0,0,0.0,0.0,0,0.0,110.0,442.0,unknown,0
C00140,0,0,0.0,0.0,0,0.0,141.0,410.0,unknown,0
C00141,1,3,405.94,135.31333333333333,3,1.3333333333333333,11.0,406.0,Fashion,1
C00142,1,2,561.1800000000001,280.59000000000003,2,1.0,5.0,235.0,Electronics,1
C00143,0,2,144.77,72.385,2,2.5,40.0,432.0,Books,0
C00144,1,2,500.73999999999995,250.36999999999998,2,1.5,10.0,271.0,Books,0
C00145,1,2,1943.4299999999998,971.7149999999999,2,2.5,21.0,355.0,Beauty,1
C00146,0,0,0.0,0.0,0,0.0,216.0,399.0,unknown,0
C00147,0,0,0.0,0.0,0,0.0,152.0,308.0,unknown,0
C00148,2,4,577.66,144.415,3,2.5,19.0,346.0,Grocery,0
C00149,1,1,266.26,266.26,1,2.0,3.0,370.0,Toys,0
C00150,2,5,1064.6200000000001,212.92400000000004,3,1.0,14.0,434.0,Electronics,1
C00151,1,1,645.24,645.24,1,1.0,21.0,360.0,Electronics,0
C00152,3,3,1229.9,409.9666666666667,3,1.3333333333333333,12.0,435.0,Electronics,0
C00153,2,6,564.63,94.105,6,1.5,5.0,427.0,Beauty,1
C00154,0,2,658.4799999999999,329.23999999999995,2,1.5,71.0,367.0,Electronics,0
C00155,0,1,300.08,300.08,1,3.0,70.0,433.0,Sports,1
C00156,2,4,628.5,157.125,3,1.5,1.0,377.0,Grocery,0
C00157,0,0,0.0,0.0,0,0.0,240.0,438.0,unknown,0
C00158,0,1,251.72,251.72,1,1.0,41.0,359.0,Home,1
C00159,0,1,68.2,68.2,1,1.0,84.0,387.0,Fashion,0
C00160,0,0,0.0,0.0,0,0.0,174.0,229.0,unknown,0
C00161,0,0,0.0,0.0,0,0.0,182.0,445.0,unknown,0
C00162,0,0,0.0,0.0,0,0.0,211.0,409.0,unknown,0
C00163,0,0,0.0,0.0,0,0.0,238.0,402.0,unknown,0
C00164,1,2,156.42,78.21,2,1.0,17.0,438.0,Beauty,1
C00165,0,1,67.11,67.11,1,1.0,73.0,73.0,Books,0
C00166,0,0,0.0,0.0,0,0.0,262.0,420.0,unknown,1
C00167,0,3,124.16999999999999,41.38999999999999,2,1.0,34.0,405.0,Fashion,1
C00168,0,2,302.59,151.295,2,3.0,67.0,406.0,Beauty,0
C00169,0,0,0.0,0.0,0,0.0,231.0,435.0,unknown,0
C00170,0,2,91.22999999999999,45.614999999999995,2,1.0,49.0,422.0,Beauty,1
C00171,0,0,0.0,0.0,0,0.0,270.0,411.0,unknown,0
C00172,0,1,38.38,38.38,1,1.0,76.0,386.0,Books,0
C00173,0,0,0.0,0.0,0,0.0,159.0,433.0,unknown,0
C00174,1,2,238.29000000000002,119.14500000000001,2,2.0,29.0,446.0,Electronics,0
C00175,2,4,501.33,125.3325,3,1.5,14.0,450.0,Electronics,0
C00176,1,2,273.46,136.73,1,1.0,13.0,366.0,Fashion,0
C00177,0,2,1374.1200000000001,687.0600000000001,2,1.5,39.0,382.0,Beauty,0
C00178,0,0,0.0,0.0,0,0.0,119.0,350.0,unknown,0
C00179,0,0,0.0,0.0,0,0.0,92.0,330.0,unknown,1
C00180,1,3,751.47,250.49,3,2.0,2.0,403.0,Electronics,0
C00181,0,0,0.0,0.0,0,0.0,149.0,366.0,unknown,0
C00182,0,0,0.0,0.0,0,0.0,132.0,227.0,unknown,0
C00183,0,1,16.9,16.9,1,2.0,80.0,384.0,Grocery,0
C00184,0,0,0.0,0.0,0,0.0,233.0,362.0,unknown,0
C00185,1,2,360.53,180.265,2,1.0,13.0,361.0,Grocery,0
C00186,1,2,419.51,209.755,2,1.5,29.0,329.0,Beauty,0
C00187,0,0,0.0,0.0,0,0.0,105.0,423.0,unknown,0
C00188,0,1,44.95,44.95,1,1.0,58.0,395.0,Fashion,0
C00189,1,4,234.62,58.655,4,1.25,2.0,428.0,Fashion,1
C00190,0,0,0.0,0.0,0,0.0,332.0,435.0,unknown,0
C00191,1,3,1200.14,400.0466666666667,2,1.3333333333333333,16.0,381.0,Electronics,0
C00192,0,0,0.0,0.0,0,0.0,172.0,426.0,unknown,0
C00193,2,3,557.27,185.75666666666666,3,2.3333333333333335,7.0,435.0,Electronics,1
C00194,0,0,0.0,0.0,0,0.0,92.0,355.0,unknown,1
C00195,1,3,443.12,147.70666666666668,2,1.0,18.0,401.0,Home,0
C00196,1,6,1308.43,218.0716666666667,3,2.0,2.0,447.0,Fashion,0
C00197,0,0,0.0,0.0,0,0.0,114.0,348.0,unknown,0
C00198,3,4,573.49,143.3725,2,1.75,9.0,417.0,Fashion,0
C00199,0,0,0.0,0.0,0,0.0,194.0,437.0,unknown,0
C00200,0,0,0.0,0.0,0,0.0,137.0,432.0,unknown,0
C00201,0,2,88.14,44.07,2,1.0,30.0,438.0,Beauty,0
C00202,1,1,68.02,68.02,1,1.0,24.0,418.0,Fashion,0
C00203,1,2,753.46,376.73,2,2.0,27.0,450.0,Books,0
C00204,2,3,328.5,109.5,3,1.3333333333333333,8.0,447.0,Fashion,1
C00205,0,0,0.0,0.0,0,0.0,92.0,423.0,unknown,0
C00206,0,0,0.0,0.0,0,0.0,110.0,424.0,unknown,0
C00207,4,6,585.46,97.57666666666667,4,1.8333333333333333,3.0,435.0,Grocery,1
C00208,0,0,0.0,0.0,0,0.0,163.0,388.0,unknown,0
C00209,0,1,14.22,14.22,1,1.0,51.0,391.0,Books,1
C00210,0,0,0.0,0.0,0,0.0,390.0,390.0,unknown,0
C00211,0,3,364.56,121.52,2,1.6666666666666667,38.0,365.0,Toys,0
C00212,1,1,129.75,129.75,1,1.0,29.0,365.0,Home,0
C00213,0,0,0.0,0.0,0,0.0,276.0,409.0,unknown,1
C00214,1,1,58.74,58.74,1,1.0,13.0,283.0,Sports,0
C00215,0,1,489.43,489.43,1,2.0,61.0,415.0,Electronics,1
C00216,0,1,10.38,10.38,1,1.0,71.0,428.0,Grocery,1
C00217,1,4,639.55,159.8875,2,2.25,5.0,414.0,Grocery,1
C00218,2,4,795.73,198.9325,4,1.5,5.0,443.0,Beauty,1
C00219,1,4,809.3100000000001,202.32750000000001,4,1.25,7.0,415.0,Beauty,0
C00220,1,2,197.23000000000002,98.61500000000001,2,1.0,6.0,416.0,Electronics,0
C00221,0,0,0.0,0.0,0,0.0,335.0,447.0,unknown,0
C00222,0,0,0.0,0.0,0,0.0,96.0,389.0,unknown,0
C00223,1,2,79.26,39.63,1,1.0,27.0,408.0,Fashion,0
C00224,1,3,615.9200000000001,205.3066666666667,2,2.6666666666666665,22.0,437.0,Grocery,0
C00225,0,0,0.0,0.0,0,0.0,91.0,449.0,unknown,0
C00226,0,2,64.15,32.075,1,1.0,77.0,337.0,Books,1
C00227,0,0,0.0,0.0,0,0.0,186.0,404.0,unknown,0
C00228,1,1,196.16,196.16,1,1.0,8.0,435.0,Home,0
C00229,0,0,0.0,0.0,0,0.0,112.0,398.0,unknown,1
C00230,0,2,126.5,63.25,2,1.0,77.0,440.0,Beauty,0
C00231,1,2,156.67,78.335,2,1.0,26.0,406.0,Books,1
C00232,0,3,1693.32,564.4399999999999,3,2.6666666666666665,55.0,353.0,Books,1
C00233,0,2,909.91,454.955,2,2.5,38.0,289.0,Books,0
C00234,0,0,0.0,0.0,0,0.0,92.0,364.0,unknown,0
C00235,0,0,0.0,0.0,0,0.0,102.0,424.0,unknown,0
C00236,1,4,1902.47,475.6175,2,1.75,16.0,433.0,Electronics,0
C00237,0,4,1042.06,260.515,4,1.5,59.0,250.0,Beauty,1
C00238,0,1,120.78,120.78,1,3.0,34.0,340.0,Books,1
C00239,0,3,72.72999999999999,24.24333333333333,2,1.3333333333333333,35.0,450.0,Toys,0
C00240,0,2,210.92000000000002,105.46000000000001,2,2.5,48.0,424.0,Books,1
C00241,1,2,108.44,54.22,2,1.0,6.0,417.0,Beauty,0
C00242,0,0,0.0,0.0,0,0.0,146.0,407.0,unknown,0
C00243,0,0,0.0,0.0,0,0.0,334.0,391.0,unknown,0
C00244,1,1,16.42,16.42,1,1.0,25.0,408.0,Toys,0
C00245,1,2,317.82,158.91,1,2.5,2.0,359.0,Sports,1
C00246,0,1,21.69,21.69,1,1.0,89.0,396.0,Beauty,0
C00247,1,4,694.55,173.6375,3,1.25,11.0,361.0,Fashion,0
C00248,1,4,1468.61,367.1525,3,1.5,10.0,361.0,Electronics,1
C00249,0,0,0.0,0.0,0,0.0,124.0,442.0,unknown,0
C00250,2,3,1247.52,415.84,2,2.3333333333333335,6.0,372.0,Home,0
C00251,2,4,461.62,115.405,4,1.25,3.0,364.0,Books,1
C00252,0,1,120.5,120.5,1,1.0,46.0,339.0,Sports,0
C00253,0,2,192.87,96.435,1,1.0,41.0,333.0,Home,0
C00254,0,0,0.0,0.0,0,0.0,157.0,399.0,unknown,0
C00255,0,0,0.0,0.0,0,0.0,364.0,420.0,unknown,0
C00256,1,1,24.6,24.6,1,1.0,5.0,178.0,Grocery,0
C00257,0,0,0.0,0.0,0,0.0,327.0,387.0,unknown,1
C00258,0,1,33.69,33.69,1,1.0,39.0,444.0,Grocery,1
C00259,0,2,1202.79,601.395,2,2.5,50.0,427.0,Fashion,0
C00260,0,3,200.23000000000002,66.74333333333334,3,1.3333333333333333,52.0,441.0,Beauty,0
C00261,1,3,683.9,227.96666666666667,3,2.6666666666666665,5.0,440.0,Fashion,1
C00262,0,1,35.78,35.78,1,2.0,65.0,367.0,Beauty,1
C00263,0,0,0.0,0.0,0,0.0,339.0,343.0,unknown,0
C00264,1,2,271.43,135.715,2,1.5,20.0,390.0,Beauty,0
C00265,0,3,107.86000000000001,35.95333333333334,3,1.0,56.0,365.0,Beauty,1
C00266,2,2,426.15,213.075,1,1.5,17.0,403.0,Sports,1
C00267,0,0,0.0,0.0,0,0.0,314.0,351.0,unknown,0
C00268,1,5,249.18,49.836,4,1.4,9.0,441.0,Grocery,1
C00269,1,2,715.0500000000001,357.52500000000003,2,1.0,25.0,413.0,Electronics,1
C00270,1,3,1348.51,449.50333333333333,2,1.0,1.0,388.0,Electronics,1
C00271,0,1,50.76,50.76,1,1.0,53.0,410.0,Books,0
C00272,1,5,633.63,126.726,5,1.8,26.0,451.0,Beauty,1
C00273,2,3,376.01,125.33666666666666,3,1.0,7.0,438.0,Electronics,1
C00274,0,4,475.81,118.9525,3,1.0,42.0,356.0,Beauty,0
C00275,1,2,178.63,89.315,2,1.5,16.0,350.0,Fashion,0
C00276,0,0,0.0,0.0,0,0.0,123.0,445.0,unknown,0
C00277,0,0,0.0,0.0,0,0.0,356.0,434.0,unknown,0
C00278,0,0,0.0,0.0,0,0.0,137.0,418.0,unknown,0
C00279,1,1,172.45,172.45,1,1.0,5.0,426.0,Electronics,0
C00280,1,1,49.97,49.97,1,1.0,11.0,339.0,Fashion,0
C00281,0,2,54.28,27.14,1,1.0,31.0,302.0,Beauty,0
C00282,0,0,0.0,0.0,0,0.0,233.0,438.0,unknown,1
C00283,0,0,0.0,0.0,0,0.0,212.0,427.0,unknown,0
C00284,0,0,0.0,0.0,0,0.0,190.0,405.0,unknown,0
C00285,0,1,88.01,88.01,1,4.0,78.0,431.0,Grocery,0
C00286,0,3,3405.36,1135.1200000000001,3,3.6666666666666665,68.0,233.0,Beauty,0
C00287,0,0,0.0,0.0,0,0.0,154.0,452.0,unknown,1
C00288,0,0,0.0,0.0,0,0.0,427.0,427.0,unknown,0
C00289,1,2,262.39,131.195,2,1.0,27.0,189.0,Electronics,0
C00290,2,7,1252.48,178.9257142857143,4,1.0,0.0,449.0,Home,1
C00291,0,4,1843.6799999999998,460.91999999999996,4,1.75,30.0,392.0,Beauty,1
C00292,1,4,988.39,247.0975,4,1.25,11.0,430.0,Beauty,1
C00293,2,3,493.87,164.62333333333333,3,1.3333333333333333,10.0,403.0,Beauty,0
C00294,1,2,635.4100000000001,317.70500000000004,1,2.0,14.0,252.0,Fashion,0
C00295,0,1,36.06,36.06,1,1.0,39.0,361.0,Fashion,1
C00296,0,3,150.75,50.25,3,1.3333333333333333,68.0,404.0,Beauty,0
C00297,0,0,0.0,0.0,0,0.0,138.0,349.0,unknown,0
C00298,2,10,1922.3500000000001,192.235,4,1.7,9.0,430.0,Beauty,1
C00299,0,0,0.0,0.0,0,0.0,93.0,414.0,unknown,1
C00300,0,0,0.0,0.0,0,0.0,376.0,376.0,unknown,0
C00301,0,1,54.47,54.47,1,2.0,48.0,285.0,Beauty,0
C00302,1,2,294.5,147.25,2,1.5,22.0,434.0,Books,0
C00303,0,0,0.0,0.0,0,0.0,352.0,382.0,unknown,0
C00304,2,3,306.05,102.01666666666667,3,1.3333333333333333,13.0,275.0,Beauty,1
C00305,1,5,277.25,55.45,5,1.0,12.0,450.0,Beauty,1
C00306,0,0,0.0,0.0,0,0.0,95.0,396.0,unknown,0
C00307,0,0,0.0,0.0,0,0.0,310.0,432.0,unknown,0
C00308,0,3,378.15999999999997,126.05333333333333,3,1.6666666666666667,33.0,407.0,Fashion,0
C00309,0,0,0.0,0.0,0,0.0,362.0,430.0,unknown,0
C00310,2,4,127.66,31.915,3,1.5,17.0,418.0,Beauty,0
C00311,0,0,0.0,0.0,0,0.0,99.0,309.0,unknown,1
C00312,0,1,1395.5,1395.5,1,2.0,30.0,175.0,Electronics,0
C00313,0,0,0.0,0.0,0,0.0,189.0,408.0,unknown,0
C00314,0,1,22.0,22.0,1,1.0,85.0,429.0,Books,0
C00315,0,0,0.0,0.0,0,0.0,249.0,429.0,unknown,0
C00316,0,1,37.84,37.84,1,1.0,32.0,438.0,Fashion,0
C00317,0,0,0.0,0.0,0,0.0,163.0,445.0,unknown,0
C00318,0,0,0.0,0.0,0,0.0,158.0,390.0,unknown,0
C00319,0,0,0.0,0.0,0,0.0,242.0,449.0,unknown,0
C00320,0,0,0.0,0.0,0,0.0,112.0,383.0,unknown,0
C00321,0,0,0.0,0.0,0,0.0,203.0,310.0,unknown,0
C00322,0,2,3115.25,1557.625,1,2.5,50.0,368.0,Electronics,0
C00323,0,0,0.0,0.0,0,0.0,235.0,418.0,unknown,0
C00324,0,1,1700.0,1700.0,1,2.0,76.0,364.0,Electronics,1
C00325,0,1,90.7,90.7,1,3.0,39.0,444.0,Toys,0
C00326,0,0,0.0,0.0,0,0.0,301.0,452.0,unknown,0
C00327,0,0,0.0,0.0,0,0.0,92.0,305.0,unknown,0
C00328,0,0,0.0,0.0,0,0.0,192.0,449.0,unknown,0
C00329,0,0,0.0,0.0,0,0.0,94.0,248.0,unknown,0
C00330,0,0,0.0,0.0,0,0.0,359.0,392.0,unknown,0
C00331,1,1,154.63,154.63,1,2.0,20.0,152.0,Home,0
C00332,0,0,0.0,0.0,0,0.0,210.0,452.0,unknown,0
C00333,0,3,341.06,113.68666666666667,3,1.3333333333333333,30.0,377.0,Beauty,1
C00334,1,2,742.12,371.06,2,1.0,3.0,359.0,Electronics,1
C00335,0,2,177.18,88.59,2,1.0,34.0,319.0,Fashion,1
C00336,1,3,311.49,103.83,3,1.0,1.0,404.0,Fashion,0
C00337,1,2,309.98,154.99,2,1.0,20.0,401.0,Electronics,0
C00338,0,0,0.0,0.0,0,0.0,142.0,305.0,unknown,0
C00339,3,7,750.8599999999999,107.26571428571427,3,1.4285714285714286,10.0,366.0,Fashion,1
C00340,0,0,0.0,0.0,0,0.0,94.0,369.0,unknown,0
C00341,1,6,1593.95,265.65833333333336,5,1.5,26.0,450.0,Grocery,0
C00342,0,2,265.96999999999997,132.98499999999999,2,1.0,54.0,325.0,Beauty,1
C00343,0,0,0.0,0.0,0,0.0,150.0,373.0,unknown,0
C00344,0,2,189.04,94.52,2,1.0,57.0,440.0,Books,1
C00345,0,2,345.66999999999996,172.83499999999998,2,2.5,34.0,385.0,Home,0
C00346,0,0,0.0,0.0,0,0.0,109.0,332.0,unknown,1
C00347,0,1,220.0,220.0,1,1.0,66.0,435.0,Fashion,0
C00348,0,0,0.0,0.0,0,0.0,265.0,402.0,unknown,0
C00349,0,1,60.23,60.23,1,1.0,30.0,406.0,Fashion,1
C00350,1,2,280.53,140.265,2,1.0,26.0,380.0,Beauty,1
C00351,0,1,19.84,19.84,1,1.0,51.0,383.0,Grocery,1
C00352,2,4,795.51,198.8775,3,2.0,7.0,413.0,Grocery,1
C00353,0,1,44.68,44.68,1,1.0,67.0,256.0,Beauty,0
C00354,1,2,356.99,178.495,2,1.0,9.0,377.0,Grocery,0
C00355,6,12,5279.35,439.9458333333334,4,1.9166666666666667,2.0,396.0,Electronics,1
C00356,0,0,0.0,0.0,0,0.0,155.0,422.0,unknown,0
C00357,0,0,0.0,0.0,0,0.0,166.0,314.0,unknown,0
C00358,0,0,0.0,0.0,0,0.0,214.0,241.0,unknown,0
C00359,2,2,2330.81,1165.405,2,1.5,3.0,310.0,Electronics,1
C00360,0,2,424.15000000000003,212.07500000000002,2,1.5,80.0,82.0,Grocery,1
C00361,0,1,13.1,13.1,1,1.0,89.0,435.0,Grocery,0
C00362,3,7,806.88,115.26857142857143,6,1.2857142857142858,0.0,424.0,Fashion,1
C00363,0,0,0.0,0.0,0,0.0,191.0,394.0,unknown,0
C00364,1,7,2415.15,345.0214285714286,5,1.8571428571428572,14.0,449.0,Electronics,0
C00365,0,2,159.27,79.635,2,1.0,40.0,294.0,Electronics,0
C00366,1,3,830.75,276.9166666666667,3,1.3333333333333333,24.0,353.0,Home,1
C00367,0,1,143.15,143.15,1,1.0,33.0,390.0,Sports,0
C00368,2,3,58.94,19.646666666666665,2,1.0,11.0,411.0,Grocery,1
C00369,0,1,9.93,9.93,1,1.0,59.0,433.0,Grocery,0
C00370,0,0,0.0,0.0,0,0.0,100.0,378.0,unknown,0
C00371,0,1,48.12,48.12,1,1.0,41.0,415.0,Sports,0
C00372,0,0,0.0,0.0,0,0.0,311.0,383.0,unknown,0
C00373,0,0,0.0,0.0,0,0.0,265.0,439.0,unknown,0
C00374,0,0,0.0,0.0,0,0.0,253.0,436.0,unknown,0
C00375,2,7,487.15999999999997,69.5942857142857,3,1.0,0.0,434.0,Grocery,1
C00376,2,5,424.93,84.986,5,1.2,3.0,451.0,Beauty,1
C00377,0,0,0.0,0.0,0,0.0,134.0,249.0,unknown,1
C00378,0,4,1565.49,391.3725,3,1.75,43.0,340.0,Home,0
C00379,0,0,0.0,0.0,0,0.0,238.0,421.0,unknown,0
C00380,0,1,70.34,70.34,1,1.0,57.0,429.0,Fashion,0
C00381,0,0,0.0,0.0,0,0.0,177.0,210.0,unknown,0
C00382,0,1,28.61,28.61,1,2.0,51.0,249.0,Grocery,0
C00383,0,1,37.0,37.0,1,2.0,35.0,437.0,Grocery,1
C00384,0,3,1937.08,645.6933333333333,2,1.0,42.0,395.0,Electronics,1
C00385,0,0,0.0,0.0,0,0.0,121.0,435.0,unknown,0
C00386,0,0,0.0,0.0,0,0.0,287.0,327.0,unknown,1
C00387,0,0,0.0,0.0,0,0.0,108.0,449.0,unknown,0
C00388,0,0,0.0,0.0,0,0.0,190.0,190.0,unknown,0
C00389,3,3,1924.06,641.3533333333334,3,2.3333333333333335,10.0,400.0,Fashion,0
C00390,0,1,183.16,183.16,1,1.0,86.0,384.0,Electronics,0
C00391,0,0,0.0,0.0,0,0.0,137.0,396.0,unknown,0
C00392,0,0,0.0,0.0,0,0.0,94.0,433.0,unknown,1
C00393,0,1,31.06,31.06,1,1.0,73.0,400.0,Grocery,1
C00394,0,1,76.19,76.19,1,1.0,39.0,409.0,Toys,0
C00395,1,4,297.1,74.275,4,2.0,1.0,423.0,Fashion,1
C00396,0,1,167.8,167.8,1,1.0,66.0,389.0,Home,0
C00397,0,0,0.0,0.0,0,0.0,151.0,325.0,unknown,0
C00398,0,0,0.0,0.0,0,0.0,183.0,445.0,unknown,0
C00399,1,4,5003.789999999999,1250.9474999999998,4,2.75,9.0,338.0,Electronics,1
C00400,2,4,1678.42,419.605,3,1.0,25.0,325.0,Electronics,0
C00401,0,0,0.0,0.0,0,0.0,197.0,422.0,unknown,0
C00402,0,0,0.0,0.0,0,0.0,234.0,234.0,unknown,0
C00403,0,2,289.78,144.89,2,1.5,45.0,391.0,Beauty,0
C00404,1,3,384.56,128.18666666666667,3,1.3333333333333333,29.0,402.0,Electronics,1
C00405,0,0,0.0,0.0,0,0.0,155.0,397.0,unknown,1
C00406,0,3,907.8900000000001,302.63000000000005,2,1.0,31.0,384.0,Electronics,1
C00407,1,1,18.11,18.11,1,1.0,22.0,417.0,Grocery,0
C00408,0,1,289.59,289.59,1,1.0,74.0,296.0,Electronics,0
C00409,0,1,10.89,10.89,1,1.0,31.0,392.0,Grocery,0
C00410,0,1,26.78,26.78,1,1.0,42.0,444.0,Books,1
C00411,1,1,53.05,53.05,1,1.0,25.0,379.0,Beauty,0
C00412,1,2,224.89,112.445,2,2.0,26.0,407.0,Fashion,0
C00413,0,0,0.0,0.0,0,0.0,99.0,407.0,unknown,1
C00414,0,1,17.53,17.53,1,1.0,36.0,410.0,Grocery,0
C00415,5,11,1988.8799999999999,180.8072727272727,6,1.2727272727272727,1.0,449.0,Home,1
C00416,0,0,0.0,0.0,0,0.0,218.0,384.0,unknown,0
C00417,4,7,1163.04,166.14857142857142,5,1.2857142857142858,10.0,439.0,Books,1
C00418,0,1,186.03,186.03,1,1.0,72.0,198.0,Electronics,0
C00419,0,0,0.0,0.0,0,0.0,144.0,436.0,unknown,0
C00420,0,0,0.0,0.0,0,0.0,166.0,438.0,unknown,0
C00421,0,3,899.69,299.8966666666667,3,1.3333333333333333,55.0,412.0,Electronics,0
C00422,0,0,0.0,0.0,0,0.0,96.0,363.0,unknown,0
C00423,0,1,51.92,51.92,1,1.0,36.0,437.0,Fashion,0
C00424,1,2,564.9699999999999,282.48499999999996,2,1.5,11.0,441.0,Beauty,1
C00425,1,1,60.62,60.62,1,1.0,28.0,432.0,Fashion,1
C00426,1,2,244.32999999999998,122.16499999999999,2,1.0,27.0,353.0,Books,1
C00427,0,0,0.0,0.0,0,0.0,235.0,447.0,unknown,0
C00428,1,2,208.91000000000003,104.45500000000001,2,1.5,27.0,444.0,Beauty,0
C00429,0,0,0.0,0.0,0,0.0,131.0,265.0,unknown,1
C00430,1,5,364.78,72.95599999999999,3,1.0,11.0,370.0,Fashion,1
C00431,2,2,27.01,13.505,1,1.0,0.0,423.0,Grocery,1
C00432,2,2,204.6,102.3,2,2.0,5.0,413.0,Sports,0
C00433,0,0,0.0,0.0,0,0.0,158.0,394.0,unknown,0
C00434,2,3,199.27999999999997,66.42666666666666,3,1.6666666666666667,16.0,370.0,Books,0
C00435,2,3,379.59,126.52999999999999,3,1.3333333333333333,4.0,422.0,Grocery,1
C00436,0,0,0.0,0.0,0,0.0,114.0,317.0,unknown,0
C00437,0,2,114.69,57.345,2,1.5,39.0,445.0,Grocery,1
C00438,1,2,123.5,61.75,2,3.0,12.0,387.0,Beauty,1
C00439,0,2,126.19,63.095,2,1.0,48.0,350.0,Grocery,0
C00440,0,0,0.0,0.0,0,0.0,99.0,342.0,unknown,0
C00441,0,1,224.36,224.36,1,2.0,71.0,447.0,Fashion,0
C00442,1,1,44.0,44.0,1,2.0,15.0,446.0,Beauty,1
C00443,0,0,0.0,0.0,0,0.0,94.0,267.0,unknown,0
C00444,0,0,0.0,0.0,0,0.0,365.0,428.0,unknown,0
C00445,0,0,0.0,0.0,0,0.0,197.0,449.0,unknown,0
C00446,0,1,193.89,193.89,1,2.0,72.0,402.0,Fashion,0
C00447,2,5,382.7,76.53999999999999,4,1.2,14.0,357.0,Beauty,0
C00448,2,6,445.4,74.23333333333333,3,1.1666666666666667,13.0,408.0,Sports,1
C00449,0,2,82.28,41.14,2,1.0,51.0,437.0,Beauty,0
C00450,1,4,251.33,62.8325,4,1.25,28.0,398.0,Books,0
C00451,1,4,206.22,51.555,3,1.25,6.0,449.0,Beauty,1
C00452,0,1,126.63,126.63,1,4.0,47.0,356.0,Books,1
C00453,0,0,0.0,0.0,0,0.0,207.0,435.0,unknown,0
C00454,1,3,293.15999999999997,97.71999999999998,3,1.0,15.0,411.0,Beauty,1
C00455,1,2,98.53999999999999,49.269999999999996,2,1.5,10.0,401.0,Beauty,1
C00456,0,0,0.0,0.0,0,0.0,145.0,425.0,unknown,0
C00457,0,0,0.0,0.0,0,0.0,150.0,420.0,unknown,0
C00458,1,3,699.6800000000001,233.2266666666667,3,1.0,11.0,336.0,Electronics,1
C00459,0,3,163.23000000000002,54.410000000000004,3,1.6666666666666667,34.0,313.0,Books,0
C00460,0,0,0.0,0.0,0,0.0,102.0,434.0,unknown,0
C00461,2,2,128.02,64.01,2,1.0,20.0,417.0,Beauty,1
C00462,1,4,1479.54,369.885,3,2.25,4.0,429.0,Electronics,1
C00463,1,1,157.09,157.09,1,1.0,13.0,392.0,Fashion,1
C00464,0,0,0.0,0.0,0,0.0,181.0,416.0,unknown,0
C00465,0,0,0.0,0.0,0,0.0,400.0,400.0,unknown,0
C00466,0,0,0.0,0.0,0,0.0,111.0,421.0,unknown,1
C00467,0,0,0.0,0.0,0,0.0,179.0,393.0,unknown,0
C00468,0,0,0.0,0.0,0,0.0,108.0,276.0,unknown,0
C00469,1,2,158.19,79.095,2,2.5,10.0,415.0,Books,1
C00470,0,2,223.86,111.93,2,1.0,33.0,426.0,Beauty,0
C00471,0,2,3296.02,1648.01,2,2.0,71.0,287.0,Books,0
C00472,1,1,498.51,498.51,1,1.0,6.0,295.0,Home,0
C00473,2,3,375.45,125.14999999999999,2,1.0,7.0,386.0,Fashion,1
C00474,1,4,1287.6,321.9,3,1.75,2.0,426.0,Electronics,1
C00475,0,0,0.0,0.0,0,0.0,254.0,389.0,unknown,0
C00476,0,0,0.0,0.0,0,0.0,134.0,398.0,unknown,0
C00477,3,7,3187.89,455.41285714285715,5,1.7142857142857142,11.0,342.0,Home,0
C00478,0,0,0.0,0.0,0,0.0,134.0,352.0,unknown,0
C00479,1,2,650.0999999999999,325.04999999999995,2,1.0,10.0,341.0,Electronics,0
C00480,1,2,240.07000000000002,120.03500000000001,2,1.0,23.0,434.0,Books,0
C00481,1,2,981.29,490.645,2,2.0,23.0,407.0,Fashion,0
C00482,0,0,0.0,0.0,0,0.0,302.0,444.0,unknown,0
C00483,1,1,29.15,29.15,1,1.0,20.0,365.0,Grocery,1
C00484,0,0,0.0,0.0,0,0.0,168.0,443.0,unknown,0
C00485,1,3,563.51,187.83666666666667,3,2.0,10.0,445.0,Beauty,0
C00486,0,3,3381.62,1127.2066666666667,3,1.3333333333333333,35.0,363.0,Beauty,0
C00487,1,5,1653.54,330.70799999999997,4,1.6,27.0,421.0,Beauty,0
C00488,0,0,0.0,0.0,0,0.0,107.0,400.0,unknown,0
C00489,0,2,110.59,55.295,2,1.5,53.0,435.0,Grocery,0
C00490,1,1,122.71,122.71,1,1.0,26.0,391.0,Sports,0
C00491,2,5,775.19,155.038,3,1.4,9.0,399.0,Fashion,0
C00492,1,3,881.24,293.74666666666667,2,1.6666666666666667,19.0,386.0,Electronics,0
C00493,0,0,0.0,0.0,0,0.0,172.0,402.0,unknown,1
C00494,0,0,0.0,0.0,0,0.0,299.0,423.0,unknown,0
C00495,0,1,29.41,29.41,1,1.0,37.0,252.0,Sports,1
C00496,1,2,286.26,143.13,2,2.5,10.0,254.0,Beauty,0
C00497,2,4,3264.33,816.0825,3,2.25,0.0,384.0,Electronics,1
C00498,1,2,334.58,167.29,2,2.5,29.0,377.0,Grocery,1
C00499,0,0,0.0,0.0,0,0.0,209.0,371.0,unknown,0
C00500,0,1,24.81,24.81,1,1.0,39.0,387.0,Grocery,0
C00501,0,1,17.13,17.13,1,1.0,34.0,428.0,Grocery,0
C00502,1,5,432.39,86.478,3,1.4,2.0,431.0,Fashion,0
C00503,0,0,0.0,0.0,0,0.0,91.0,424.0,unknown,0
C00504,0,1,158.81,158.81,1,1.0,67.0,386.0,Fashion,0
C00505,0,0,0.0,0.0,0,0.0,107.0,263.0,unknown,1
C00506,1,3,109.50999999999999,36.50333333333333,3,1.0,15.0,408.0,Beauty,1
C00507,0,0,0.0,0.0,0,0.0,217.0,441.0,unknown,0
C00508,0,1,20.02,20.02,1,1.0,63.0,290.0,Grocery,0
C00509,1,1,189.28,189.28,1,1.0,23.0,269.0,Fashion,1
C00510,2,6,1184.16,197.36,5,1.3333333333333333,16.0,451.0,Toys,1
C00511,1,2,70.91,35.455,2,1.0,11.0,452.0,Beauty,1
C00512,2,3,357.78999999999996,119.26333333333332,3,1.3333333333333333,2.0,431.0,Fashion,0
C00513,1,2,203.95999999999998,101.97999999999999,2,2.0,29.0,424.0,Books,0
C00514,0,0,0.0,0.0,0,0.0,204.0,244.0,unknown,0
C00515,1,1,37.87,37.87,1,1.0,18.0,433.0,Books,0
C00516,0,3,120.56,40.18666666666667,3,1.3333333333333333,58.0,451.0,Beauty,1
C00517,0,0,0.0,0.0,0,0.0,91.0,437.0,unknown,0
C00518,0,1,99.23,99.23,1,1.0,69.0,324.0,Sports,0
C00519,0,2,467.26000000000005,233.63000000000002,2,1.0,49.0,447.0,Beauty,1
C00520,1,2,322.81,161.405,2,2.5,21.0,32.0,Grocery,1
C00521,2,7,1062.15,151.7357142857143,4,1.4285714285714286,12.0,443.0,Beauty,1
C00522,0,0,0.0,0.0,0,0.0,300.0,376.0,unknown,0
C00523,1,2,199.23000000000002,99.61500000000001,2,1.5,21.0,410.0,Beauty,1
C00524,0,0,0.0,0.0,0,0.0,126.0,320.0,unknown,0
C00525,0,2,70.86,35.43,2,1.0,66.0,391.0,Books,0
C00526,0,0,0.0,0.0,0,0.0,257.0,430.0,unknown,1
C00527,1,2,195.09,97.545,1,1.5,9.0,352.0,Fashion,0
C00528,0,1,129.35,129.35,1,2.0,80.0,299.0,Grocery,0
C00529,0,0,0.0,0.0,0,0.0,108.0,224.0,unknown,0
C00530,0,0,0.0,0.0,0,0.0,129.0,408.0,unknown,0
C00531,4,5,376.0,75.2,4,1.2,0.0,405.0,Toys,0
C00532,1,1,114.47,114.47,1,1.0,27.0,341.0,Home,0
C00533,0,0,0.0,0.0,0,0.0,213.0,414.0,unknown,0
C00534,0,1,93.17,93.17,1,1.0,48.0,331.0,Fashion,0
C00535,2,8,2129.39,266.17375,4,1.5,8.0,420.0,Fashion,1
C00536,0,1,237.45,237.45,1,1.0,41.0,447.0,Home,0
C00537,0,0,0.0,0.0,0,0.0,172.0,399.0,unknown,0
C00538,1,3,425.75,141.91666666666666,3,2.0,16.0,446.0,Books,1
C00539,1,1,174.47,174.47,1,3.0,4.0,432.0,Fashion,0
C00540,0,0,0.0,0.0,0,0.0,208.0,320.0,unknown,0
C00541,0,0,0.0,0.0,0,0.0,,,unknown,0
C00542,0,0,0.0,0.0,0,0.0,128.0,403.0,unknown,0
C00543,0,0,0.0,0.0,0,0.0,101.0,101.0,unknown,0
C00544,0,1,64.94,64.94,1,1.0,33.0,386.0,Fashion,0
C00545,0,2,388.28,194.14,2,2.0,54.0,427.0,Fashion,0
C00546,1,3,918.52,306.17333333333335,2,3.0,14.0,318.0,Beauty,1
C00547,0,0,0.0,0.0,0,0.0,126.0,437.0,unknown,0
C00548,1,2,299.3,149.65,2,2.5,21.0,430.0,Beauty,1
C00549,0,0,0.0,0.0,0,0.0,144.0,428.0,unknown,0
C00550,1,6,4320.6900000000005,720.1150000000001,3,2.0,16.0,413.0,Electronics,0
C00551,4,10,5750.09,575.009,5,2.1,9.0,375.0,Electronics,1
C00552,0,2,297.04,148.52,2,2.0,75.0,434.0,Beauty,0
C00553,0,0,0.0,0.0,0,0.0,159.0,442.0,unknown,0
C00554,0,0,0.0,0.0,0,0.0,111.0,440.0,unknown,0
C00555,4,7,691.33,98.76142857142858,6,1.7142857142857142,7.0,447.0,Electronics,1
C00556,0,0,0.0,0.0,0,0.0,226.0,372.0,unknown,0
C00557,0,0,0.0,0.0,0,0.0,193.0,416.0,unknown,0
C00558,1,2,125.33000000000001,62.665000000000006,2,1.0,10.0,371.0,Beauty,1
C00559,0,2,43.379999999999995,21.689999999999998,2,1.0,42.0,339.0,Fashion,0
C00560,0,2,955.64,477.82,2,2.0,36.0,302.0,Electronics,1
C00561,1,4,486.49,121.6225,2,1.0,12.0,414.0,Electronics,0
C00562,0,0,0.0,0.0,0,0.0,236.0,439.0,unknown,0
C00563,1,2,380.71,190.355,2,2.0,5.0,303.0,Fashion,0
C00564,1,3,572.67,190.89,3,1.3333333333333333,18.0,368.0,Beauty,0
C00565,0,0,0.0,0.0,0,0.0,126.0,422.0,unknown,0
C00566,1,2,810.28,405.14,2,1.5,13.0,415.0,Electronics,0
C00567,0,0,0.0,0.0,0,0.0,195.0,435.0,unknown,0
C00568,0,0,0.0,0.0,0,0.0,220.0,435.0,unknown,1
C00569,0,0,0.0,0.0,0,0.0,185.0,436.0,unknown,0
C00570,0,1,198.93,198.93,1,1.0,40.0,426.0,Electronics,1
C00571,0,0,0.0,0.0,0,0.0,204.0,394.0,unknown,0
C00572,0,0,0.0,0.0,0,0.0,100.0,342.0,unknown,0
C00573,2,4,2023.67,505.9175,4,2.25,9.0,306.0,Beauty,1
C00574,0,3,1159.66,386.55333333333334,2,1.3333333333333333,32.0,392.0,Fashion,1
C00575,0,0,0.0,0.0,0,0.0,152.0,401.0,unknown,0
C00576,0,0,0.0,0.0,0,0.0,108.0,398.0,unknown,0
C00577,0,0,0.0,0.0,0,0.0,95.0,444.0,unknown,0
C00578,0,0,0.0,0.0,0,0.0,252.0,300.0,unknown,0
C00579,0,2,1494.9299999999998,747.4649999999999,2,2.5,58.0,441.0,Books,1
C00580,0,0,0.0,0.0,0,0.0,288.0,410.0,unknown,0
C00581,2,6,1618.1399999999999,269.69,4,1.3333333333333333,2.0,360.0,Fashion,1
C00582,2,3,414.1,138.03333333333333,3,1.6666666666666667,10.0,416.0,Fashion,1
C00583,1,7,966.88,138.12571428571428,6,1.7142857142857142,8.0,434.0,Home,0
C00584,0,0,0.0,0.0,0,0.0,133.0,355.0,unknown,0
C00585,0,1,749.37,749.37,1,4.0,69.0,315.0,Fashion,0
C00586,0,0,0.0,0.0,0,0.0,170.0,404.0,unknown,1
C00587,0,2,226.45999999999998,113.22999999999999,2,2.0,63.0,447.0,Beauty,1
C00588,0,0,0.0,0.0,0,0.0,95.0,422.0,unknown,0
C00589,0,0,0.0,0.0,0,0.0,158.0,449.0,unknown,0
C00590,0,1,335.9,335.9,1,1.0,36.0,382.0,Electronics,1
C00591,1,1,136.22,136.22,1,1.0,21.0,365.0,Sports,0
C00592,0,1,1541.63,1541.63,1,1.0,77.0,267.0,Electronics,0
C00593,0,1,276.35,276.35,1,5.0,74.0,443.0,Beauty,0
C00594,0,0,0.0,0.0,0,0.0,118.0,389.0,unknown,0
C00595,0,1,80.99,80.99,1,3.0,56.0,440.0,Grocery,0
C00596,0,0,0.0,0.0,0,0.0,222.0,419.0,unknown,0
C00597,0,2,115.4,57.7,2,1.0,75.0,381.0,Beauty,1
C00598,2,5,1840.35,368.07,5,2.6,20.0,439.0,Books,1
C00599,0,2,58.94,29.47,2,2.0,36.0,432.0,Books,1
C00600,1,3,190.61,63.53666666666667,2,1.0,4.0,440.0,Grocery,0
C00601,1,2,531.5500000000001,265.77500000000003,2,3.5,22.0,382.0,Beauty,0
C00602,0,1,51.34,51.34,1,1.0,47.0,443.0,Fashion,0
C00603,0,1,15.64,15.64,1,1.0,61.0,435.0,Grocery,0
C00604,0,0,0.0,0.0,0,0.0,131.0,358.0,unknown,0
C00605,1,2,48.67,24.335,2,1.0,29.0,380.0,Books,1
C00606,0,4,465.83000000000004,116.45750000000001,4,1.0,60.0,334.0,Books,0
C00607,0,1,262.4,262.4,1,1.0,61.0,367.0,Home,0
C00608,2,4,952.02,238.005,3,1.25,3.0,438.0,Grocery,1
C00609,0,0,0.0,0.0,0,0.0,119.0,348.0,unknown,0
C00610,1,2,1827.34,913.67,2,2.0,29.0,287.0,Electronics,1
C00611,0,1,256.09,256.09,1,1.0,50.0,338.0,Home,0
C00612,1,2,99.78,49.89,1,2.5,8.0,438.0,Books,1
C00613,0,0,0.0,0.0,0,0.0,158.0,278.0,unknown,0
C00614,0,0,0.0,0.0,0,0.0,285.0,285.0,unknown,0
C00615,0,0,0.0,0.0,0,0.0,266.0,412.0,unknown,0
C00616,1,2,275.59,137.795,1,1.0,27.0,438.0,Fashion,0
C00617,0,0,0.0,0.0,0,0.0,116.0,398.0,unknown,0
C00618,0,0,0.0,0.0,0,0.0,389.0,448.0,unknown,0
C00619,1,1,14.34,14.34,1,1.0,8.0,427.0,Grocery,0
C00620,2,3,1129.65,376.55,3,1.6666666666666667,18.0,435.0,Beauty,1
C00621,0,0,0.0,0.0,0,0.0,262.0,389.0,unknown,0
C00622,1,2,850.98,425.49,2,1.5,13.0,364.0,Electronics,1
C00623,0,0,0.0,0.0,0,0.0,95.0,323.0,unknown,0
C00624,0,1,1163.29,1163.29,1,4.0,59.0,351.0,Fashion,0
C00625,1,1,101.81,101.81,1,2.0,16.0,402.0,Sports,1
C00626,1,1,387.53,387.53,1,3.0,12.0,389.0,Fashion,1
C00627,1,1,26.8,26.8,1,1.0,3.0,282.0,Grocery,1
C00628,0,1,113.73,113.73,1,1.0,64.0,423.0,Sports,0
C00629,0,0,0.0,0.0,0,0.0,146.0,324.0,unknown,0
C00630,0,3,1364.3,454.76666666666665,3,2.0,32.0,396.0,Beauty,0
C00631,0,2,458.48,229.24,2,2.5,57.0,324.0,Grocery,1
C00632,0,1,434.27,434.27,1,2.0,77.0,435.0,Home,0
C00633,3,4,1146.3799999999999,286.59499999999997,3,1.5,11.0,416.0,Electronics,1
C00634,0,0,0.0,0.0,0,0.0,304.0,377.0,unknown,0
C00635,0,3,236.07,78.69,3,2.3333333333333335,38.0,342.0,Beauty,1
C00636,0,0,0.0,0.0,0,0.0,106.0,419.0,unknown,1
C00637,0,0,0.0,0.0,0,0.0,123.0,426.0,unknown,0
C00638,0,0,0.0,0.0,0,0.0,100.0,429.0,unknown,0
C00639,1,4,400.38,100.095,3,1.0,16.0,388.0,Beauty,0
C00640,1,4,696.54,174.135,4,2.25,9.0,418.0,Beauty,1
C00641,0,1,72.46,72.46,1,2.0,78.0,309.0,Sports,1
C00642,1,1,47.54,47.54,1,1.0,21.0,323.0,Beauty,0
C00643,2,3,387.87,129.29,2,2.3333333333333335,12.0,325.0,Grocery,1
C00644,0,0,0.0,0.0,0,0.0,218.0,370.0,unknown,0
C00645,1,3,136.48,45.49333333333333,3,1.0,17.0,381.0,Beauty,1
C00646,0,1,65.72,65.72,1,1.0,59.0,442.0,Books,0
C00647,0,2,180.57,90.285,2,3.0,31.0,394.0,Beauty,0
C00648,0,0,0.0,0.0,0,0.0,93.0,418.0,unknown,1
C00649,0,1,117.46,117.46,1,1.0,66.0,269.0,Fashion,1
C00650,1,2,371.62,185.81,2,2.5,5.0,420.0,Fashion,1
C00651,0,2,927.45,463.725,2,1.5,37.0,336.0,Electronics,0
C00652,0,2,683.82,341.91,2,1.5,47.0,429.0,Electronics,0
C00653,1,1,190.53,190.53,1,1.0,2.0,436.0,Home,1
C00654,0,0,0.0,0.0,0,0.0,202.0,447.0,unknown,0
C00655,0,1,515.29,515.29,1,5.0,78.0,356.0,Sports,0
C00656,2,2,504.90000000000003,252.45000000000002,2,2.5,5.0,433.0,Books,0
C00657,1,1,24.01,24.01,1,1.0,8.0,413.0,Grocery,1
C00658,0,0,0.0,0.0,0,0.0,325.0,425.0,unknown,0
C00659,0,0,0.0,0.0,0,0.0,,,unknown,1
C00660,0,0,0.0,0.0,0,0.0,342.0,398.0,unknown,0
C00661,0,0,0.0,0.0,0,0.0,369.0,402.0,unknown,0
C00662,1,3,164.81,54.93666666666667,2,1.6666666666666667,25.0,379.0,Grocery,1
C00663,0,0,0.0,0.0,0,0.0,186.0,426.0,unknown,0
C00664,1,7,552.09,78.87,6,1.7142857142857142,1.0,418.0,Fashion,1
C00665,0,0,0.0,0.0,0,0.0,256.0,376.0,unknown,0
C00666,0,0,0.0,0.0,0,0.0,329.0,421.0,unknown,0
C00667,0,0,0.0,0.0,0,0.0,94.0,409.0,unknown,0
C00668,0,0,0.0,0.0,0,0.0,113.0,320.0,unknown,0
C00669,0,0,0.0,0.0,0,0.0,140.0,437.0,unknown,0
C00670,2,7,3411.24,487.32,3,1.8571428571428572,6.0,331.0,Electronics,1
C00671,1,3,2220.09,740.0300000000001,2,1.6666666666666667,22.0,396.0,Electronics,0
C00672,0,0,0.0,0.0,0,0.0,120.0,424.0,unknown,1
C00673,0,0,0.0,0.0,0,0.0,168.0,177.0,unknown,1
C00674,2,4,981.8299999999999,245.45749999999998,3,1.0,18.0,400.0,Electronics,1
C00675,0,0,0.0,0.0,0,0.0,180.0,204.0,unknown,0
C00676,0,0,0.0,0.0,0,0.0,143.0,315.0,unknown,0
C00677,0,0,0.0,0.0,0,0.0,161.0,416.0,unknown,0
C00678,1,1,80.05,80.05,1,1.0,4.0,376.0,Sports,0
C00679,1,3,1399.57,466.5233333333333,2,1.0,13.0,449.0,Electronics,0
C00680,0,0,0.0,0.0,0,0.0,238.0,338.0,unknown,0
C00681,0,3,419.16,139.72,3,1.6666666666666667,55.0,436.0,Books,0
C00682,0,0,0.0,0.0,0,0.0,117.0,430.0,unknown,0
C00683,4,10,900.13,90.013,5,1.2,1.0,442.0,Books,1
C00684,2,4,2094.03,523.5075,3,2.25,0.0,383.0,Electronics,0
C00685,0,1,440.0,440.0,1,2.0,31.0,411.0,Fashion,0
C00686,0,0,0.0,0.0,0,0.0,153.0,155.0,unknown,0
C00687,0,2,390.41999999999996,195.20999999999998,1,1.5,72.0,384.0,Home,0
C00688,1,3,235.38,78.46,2,2.0,7.0,439.0,Grocery,0
C00689,0,1,12.78,12.78,1,1.0,43.0,43.0,Grocery,1
C00690,0,0,0.0,0.0,0,0.0,139.0,319.0,unknown,0
C00691,0,0,0.0,0.0,0,0.0,209.0,340.0,unknown,0
C00692,1,2,320.27,160.135,1,1.5,27.0,390.0,Fashion,0
C00693,0,0,0.0,0.0,0,0.0,324.0,439.0,unknown,0
C00694,0,0,0.0,0.0,0,0.0,121.0,337.0,unknown,0
C00695,0,0,0.0,0.0,0,0.0,95.0,399.0,unknown,0
C00696,0,0,0.0,0.0,0,0.0,97.0,308.0,unknown,0
C00697,0,0,0.0,0.0,0,0.0,130.0,378.0,unknown,1
C00698,1,2,395.95000000000005,197.97500000000002,2,1.0,23.0,411.0,Fashion,0
C00699,1,4,250.05,62.5125,3,1.25,29.0,163.0,Grocery,0
C00700,0,0,0.0,0.0,0,0.0,342.0,412.0,unknown,0
C00701,0,0,0.0,0.0,0,0.0,326.0,437.0,unknown,0
C00702,0,0,0.0,0.0,0,0.0,349.0,449.0,unknown,0
C00703,1,5,735.89,147.178,4,1.6,3.0,432.0,Toys,1
C00704,1,4,1024.07,256.0175,3,1.0,18.0,441.0,Fashion,0
C00705,0,0,0.0,0.0,0,0.0,275.0,423.0,unknown,0
C00706,0,0,0.0,0.0,0,0.0,245.0,406.0,unknown,0
C00707,0,2,78.9,39.45,2,1.5,57.0,408.0,Beauty,0
C00708,1,4,491.52,122.88,4,1.25,9.0,356.0,Electronics,0
C00709,0,2,116.72,58.36,2,2.5,55.0,404.0,Books,0
C00710,0,1,676.62,676.62,1,4.0,86.0,284.0,Sports,1
C00711,1,1,132.37,132.37,1,1.0,23.0,387.0,Home,0
C00712,3,4,463.1,115.775,4,1.0,12.0,426.0,Books,0
C00713,0,1,159.21,159.21,1,1.0,44.0,297.0,Electronics,0
C00714,0,0,0.0,0.0,0,0.0,98.0,368.0,unknown,0
C00715,0,0,0.0,0.0,0,0.0,99.0,359.0,unknown,0
C00716,0,1,86.33,86.33,1,4.0,46.0,432.0,Grocery,0
C00717,0,1,41.79,41.79,1,1.0,39.0,392.0,Sports,0
C00718,0,2,896.4499999999999,448.22499999999997,2,1.5,35.0,439.0,Books,0
C00719,0,2,116.01,58.005,2,2.0,82.0,418.0,Books,0
C00720,1,1,47.37,47.37,1,1.0,23.0,412.0,Grocery,0
C00721,0,2,292.7,146.35,2,1.5,64.0,398.0,Electronics,0
C00722,1,4,1854.21,463.5525,3,1.25,28.0,409.0,Electronics,1
C00723,1,11,1810.6499999999999,164.60454545454544,5,1.9090909090909092,2.0,444.0,Grocery,1
C00724,2,3,279.28,93.09333333333332,2,1.0,23.0,359.0,Fashion,0
C00725,0,3,458.5,152.83333333333334,2,1.6666666666666667,37.0,451.0,Beauty,1
C00726,0,1,42.27,42.27,1,1.0,72.0,441.0,Sports,0
C00727,0,0,0.0,0.0,0,0.0,293.0,391.0,unknown,0
C00728,3,5,962.21,192.442,3,1.4,18.0,409.0,Fashion,1
C00729,1,2,1389.53,694.765,1,3.0,15.0,366.0,Electronics,0
C00730,0,0,0.0,0.0,0,0.0,140.0,422.0,unknown,1
C00731,0,0,0.0,0.0,0,0.0,178.0,426.0,unknown,0
C00732,1,3,240.34,80.11333333333333,1,1.3333333333333333,27.0,446.0,Fashion,1
C00733,2,4,316.88,79.22,4,1.0,18.0,450.0,Books,0
C00734,0,0,0.0,0.0,0,0.0,391.0,391.0,unknown,0
C00735,3,5,1229.24,245.848,4,1.4,3.0,450.0,Electronics,1
C00736,0,1,63.47,63.47,1,1.0,70.0,403.0,Sports,1
C00737,0,0,0.0,0.0,0,0.0,265.0,362.0,unknown,0
C00738,0,0,0.0,0.0,0,0.0,209.0,421.0,unknown,0
C00739,0,1,97.14,97.14,1,2.0,58.0,403.0,Books,0
C00740,0,1,539.43,539.43,1,1.0,45.0,420.0,Electronics,0
C00741,0,2,401.95,200.975,1,2.5,40.0,452.0,Fashion,1
C00742,2,11,1365.23,124.11181818181818,6,1.4545454545454546,27.0,447.0,Home,1
C00743,0,2,288.0,144.0,2,1.5,39.0,392.0,Beauty,0
C00744,0,2,202.79000000000002,101.39500000000001,2,1.0,40.0,448.0,Books,1
C00745,0,0,0.0,0.0,0,0.0,148.0,429.0,unknown,1
C00746,0,0,0.0,0.0,0,0.0,104.0,198.0,unknown,0
C00747,0,0,0.0,0.0,0,0.0,129.0,435.0,unknown,0
C00748,2,3,1373.9,457.9666666666667,3,1.3333333333333333,26.0,344.0,Electronics,1
C00749,0,0,0.0,0.0,0,0.0,257.0,353.0,unknown,0
C00750,0,2,220.93,110.465,2,2.5,78.0,352.0,Beauty,0
C00751,0,0,0.0,0.0,0,0.0,203.0,451.0,unknown,0
C00752,0,0,0.0,0.0,0,0.0,232.0,268.0,unknown,0
C00753,0,0,0.0,0.0,0,0.0,112.0,438.0,unknown,0
C00754,1,2,1710.71,855.355,2,2.0,11.0,47.0,Electronics,0
C00755,0,0,0.0,0.0,0,0.0,103.0,312.0,unknown,1
C00756,0,0,0.0,0.0,0,0.0,387.0,448.0,unknown,0
C00757,0,0,0.0,0.0,0,0.0,374.0,374.0,unknown,0
C00758,2,3,412.11,137.37,3,2.0,2.0,392.0,Fashion,1
C00759,2,7,921.6999999999999,131.67142857142855,3,1.7142857142857142,8.0,431.0,Fashion,1
C00760,2,4,1691.23,422.8075,4,2.5,16.0,365.0,Electronics,0
C00761,0,1,27.95,27.95,1,1.0,55.0,395.0,Beauty,1
C00762,0,1,94.43,94.43,1,1.0,51.0,430.0,Fashion,1
C00763,1,4,408.52,102.13,2,1.0,5.0,403.0,Fashion,1
C00764,2,4,149.31,37.3275,4,1.0,1.0,451.0,Beauty,0
C00765,0,1,21.42,21.42,1,1.0,59.0,412.0,Books,0
C00766,1,1,90.38,90.38,1,1.0,4.0,452.0,Fashion,1
C00767,0,0,0.0,0.0,0,0.0,245.0,344.0,unknown,0
C00768,1,1,354.96,354.96,1,1.0,19.0,450.0,Electronics,0
C00769,0,1,99.65,99.65,1,1.0,56.0,451.0,Toys,1
C00770,1,2,614.81,307.405,2,1.5,22.0,40.0,Fashion,0
C00771,0,0,0.0,0.0,0,0.0,210.0,429.0,unknown,0
C00772,0,1,100.61,100.61,1,1.0,70.0,410.0,Fashion,0
C00773,0,0,0.0,0.0,0,0.0,343.0,343.0,unknown,0
C00774,0,1,34.16,34.16,1,1.0,34.0,350.0,Grocery,1
C00775,3,6,903.41,150.56833333333333,5,1.5,8.0,419.0,Home,1
C00776,0,1,8.37,8.37,1,1.0,66.0,281.0,Books,0
C00777,1,1,22.23,22.23,1,1.0,26.0,356.0,Beauty,0
C00778,0,0,0.0,0.0,0,0.0,124.0,380.0,unknown,0
C00779,0,0,0.0,0.0,0,0.0,203.0,384.0,unknown,1
C00780,0,0,0.0,0.0,0,0.0,165.0,365.0,unknown,1
C00781,0,0,0.0,0.0,0,0.0,203.0,398.0,unknown,0
C00782,0,0,0.0,0.0,0,0.0,100.0,297.0,unknown,1
C00783,0,0,0.0,0.0,0,0.0,117.0,371.0,unknown,0
C00784,0,2,177.15,88.575,2,1.0,44.0,395.0,Home,0
C00785,0,0,0.0,0.0,0,0.0,239.0,409.0,unknown,0
C00786,0,0,0.0,0.0,0,0.0,94.0,447.0,unknown,0
C00787,0,1,379.82,379.82,1,2.0,36.0,430.0,Electronics,0
C00788,0,0,0.0,0.0,0,0.0,205.0,425.0,unknown,0
C00789,1,2,271.56,135.78,2,1.0,0.0,415.0,Electronics,0
C00790,0,0,0.0,0.0,0,0.0,95.0,214.0,unknown,1
C00791,0,0,0.0,0.0,0,0.0,262.0,422.0,unknown,0
C00792,2,3,3922.12,1307.3733333333332,2,2.3333333333333335,3.0,274.0,Electronics,0
C00793,0,1,66.92,66.92,1,1.0,47.0,447.0,Toys,0
C00794,2,6,1060.1,176.6833333333333,4,1.5,0.0,426.0,Beauty,0
C00795,0,0,0.0,0.0,0,0.0,97.0,429.0,unknown,0
C00796,0,0,0.0,0.0,0,0.0,330.0,413.0,unknown,0
C00797,1,2,423.95000000000005,211.97500000000002,2,1.5,2.0,423.0,Beauty,1
C00798,0,1,76.31,76.31,1,2.0,30.0,448.0,Beauty,0
C00799,0,2,1051.24,525.62,2,2.5,82.0,422.0,Electronics,1
C00800,1,1,66.41,66.41,1,1.0,3.0,446.0,Beauty,0
C00801,0,0,0.0,0.0,0,0.0,93.0,412.0,unknown,1
C00802,0,0,0.0,0.0,0,0.0,192.0,437.0,unknown,0
C00803,0,4,309.06,77.265,4,1.75,38.0,446.0,Books,1
C00804,0,2,523.51,261.755,2,2.5,43.0,348.0,Grocery,0
C00805,0,4,373.43,93.3575,4,1.25,50.0,429.0,Beauty,0
C00806,0,0,0.0,0.0,0,0.0,121.0,379.0,unknown,1
C00807,0,0,0.0,0.0,0,0.0,242.0,433.0,unknown,0
C00808,4,7,734.9200000000001,104.98857142857143,5,1.7142857142857142,0.0,449.0,Fashion,0
C00809,0,2,411.27,205.635,2,2.0,69.0,426.0,Books,0
C00810,1,3,180.26999999999998,60.089999999999996,3,1.6666666666666667,19.0,433.0,Books,0
C00811,1,1,384.41,384.41,1,2.0,24.0,444.0,Fashion,1
C00812,5,10,739.04,73.904,3,1.3,6.0,441.0,Fashion,1
C00813,0,2,129.9,64.95,1,2.0,32.0,424.0,Beauty,0
C00814,0,0,0.0,0.0,0,0.0,90.0,401.0,unknown,0
C00815,3,5,251.74,50.348,4,1.0,7.0,450.0,Grocery,1
C00816,0,1,61.18,61.18,1,2.0,87.0,444.0,Grocery,1
C00817,1,1,95.82,95.82,1,1.0,18.0,436.0,Home,1
C00818,1,1,30.75,30.75,1,1.0,20.0,427.0,Beauty,0
C00819,1,1,286.26,286.26,1,3.0,6.0,422.0,Fashion,0
C00820,0,0,0.0,0.0,0,0.0,299.0,406.0,unknown,1
C00821,0,3,875.4399999999999,291.81333333333333,3,1.6666666666666667,56.0,420.0,Beauty,0
C00822,1,1,39.83,39.83,1,1.0,13.0,240.0,Fashion,0
C00823,0,0,0.0,0.0,0,0.0,137.0,441.0,unknown,0
C00824,2,4,570.61,142.6525,3,1.25,3.0,418.0,Books,1
C00825,0,1,158.97,158.97,1,1.0,45.0,401.0,Electronics,1
C00826,0,0,0.0,0.0,0,0.0,103.0,424.0,unknown,0
C00827,0,1,217.47,217.47,1,3.0,75.0,368.0,Fashion,0
C00828,0,0,0.0,0.0,0,0.0,183.0,448.0,unknown,0
C00829,0,2,1372.12,686.06,1,1.0,59.0,393.0,Electronics,0
C00830,0,0,0.0,0.0,0,0.0,372.0,428.0,unknown,0
C00831,1,1,351.3,351.3,1,2.0,4.0,434.0,Electronics,1
C00832,1,2,238.2,119.1,2,1.5,4.0,423.0,Fashion,0
C00833,0,0,0.0,0.0,0,0.0,423.0,423.0,unknown,0
C00834,0,0,0.0,0.0,0,0.0,96.0,380.0,unknown,0
C00835,0,2,366.42,183.21,1,2.5,51.0,389.0,Fashion,1
C00836,0,0,0.0,0.0,0,0.0,214.0,218.0,unknown,0
C00837,0,1,45.78,45.78,1,1.0,77.0,402.0,Electronics,1
C00838,0,0,0.0,0.0,0,0.0,95.0,266.0,unknown,0
C00839,0,2,658.65,329.325,2,2.0,80.0,340.0,Grocery,0
C00840,1,5,329.71000000000004,65.94200000000001,3,1.2,13.0,417.0,Fashion,1
C00841,1,6,719.04,119.83999999999999,5,1.5,16.0,424.0,Sports,1
C00842,0,2,174.16000000000003,87.08000000000001,1,1.0,62.0,380.0,Toys,0
C00843,0,0,0.0,0.0,0,0.0,101.0,434.0,unknown,0
C00844,3,6,1990.0500000000002,331.675,4,1.6666666666666667,9.0,288.0,Electronics,0
C00845,5,16,3153.14,197.07125,7,1.9375,0.0,452.0,Fashion,1
C00846,0,0,0.0,0.0,0,0.0,107.0,363.0,unknown,0
C00847,0,0,0.0,0.0,0,0.0,103.0,443.0,unknown,0
C00848,0,0,0.0,0.0,0,0.0,154.0,421.0,unknown,0
C00849,3,4,1632.12,408.03,2,1.5,5.0,425.0,Fashion,0
C00850,0,1,22.47,22.47,1,1.0,34.0,433.0,Grocery,1
C00851,0,0,0.0,0.0,0,0.0,111.0,390.0,unknown,0
C00852,0,1,57.4,57.4,1,1.0,89.0,431.0,Toys,0
C00853,0,0,0.0,0.0,0,0.0,114.0,324.0,unknown,0
C00854,1,4,248.95,62.2375,3,1.0,2.0,452.0,Beauty,0
C00855,0,0,0.0,0.0,0,0.0,183.0,406.0,unknown,0
C00856,0,2,353.69000000000005,176.84500000000003,2,1.5,60.0,279.0,Beauty,0
C00857,0,0,0.0,0.0,0,0.0,238.0,318.0,unknown,0
C00858,0,3,725.37,241.79,3,2.6666666666666665,45.0,348.0,Electronics,0
C00859,0,1,18.27,18.27,1,2.0,67.0,423.0,Grocery,0
C00860,0,0,0.0,0.0,0,0.0,301.0,364.0,unknown,0
C00861,2,4,1020.56,255.14,3,1.5,9.0,440.0,Beauty,1
C00862,0,1,89.72,89.72,1,2.0,54.0,325.0,Beauty,0
C00863,0,2,233.78,116.89,2,1.0,75.0,419.0,Fashion,1
C00864,1,1,689.86,689.86,1,1.0,10.0,379.0,Electronics,1
C00865,1,3,424.13,141.37666666666667,2,1.3333333333333333,27.0,441.0,Sports,1
C00866,0,3,239.38,79.79333333333334,2,1.3333333333333333,43.0,390.0,Grocery,0
C00867,1,2,101.62,50.81,2,1.0,12.0,422.0,Books,0
C00868,0,1,109.45,109.45,1,1.0,39.0,302.0,Home,1
C00869,0,1,33.46,33.46,1,1.0,33.0,385.0,Beauty,0
C00870,0,0,0.0,0.0,0,0.0,248.0,320.0,unknown,0
C00871,1,1,26.01,26.01,1,1.0,23.0,435.0,Grocery,0
C00872,1,5,332.84,66.568,4,1.2,25.0,438.0,Toys,1
C00873,2,3,142.15,47.38333333333333,3,1.0,16.0,360.0,Books,0
C00874,0,0,0.0,0.0,0,0.0,209.0,418.0,unknown,0
C00875,1,3,559.41,186.47,3,1.0,4.0,392.0,Books,1
C00876,0,1,56.6,56.6,1,1.0,79.0,383.0,Fashion,0
C00877,0,0,0.0,0.0,0,0.0,161.0,446.0,unknown,0
C00878,0,0,0.0,0.0,0,0.0,364.0,364.0,unknown,0
C00879,1,1,181.88,181.88,1,3.0,0.0,386.0,Toys,0
C00880,1,1,35.31,35.31,1,2.0,27.0,399.0,Beauty,0
C00881,0,1,91.36,91.36,1,1.0,40.0,378.0,Sports,0
C00882,0,3,1631.38,543.7933333333334,3,2.0,55.0,413.0,Beauty,0
C00883,0,0,0.0,0.0,0,0.0,126.0,412.0,unknown,0
C00884,1,3,2077.86,692.62,2,1.3333333333333333,26.0,346.0,Home,1
C00885,0,0,0.0,0.0,0,0.0,167.0,423.0,unknown,0
C00886,0,0,0.0,0.0,0,0.0,216.0,424.0,unknown,0
C00887,0,1,125.85,125.85,1,3.0,81.0,441.0,Grocery,0
C00888,0,3,265.45000000000005,88.48333333333335,2,1.6666666666666667,31.0,357.0,Fashion,0
C00889,2,5,266.4,53.279999999999994,4,1.2,6.0,423.0,Beauty,1
C00890,3,3,667.52,222.50666666666666,3,1.6666666666666667,15.0,293.0,Books,0
C00891,0,0,0.0,0.0,0,0.0,253.0,449.0,unknown,0
C00892,0,1,24.23,24.23,1,1.0,38.0,447.0,Books,0
C00893,0,0,0.0,0.0,0,0.0,155.0,438.0,unknown,0
C00894,0,2,1385.08,692.54,2,1.5,53.0,445.0,Electronics,1
C00895,1,2,706.85,353.425,2,1.5,13.0,426.0,Electronics,0
C00896,1,3,710.47,236.82333333333335,3,1.6666666666666667,19.0,424.0,Beauty,1
C00897,0,0,0.0,0.0,0,0.0,175.0,428.0,unknown,0
C00898,0,0,0.0,0.0,0,0.0,236.0,384.0,unknown,0
C00899,0,0,0.0,0.0,0,0.0,297.0,448.0,unknown,0
C00900,0,0,0.0,0.0,0,0.0,95.0,446.0,unknown,0
C00901,1,2,771.0200000000001,385.51000000000005,2,1.0,19.0,168.0,Electronics,0
C00902,0,0,0.0,0.0,0,0.0,232.0,425.0,unknown,0
C00903,1,1,63.69,63.69,1,1.0,23.0,444.0,Beauty,1
C00904,1,1,636.29,636.29,1,1.0,1.0,283.0,Electronics,0
C00905,0,1,55.76,55.76,1,1.0,66.0,296.0,Home,0
C00906,1,1,58.35,58.35,1,1.0,8.0,390.0,Toys,0
C00907,1,1,2383.87,2383.87,1,3.0,14.0,360.0,Electronics,1
C00908,1,3,1819.19,606.3966666666666,3,1.6666666666666667,24.0,368.0,Beauty,1
C00909,0,0,0.0,0.0,0,0.0,128.0,362.0,unknown,0
C00910,0,0,0.0,0.0,0,0.0,297.0,405.0,unknown,0
C00911,0,2,216.42000000000002,108.21000000000001,2,1.5,30.0,359.0,Home,1
C00912,0,3,469.15000000000003,156.38333333333335,3,1.3333333333333333,72.0,447.0,Electronics,0
C00913,0,1,19.81,19.81,1,1.0,72.0,311.0,Grocery,0
C00914,0,0,0.0,0.0,0,0.0,114.0,226.0,unknown,0
C00915,0,2,508.25,254.125,2,1.5,74.0,387.0,Electronics,0
C00916,0,0,0.0,0.0,0,0.0,142.0,390.0,unknown,0
C00917,1,3,358.19,119.39666666666666,3,1.0,7.0,448.0,Beauty,1
C00918,4,12,2441.26,203.43833333333336,6,1.5,1.0,445.0,Books,1
C00919,0,0,0.0,0.0,0,0.0,154.0,407.0,unknown,0
C00920,0,3,207.67000000000002,69.22333333333334,3,1.0,31.0,366.0,Beauty,0
C00921,0,2,259.61,129.805,2,1.5,59.0,452.0,Fashion,1
C00922,1,2,519.15,259.575,2,2.0,3.0,352.0,Beauty,1
C00923,1,2,117.57,58.785,2,1.0,26.0,211.0,Beauty,0
C00924,0,0,0.0,0.0,0,0.0,99.0,448.0,unknown,1
C00925,1,3,727.08,242.36,3,2.0,12.0,442.0,Books,1
C00926,0,0,0.0,0.0,0,0.0,161.0,421.0,unknown,0
C00927,1,2,375.84000000000003,187.92000000000002,1,1.5,11.0,450.0,Fashion,1
C00928,0,1,81.39,81.39,1,2.0,69.0,250.0,Beauty,0
C00929,0,2,74.8,37.4,2,1.5,58.0,298.0,Grocery,1
C00930,0,2,202.0,101.0,2,2.5,31.0,383.0,Grocery,1
C00931,0,0,0.0,0.0,0,0.0,263.0,417.0,unknown,0
C00932,0,0,0.0,0.0,0,0.0,111.0,436.0,unknown,0
C00933,2,2,871.56,435.78,2,2.0,4.0,383.0,Books,1
C00934,1,1,132.29,132.29,1,1.0,7.0,412.0,Electronics,0
C00935,2,3,124.11,41.37,2,1.0,13.0,368.0,Grocery,0
C00936,0,0,0.0,0.0,0,0.0,182.0,446.0,unknown,0
C00937,1,1,45.54,45.54,1,1.0,9.0,338.0,Beauty,1
C00938,0,3,482.85,160.95000000000002,3,1.3333333333333333,49.0,425.0,Fashion,1
C00939,0,0,0.0,0.0,0,0.0,205.0,393.0,unknown,1
C00940,2,5,971.79,194.358,4,2.0,8.0,419.0,Toys,1
C00941,0,0,0.0,0.0,0,0.0,351.0,433.0,unknown,0
C00942,1,2,425.96,212.98,2,1.5,21.0,338.0,Fashion,0
C00943,0,1,64.3,64.3,1,1.0,85.0,397.0,Fashion,1
C00944,1,1,165.68,165.68,1,1.0,6.0,376.0,Sports,1
C00945,0,2,3264.56,1632.28,2,3.0,73.0,275.0,Electronics,1
C00946,0,0,0.0,0.0,0,0.0,312.0,312.0,unknown,0
C00947,0,0,0.0,0.0,0,0.0,102.0,400.0,unknown,0
C00948,2,3,336.76,112.25333333333333,2,1.3333333333333333,0.0,427.0,Sports,0
C00949,0,3,407.87,135.95666666666668,3,3.0,66.0,446.0,Books,0
C00950,0,0,0.0,0.0,0,0.0,151.0,437.0,unknown,0
C00951,1,2,242.76,121.38,2,1.5,27.0,68.0,Electronics,1
C00952,1,1,13.36,13.36,1,2.0,23.0,397.0,Grocery,0
C00953,0,0,0.0,0.0,0,0.0,186.0,448.0,unknown,0
C00954,4,4,360.90999999999997,90.22749999999999,3,1.5,10.0,438.0,Toys,1
C00955,1,1,290.82,290.82,1,1.0,16.0,360.0,Electronics,0
C00956,0,2,189.69,94.845,2,1.0,32.0,277.0,Electronics,1
C00957,0,0,0.0,0.0,0,0.0,107.0,331.0,unknown,0
C00958,0,2,571.4499999999999,285.72499999999997,2,1.5,40.0,406.0,Books,0
C00959,0,1,85.72,85.72,1,1.0,70.0,247.0,Beauty,1
C00960,0,1,114.75,114.75,1,4.0,59.0,449.0,Grocery,1
C00961,0,0,0.0,0.0,0,0.0,170.0,448.0,unknown,0
C00962,1,1,53.98,53.98,1,1.0,10.0,393.0,Grocery,0
C00963,0,0,0.0,0.0,0,0.0,108.0,444.0,unknown,1
C00964,0,2,54.86,27.43,2,1.0,32.0,419.0,Beauty,0
C00965,0,0,0.0,0.0,0,0.0,152.0,383.0,unknown,0
C00966,1,2,394.0,197.0,2,1.0,26.0,389.0,Fashion,1
C00967,0,1,69.84,69.84,1,2.0,63.0,381.0,Sports,0
C00968,4,9,1469.6,163.2888888888889,5,1.1111111111111112,3.0,446.0,Beauty,1
C00969,2,5,2915.36,583.072,2,2.2,22.0,406.0,Electronics,1
C00970,0,1,84.46,84.46,1,1.0,87.0,426.0,Fashion,0
C00971,0,0,0.0,0.0,0,0.0,246.0,435.0,unknown,0
C00972,4,5,902.7,180.54000000000002,3,1.6,7.0,450.0,Electronics,1
C00973,2,5,256.64,51.327999999999996,3,1.4,8.0,416.0,Grocery,1
C00974,2,5,561.85,112.37,4,1.2,7.0,317.0,Fashion,1
C00975,0,0,0.0,0.0,0,0.0,278.0,422.0,unknown,0
C00976,0,3,361.42999999999995,120.47666666666665,3,1.3333333333333333,37.0,337.0,Books,0
C00977,0,1,73.58,73.58,1,1.0,79.0,247.0,Fashion,1
C00978,0,1,467.5,467.5,1,1.0,65.0,395.0,Electronics,1
C00979,0,1,21.64,21.64,1,1.0,50.0,367.0,Books,0
C00980,0,0,0.0,0.0,0,0.0,333.0,447.0,unknown,0
C00981,1,1,37.24,37.24,1,1.0,9.0,401.0,Beauty,0
C00982,0,0,0.0,0.0,0,0.0,100.0,382.0,unknown,0
C00983,0,3,418.15,139.38333333333333,3,2.3333333333333335,45.0,419.0,Books,0
C00984,1,1,334.49,334.49,1,3.0,28.0,331.0,Fashion,0
C00985,3,5,341.56000000000006,68.31200000000001,3,1.4,4.0,452.0,Grocery,1
C00986,2,3,115.72,38.57333333333333,3,1.0,10.0,283.0,Beauty,0
C00987,0,0,0.0,0.0,0,0.0,370.0,450.0,unknown,0
C00988,1,2,235.75,117.875,2,2.0,15.0,440.0,Beauty,0
C00989,0,0,0.0,0.0,0,0.0,132.0,356.0,unknown,0
C00990,0,0,0.0,0.0,0,0.0,106.0,388.0,unknown,1
C00991,0,2,76.96000000000001,38.480000000000004,2,1.0,58.0,316.0,Beauty,1
C00992,0,1,1430.84,1430.84,1,3.0,46.0,337.0,Electronics,0
C00993,2,4,502.93,125.7325,3,1.0,2.0,396.0,Sports,0
C00994,0,0,0.0,0.0,0,0.0,116.0,356.0,unknown,0
C00995,1,3,206.92,68.97333333333333,3,1.0,6.0,430.0,Books,0
C00996,0,1,275.16,275.16,1,1.0,74.0,205.0,Electronics,0
C00997,0,0,0.0,0.0,0,0.0,116.0,247.0,unknown,0
C00998,1,2,114.49,57.245,2,1.0,15.0,428.0,Books,0
C00999,0,0,0.0,0.0,0,0.0,134.0,382.0,unknown,0
C01000,0,0,0.0,0.0,0,0.0,124.0,420.0,unknown,0
C01001,0,7,698.93,99.84714285714286,5,1.5714285714285714,30.0,409.0,Grocery,0
C01002,2,3,1242.42,414.14000000000004,2,2.3333333333333335,12.0,345.0,Sports,1
C01003,1,4,1320.08,330.02,3,2.5,21.0,399.0,Beauty,0
C01004,0,2,227.19,113.595,2,1.5,44.0,440.0,Beauty,1
C01005,0,1,91.2,91.2,1,1.0,54.0,170.0,Sports,0
C01006,0,0,0.0,0.0,0,0.0,278.0,446.0,unknown,0
C01007,1,4,290.42,72.605,3,1.0,15.0,399.0,Sports,1
C01008,0,0,0.0,0.0,0,0.0,293.0,428.0,unknown,0
C01009,0,0,0.0,0.0,0,0.0,142.0,430.0,unknown,0
C01010,0,4,2530.6400000000003,632.6600000000001,2,2.5,46.0,368.0,Electronics,1
C01011,0,2,401.44,200.72,2,1.0,44.0,324.0,Grocery,0
C01012,1,2,65.57,32.785,2,2.0,26.0,310.0,Beauty,0
C01013,5,8,2700.2599999999998,337.53249999999997,4,1.0,1.0,364.0,Electronics,1
C01014,0,2,357.45000000000005,178.72500000000002,2,1.5,53.0,392.0,Beauty,0
C01015,0,0,0.0,0.0,0,0.0,119.0,447.0,unknown,0
C01016,0,1,68.15,68.15,1,3.0,55.0,429.0,Grocery,0
C01017,1,2,217.73,108.865,2,2.0,10.0,402.0,Fashion,1
C01018,0,2,284.26,142.13,2,2.0,65.0,392.0,Beauty,1
C01019,2,8,755.25,94.40625,3,1.25,18.0,452.0,Beauty,1
C01020,1,2,636.69,318.345,2,1.5,14.0,342.0,Electronics,1
C01021,2,2,110.36,55.18,2,1.0,2.0,424.0,Beauty,1
C01022,1,3,317.71,105.90333333333332,3,1.0,8.0,409.0,Beauty,0
C01023,0,1,66.67,66.67,1,2.0,82.0,383.0,Beauty,0
C01024,0,1,58.24,58.24,1,1.0,63.0,417.0,Toys,0
C01025,0,1,534.72,534.72,1,1.0,41.0,391.0,Electronics,1
C01026,0,0,0.0,0.0,0,0.0,177.0,448.0,unknown,0
C01027,0,1,28.36,28.36,1,1.0,41.0,450.0,Books,1
C01028,0,0,0.0,0.0,0,0.0,178.0,440.0,unknown,0
C01029,0,1,68.34,68.34,1,1.0,48.0,343.0,Toys,0
C01030,0,1,235.63,235.63,1,1.0,57.0,256.0,Electronics,0
C01031,0,0,0.0,0.0,0,0.0,101.0,446.0,unknown,1
C01032,1,3,448.85,149.61666666666667,2,2.3333333333333335,2.0,428.0,Fashion,1
C01033,2,2,106.58000000000001,53.290000000000006,2,1.0,3.0,237.0,Grocery,0
C01034,0,0,0.0,0.0,0,0.0,97.0,299.0,unknown,0
C01035,0,2,1762.68,881.34,1,1.5,59.0,329.0,Electronics,1
C01036,1,2,923.1899999999999,461.59499999999997,2,2.5,26.0,352.0,Books,0
C01037,0,1,26.56,26.56,1,1.0,46.0,250.0,Grocery,0
C01038,2,2,2546.06,1273.03,1,1.5,2.0,349.0,Electronics,0
C01039,1,3,961.25,320.4166666666667,3,2.0,26.0,360.0,Books,1
C01040,0,2,421.64,210.82,2,1.5,48.0,436.0,Electronics,1
C01041,0,2,399.55,199.775,2,1.0,65.0,448.0,Electronics,0
C01042,1,3,603.92,201.30666666666664,3,1.3333333333333333,3.0,307.0,Beauty,1
C01043,0,0,0.0,0.0,0,0.0,128.0,423.0,unknown,1
C01044,4,8,1292.6,161.575,6,1.125,1.0,442.0,Beauty,1
C01045,1,1,123.08,123.08,1,1.0,27.0,330.0,Fashion,1
C01046,0,0,0.0,0.0,0,0.0,282.0,355.0,unknown,0
C01047,0,0,0.0,0.0,0,0.0,194.0,294.0,unknown,0
C01048,0,1,28.56,28.56,1,1.0,78.0,337.0,Grocery,0
C01049,1,4,216.12,54.03,3,1.25,29.0,401.0,Grocery,0
C01050,0,0,0.0,0.0,0,0.0,372.0,418.0,unknown,0
C01051,0,2,1168.31,584.155,2,2.0,39.0,374.0,Electronics,0
C01052,1,2,54.69,27.345,2,1.0,17.0,431.0,Books,0
C01053,0,0,0.0,0.0,0,0.0,225.0,441.0,unknown,0
C01054,0,0,0.0,0.0,0,0.0,134.0,425.0,unknown,1
C01055,0,1,110.45,110.45,1,1.0,74.0,417.0,Fashion,0
C01056,0,2,228.27,114.135,2,1.5,35.0,394.0,Books,0
C01057,0,2,143.8,71.9,2,1.0,62.0,345.0,Electronics,0
C01058,0,0,0.0,0.0,0,0.0,189.0,415.0,unknown,0
C01059,0,1,495.21,495.21,1,3.0,36.0,376.0,Sports,1
C01060,1,2,60.55,30.275,1,1.0,25.0,443.0,Grocery,0
C01061,0,3,172.23999999999998,57.41333333333333,2,1.0,34.0,331.0,Grocery,0
C01062,0,0,0.0,0.0,0,0.0,,,unknown,0
C01063,0,0,0.0,0.0,0,0.0,218.0,320.0,unknown,0
C01064,1,1,58.14,58.14,1,1.0,27.0,389.0,Grocery,0
C01065,0,0,0.0,0.0,0,0.0,114.0,431.0,unknown,0
C01066,0,0,0.0,0.0,0,0.0,95.0,390.0,unknown,0
C01067,0,0,0.0,0.0,0,0.0,246.0,334.0,unknown,0
C01068,1,1,16.58,16.58,1,1.0,27.0,414.0,Grocery,0
C01069,0,2,79.9,39.95,2,1.0,41.0,421.0,Grocery,0
C01070,1,4,1356.92,339.23,3,1.5,14.0,354.0,Home,0
C01071,2,4,286.04,71.51,4,2.0,19.0,427.0,Beauty,1
C01072,0,0,0.0,0.0,0,0.0,402.0,402.0,unknown,0
C01073,0,3,657.55,219.1833333333333,3,1.0,32.0,312.0,Electronics,0
C01074,0,0,0.0,0.0,0,0.0,316.0,316.0,unknown,0
C01075,0,1,126.85,126.85,1,3.0,58.0,379.0,Beauty,0
C01076,0,0,0.0,0.0,0,0.0,108.0,418.0,unknown,0
C01077,1,2,843.87,421.935,2,1.5,21.0,381.0,Electronics,0
C01078,1,1,270.77,270.77,1,1.0,2.0,299.0,Electronics,0
C01079,0,0,0.0,0.0,0,0.0,91.0,428.0,unknown,0
C01080,0,0,0.0,0.0,0,0.0,437.0,437.0,unknown,0
C01081,0,1,315.71,315.71,1,1.0,32.0,447.0,Electronics,0
C01082,1,2,101.51,50.755,2,1.5,13.0,437.0,Grocery,0
C01083,0,1,51.89,51.89,1,2.0,67.0,407.0,Beauty,0
C01084,1,6,983.89,163.98166666666665,5,1.1666666666666667,29.0,398.0,Fashion,0
C01085,2,2,138.35,69.175,2,1.0,18.0,439.0,Beauty,0
C01086,0,3,768.54,256.18,3,1.3333333333333333,35.0,393.0,Beauty,1
C01087,0,0,0.0,0.0,0,0.0,143.0,373.0,unknown,1
C01088,0,1,20.3,20.3,1,1.0,59.0,237.0,Books,0
C01089,0,2,101.1,50.55,1,1.0,47.0,330.0,Books,1
C01090,0,3,2141.17,713.7233333333334,3,2.3333333333333335,63.0,292.0,Beauty,1
C01091,0,0,0.0,0.0,0,0.0,151.0,450.0,unknown,0
C01092,0,0,0.0,0.0,0,0.0,129.0,431.0,unknown,0
C01093,0,0,0.0,0.0,0,0.0,194.0,435.0,unknown,0
C01094,0,0,0.0,0.0,0,0.0,334.0,430.0,unknown,0
C01095,2,4,920.6,230.15,4,1.5,6.0,137.0,Electronics,1
C01096,2,4,2490.59,622.6475,3,1.5,3.0,356.0,Electronics,0
C01097,1,1,9.47,9.47,1,1.0,25.0,449.0,Books,0
C01098,0,1,72.29,72.29,1,2.0,51.0,326.0,Beauty,0
C01099,0,1,24.07,24.07,1,1.0,59.0,218.0,Beauty,0
C01100,0,0,0.0,0.0,0,0.0,91.0,433.0,unknown,0
C01101,0,1,109.6,109.6,1,1.0,85.0,443.0,Home,1
C01102,0,0,0.0,0.0,0,0.0,264.0,361.0,unknown,0
C01103,0,1,96.25,96.25,1,1.0,72.0,357.0,Fashion,1
C01104,0,2,489.89,244.945,2,2.0,36.0,398.0,Electronics,0
C01105,1,1,109.86,109.86,1,1.0,1.0,384.0,Home,1
C01106,0,0,0.0,0.0,0,0.0,224.0,346.0,unknown,0
C01107,1,3,584.79,194.92999999999998,3,2.0,11.0,430.0,Electronics,1
C01108,0,0,0.0,0.0,0,0.0,163.0,436.0,unknown,0
C01109,1,1,95.0,95.0,1,1.0,15.0,393.0,Beauty,1
C01110,0,0,0.0,0.0,0,0.0,270.0,437.0,unknown,0
C01111,1,4,1284.58,321.145,4,1.75,4.0,420.0,Beauty,1
C01112,0,0,0.0,0.0,0,0.0,142.0,212.0,unknown,0
C01113,0,1,280.42,280.42,1,2.0,47.0,413.0,Home,0
C01114,0,1,37.69,37.69,1,1.0,88.0,442.0,Grocery,1
C01115,1,1,96.95,96.95,1,1.0,28.0,392.0,Fashion,1
C01116,1,1,44.27,44.27,1,2.0,25.0,380.0,Grocery,0
C01117,1,2,246.37,123.185,2,1.5,8.0,300.0,Fashion,0
C01118,0,1,190.42,190.42,1,4.0,88.0,360.0,Toys,0
C01119,0,1,206.38,206.38,1,1.0,71.0,446.0,Home,0
C01120,0,0,0.0,0.0,0,0.0,165.0,427.0,unknown,1
C01121,0,0,0.0,0.0,0,0.0,196.0,248.0,unknown,0
C01122,2,3,297.98,99.32666666666667,3,1.3333333333333333,0.0,421.0,Books,1
C01123,0,1,254.96,254.96,1,2.0,80.0,411.0,Fashion,0
C01124,4,7,1182.23,168.89000000000001,5,1.8571428571428572,15.0,342.0,Beauty,1
C01125,2,2,2751.83,1375.915,2,3.0,15.0,296.0,Beauty,1
C01126,0,0,0.0,0.0,0,0.0,226.0,274.0,unknown,0
C01127,0,1,340.14,340.14,1,2.0,30.0,366.0,Electronics,1
C01128,0,0,0.0,0.0,0,0.0,313.0,370.0,unknown,0
C01129,0,1,20.46,20.46,1,1.0,83.0,389.0,Grocery,1
C01130,0,1,30.25,30.25,1,1.0,53.0,323.0,Books,1
C01131,0,1,25.98,25.98,1,1.0,55.0,356.0,Beauty,0
C01132,0,2,313.17,156.585,2,3.0,61.0,305.0,Books,0
C01133,2,9,1591.24,176.80444444444444,6,1.0,0.0,393.0,Fashion,0
C01134,0,1,36.33,36.33,1,1.0,31.0,337.0,Beauty,1
C01135,0,2,225.2,112.6,2,1.0,40.0,431.0,Books,1
C01136,0,0,0.0,0.0,0,0.0,287.0,378.0,unknown,0
C01137,0,2,224.97,112.485,2,2.0,38.0,262.0,Beauty,0
C01138,6,8,3023.7799999999997,377.97249999999997,3,1.25,7.0,351.0,Electronics,0
C01139,0,1,18.35,18.35,1,1.0,35.0,371.0,Grocery,0
C01140,0,0,0.0,0.0,0,0.0,179.0,411.0,unknown,0
C01141,0,0,0.0,0.0,0,0.0,223.0,438.0,unknown,0
C01142,0,0,0.0,0.0,0,0.0,136.0,357.0,unknown,1
C01143,0,2,60.1,30.05,2,1.0,32.0,205.0,Beauty,0
C01144,0,0,0.0,0.0,0,0.0,176.0,401.0,unknown,0
C01145,2,5,1655.15,331.03000000000003,3,2.2,17.0,318.0,Fashion,1
C01146,0,0,0.0,0.0,0,0.0,233.0,377.0,unknown,0
C01147,2,2,260.72,130.36,2,1.5,6.0,433.0,Electronics,0
C01148,0,0,0.0,0.0,0,0.0,117.0,390.0,unknown,0
C01149,0,3,730.8999999999999,243.6333333333333,3,1.0,39.0,324.0,Beauty,0
C01150,0,4,568.89,142.2225,3,1.5,33.0,363.0,Sports,0
C01151,1,1,59.15,59.15,1,1.0,16.0,412.0,Fashion,0
C01152,0,1,624.21,624.21,1,1.0,38.0,429.0,Electronics,0
C01153,2,9,2174.15,241.57222222222222,4,1.4444444444444444,8.0,448.0,Grocery,1
C01154,2,6,664.3499999999999,110.72499999999998,5,1.3333333333333333,0.0,438.0,Beauty,1
C01155,0,1,18.6,18.6,1,1.0,89.0,401.0,Beauty,0
C01156,0,0,0.0,0.0,0,0.0,98.0,343.0,unknown,0
C01157,0,0,0.0,0.0,0,0.0,124.0,357.0,unknown,0
C01158,3,4,516.8000000000001,129.20000000000002,4,1.5,0.0,346.0,Beauty,0
C01159,1,2,2189.89,1094.945,1,3.5,11.0,386.0,Electronics,0
C01160,1,1,43.04,43.04,1,1.0,18.0,449.0,Fashion,0
C01161,1,2,898.56,449.28,2,2.0,24.0,448.0,Beauty,1
C01162,1,7,866.01,123.71571428571428,5,1.5714285714285714,25.0,423.0,Beauty,1
C01163,0,1,57.5,57.5,1,1.0,82.0,381.0,Beauty,1
C01164,0,1,374.62,374.62,1,3.0,37.0,437.0,Sports,0
C01165,2,3,682.25,227.41666666666666,2,1.6666666666666667,17.0,437.0,Sports,0
C01166,0,2,145.46,72.73,2,1.0,63.0,442.0,Fashion,0
C01167,0,0,0.0,0.0,0,0.0,247.0,374.0,unknown,1
C01168,1,2,220.12,110.06,2,1.0,24.0,385.0,Electronics,1
C01169,1,2,338.27,169.135,2,1.0,13.0,443.0,Electronics,1
C01170,1,2,46.36,23.18,2,1.0,18.0,428.0,Fashion,1
C01171,0,1,103.88,103.88,1,3.0,59.0,446.0,Grocery,0
C01172,0,0,0.0,0.0,0,0.0,101.0,367.0,unknown,0
C01173,0,0,0.0,0.0,0,0.0,313.0,436.0,unknown,0
C01174,0,1,301.18,301.18,1,2.0,37.0,353.0,Home,0
C01175,1,1,85.42,85.42,1,1.0,7.0,313.0,Home,1
C01176,1,1,49.69,49.69,1,1.0,12.0,360.0,Fashion,0
C01177,1,5,873.1800000000001,174.63600000000002,4,2.4,11.0,314.0,Toys,1
C01178,0,0,0.0,0.0,0,0.0,133.0,360.0,unknown,0
C01179,0,0,0.0,0.0,0,0.0,234.0,375.0,unknown,0
C01180,0,0,0.0,0.0,0,0.0,125.0,407.0,unknown,0
C01181,2,3,545.59,181.86333333333334,3,1.3333333333333333,15.0,442.0,Books,0
C01182,0,0,0.0,0.0,0,0.0,141.0,395.0,unknown,0
C01183,0,1,15.31,15.31,1,1.0,30.0,408.0,Beauty,0
C01184,2,6,915.91,152.65166666666667,5,1.8333333333333333,18.0,415.0,Grocery,1
C01185,1,2,359.37,179.685,2,1.5,7.0,405.0,Home,1
C01186,0,5,470.03000000000003,94.006,3,1.4,41.0,402.0,Grocery,1
C01187,0,0,0.0,0.0,0,0.0,160.0,228.0,unknown,0
C01188,1,2,359.78,179.89,1,1.5,24.0,424.0,Home,1
C01189,2,5,563.29,112.65799999999999,3,1.6,20.0,438.0,Fashion,0
C01190,0,0,0.0,0.0,0,0.0,350.0,350.0,unknown,0
C01191,0,0,0.0,0.0,0,0.0,91.0,405.0,unknown,0
C01192,0,0,0.0,0.0,0,0.0,356.0,356.0,unknown,0
C01193,1,1,19.6,19.6,1,1.0,19.0,19.0,Grocery,0
C01194,1,1,139.57,139.57,1,4.0,28.0,335.0,Grocery,0
C01195,0,0,0.0,0.0,0,0.0,101.0,428.0,unknown,0
C01196,0,0,0.0,0.0,0,0.0,289.0,451.0,unknown,0
C01197,0,0,0.0,0.0,0,0.0,197.0,421.0,unknown,0
C01198,0,2,348.07,174.035,1,1.0,44.0,397.0,Electronics,0
C01199,0,0,0.0,0.0,0,0.0,194.0,422.0,unknown,0
C01200,3,7,388.56,55.50857142857143,5,1.2857142857142858,10.0,440.0,Beauty,1
C01201,1,2,268.32,134.16,2,1.5,11.0,403.0,Books,0
C01202,1,1,88.52,88.52,1,1.0,28.0,436.0,Fashion,0
C01203,1,2,450.22999999999996,225.11499999999998,2,1.0,13.0,67.0,Electronics,0
C01204,1,1,78.44,78.44,1,3.0,0.0,440.0,Beauty,0
C01205,1,2,295.4,147.7,2,2.0,17.0,392.0,Electronics,1
C01206,0,1,44.05,44.05,1,2.0,62.0,180.0,Grocery,0
C01207,0,1,561.4,561.4,1,1.0,39.0,412.0,Electronics,0
C01208,2,7,3589.39,512.77,3,1.2857142857142858,8.0,295.0,Electronics,1
C01209,0,0,0.0,0.0,0,0.0,193.0,441.0,unknown,0
C01210,2,4,4628.879999999999,1157.2199999999998,4,2.5,11.0,406.0,Books,1
C01211,0,1,280.42,280.42,1,1.0,35.0,373.0,Home,0
C01212,0,0,0.0,0.0,0,0.0,157.0,299.0,unknown,0
C01213,0,1,130.48,130.48,1,1.0,49.0,332.0,Home,0
C01214,0,0,0.0,0.0,0,0.0,322.0,409.0,unknown,0
C01215,0,0,0.0,0.0,0,0.0,295.0,295.0,unknown,1
C01216,1,2,53.31,26.655,2,1.0,24.0,372.0,Books,0
C01217,0,0,0.0,0.0,0,0.0,215.0,451.0,unknown,0
C01218,0,1,137.62,137.62,1,1.0,58.0,371.0,Fashion,0
C01219,0,0,0.0,0.0,0,0.0,173.0,404.0,unknown,0
C01220,2,4,550.47,137.6175,4,1.5,18.0,443.0,Beauty,0
C01221,0,1,424.15,424.15,1,4.0,58.0,435.0,Home,0
C01222,0,0,0.0,0.0,0,0.0,275.0,393.0,unknown,0
C01223,0,0,0.0,0.0,0,0.0,122.0,273.0,unknown,1
C01224,0,0,0.0,0.0,0,0.0,133.0,368.0,unknown,0
C01225,3,9,1393.29,154.81,4,2.0,1.0,448.0,Fashion,1
C01226,0,0,0.0,0.0,0,0.0,133.0,360.0,unknown,0
C01227,0,1,129.19,129.19,1,1.0,64.0,336.0,Home,1
C01228,1,3,3814.69,1271.5633333333333,2,1.6666666666666667,24.0,333.0,Electronics,0
C01229,0,3,594.3100000000001,198.10333333333335,3,1.6666666666666667,38.0,406.0,Beauty,0
C01230,3,6,851.44,141.90666666666667,3,2.5,11.0,451.0,Beauty,1
C01231,0,1,58.52,58.52,1,1.0,89.0,426.0,Books,0
C01232,0,0,0.0,0.0,0,0.0,176.0,407.0,unknown,0
C01233,0,1,139.56,139.56,1,2.0,69.0,446.0,Fashion,0
C01234,0,1,22.37,22.37,1,1.0,42.0,227.0,Beauty,0
C01235,0,0,0.0,0.0,0,0.0,417.0,432.0,unknown,0
C01236,0,2,340.1,170.05,2,2.5,65.0,431.0,Grocery,0
C01237,0,0,0.0,0.0,0,0.0,101.0,426.0,unknown,0
C01238,1,3,977.48,325.82666666666665,2,1.6666666666666667,27.0,375.0,Toys,0
C01239,0,1,22.9,22.9,1,1.0,46.0,406.0,Books,1
C01240,0,2,251.52999999999997,125.76499999999999,2,2.0,56.0,409.0,Electronics,1
C01241,0,0,0.0,0.0,0,0.0,206.0,253.0,unknown,0
C01242,0,0,0.0,0.0,0,0.0,206.0,451.0,unknown,0
C01243,0,0,0.0,0.0,0,0.0,138.0,418.0,unknown,0
C01244,2,4,2658.67,664.6675,2,2.0,16.0,443.0,Electronics,0
C01245,1,1,23.84,23.84,1,1.0,1.0,393.0,Books,0
C01246,0,0,0.0,0.0,0,0.0,276.0,408.0,unknown,0
C01247,0,0,0.0,0.0,0,0.0,116.0,443.0,unknown,0
C01248,0,0,0.0,0.0,0,0.0,227.0,414.0,unknown,0
C01249,0,1,26.93,26.93,1,1.0,64.0,309.0,Fashion,1
C01250,0,2,1152.9,576.45,2,3.5,60.0,392.0,Books,0
C01251,0,4,840.47,210.1175,3,2.0,45.0,419.0,Home,1
C01252,2,3,642.81,214.26999999999998,2,1.3333333333333333,7.0,393.0,Home,0
C01253,2,2,246.68,123.34,2,2.0,4.0,438.0,Beauty,1
C01254,1,1,1700.0,1700.0,1,2.0,14.0,367.0,Electronics,1
C01255,0,3,1320.6399999999999,440.2133333333333,2,1.6666666666666667,49.0,114.0,Electronics,0
C01256,0,0,0.0,0.0,0,0.0,97.0,337.0,unknown,1
C01257,0,0,0.0,0.0,0,0.0,158.0,381.0,unknown,1
C01258,0,1,469.43,469.43,1,1.0,67.0,363.0,Electronics,0
C01259,0,2,125.49000000000001,62.745000000000005,2,1.5,81.0,87.0,Books,0
C01260,0,0,0.0,0.0,0,0.0,122.0,315.0,unknown,0
C01261,1,7,872.27,124.61,4,1.0,6.0,450.0,Beauty,1
C01262,2,4,2753.48,688.37,2,1.5,14.0,384.0,Electronics,1
C01263,1,1,33.19,33.19,1,1.0,17.0,424.0,Beauty,0
C01264,4,4,1356.89,339.2225,3,1.25,1.0,366.0,Grocery,0
C01265,0,1,30.61,30.61,1,1.0,44.0,370.0,Sports,0
C01266,0,1,47.81,47.81,1,1.0,86.0,381.0,Fashion,1
C01267,0,1,32.06,32.06,1,1.0,65.0,449.0,Fashion,1
C01268,1,2,94.55999999999999,47.279999999999994,1,1.0,6.0,390.0,Books,0
C01269,0,1,16.3,16.3,1,1.0,57.0,299.0,Beauty,1
C01270,0,0,0.0,0.0,0,0.0,122.0,291.0,unknown,1
C01271,0,1,29.81,29.81,1,1.0,83.0,415.0,Books,1
C01272,0,0,0.0,0.0,0,0.0,291.0,425.0,unknown,0
C01273,0,0,0.0,0.0,0,0.0,222.0,452.0,unknown,0
C01274,0,0,0.0,0.0,0,0.0,,,unknown,1
C01275,0,5,986.9100000000001,197.382,4,1.2,46.0,451.0,Home,0
C01276,1,1,40.44,40.44,1,1.0,7.0,424.0,Sports,0
C01277,1,1,40.88,40.88,1,2.0,20.0,420.0,Beauty,0
C01278,2,3,284.79,94.93,3,1.0,16.0,443.0,Books,1
C01279,0,0,0.0,0.0,0,0.0,132.0,430.0,unknown,0
C01280,0,1,169.66,169.66,1,2.0,73.0,429.0,Beauty,0
C01281,0,0,0.0,0.0,0,0.0,299.0,448.0,unknown,0
C01282,0,1,5444.61,5444.61,1,6.0,68.0,317.0,Electronics,0
C01283,1,3,636.98,212.32666666666668,3,2.0,24.0,223.0,Grocery,0
C01284,0,0,0.0,0.0,0,0.0,190.0,218.0,unknown,0
C01285,0,1,41.04,41.04,1,1.0,45.0,275.0,Beauty,0
C01286,1,2,55.7,27.85,1,1.5,29.0,415.0,Grocery,0
C01287,0,1,66.36,66.36,1,1.0,37.0,430.0,Books,0
C01288,0,0,0.0,0.0,0,0.0,333.0,410.0,unknown,0
C01289,0,0,0.0,0.0,0,0.0,128.0,396.0,unknown,1
C01290,0,0,0.0,0.0,0,0.0,130.0,280.0,unknown,0
C01291,3,11,4774.07,434.00636363636363,7,1.8181818181818181,7.0,402.0,Electronics,1
C01292,1,2,246.3,123.15,2,1.0,10.0,443.0,Fashion,1
C01293,0,1,116.54,116.54,1,1.0,45.0,404.0,Electronics,1
C01294,0,0,0.0,0.0,0,0.0,324.0,409.0,unknown,0
C01295,0,0,0.0,0.0,0,0.0,290.0,381.0,unknown,0
C01296,0,0,0.0,0.0,0,0.0,123.0,406.0,unknown,0
C01297,1,3,126.27,42.089999999999996,3,1.6666666666666667,21.0,436.0,Books,0
C01298,1,1,81.42,81.42,1,2.0,11.0,446.0,Grocery,0
C01299,0,0,0.0,0.0,0,0.0,116.0,404.0,unknown,0
C01300,0,0,0.0,0.0,0,0.0,346.0,346.0,unknown,0
C01301,0,0,0.0,0.0,0,0.0,357.0,357.0,unknown,0
C01302,0,0,0.0,0.0,0,0.0,129.0,435.0,unknown,0
C01303,1,3,740.5,246.83333333333334,3,1.3333333333333333,21.0,356.0,Electronics,0
C01304,0,0,0.0,0.0,0,0.0,304.0,304.0,unknown,0
C01305,2,4,1157.35,289.3375,3,1.75,4.0,287.0,Fashion,0
C01306,0,1,572.04,572.04,1,1.0,37.0,445.0,Electronics,1
C01307,0,0,0.0,0.0,0,0.0,91.0,212.0,unknown,1
C01308,0,0,0.0,0.0,0,0.0,91.0,396.0,unknown,0
C01309,1,2,124.07,62.035,2,1.0,13.0,440.0,Beauty,1
C01310,0,4,806.02,201.505,3,2.0,36.0,446.0,Grocery,1
C01311,0,0,0.0,0.0,0,0.0,237.0,425.0,unknown,0
C01312,1,2,253.0,126.5,2,1.5,0.0,181.0,Electronics,0
C01313,0,0,0.0,0.0,0,0.0,102.0,443.0,unknown,0
C01314,1,5,430.63,86.126,5,1.6,24.0,366.0,Books,1
C01315,2,2,4020.3799999999997,2010.1899999999998,2,3.0,20.0,441.0,Books,1
C01316,0,0,0.0,0.0,0,0.0,116.0,388.0,unknown,0
C01317,0,1,277.38,277.38,1,1.0,38.0,312.0,Electronics,1
C01318,1,2,55.31,27.655,1,1.0,3.0,391.0,Beauty,1
C01319,0,0,0.0,0.0,0,0.0,91.0,433.0,unknown,0
C01320,0,0,0.0,0.0,0,0.0,134.0,337.0,unknown,0
C01321,0,1,73.42,73.42,1,1.0,79.0,320.0,Toys,0
C01322,3,6,1529.46,254.91,3,1.0,14.0,422.0,Electronics,1
C01323,1,3,1479.92,493.3066666666667,3,1.6666666666666667,2.0,448.0,Electronics,0
C01324,0,0,0.0,0.0,0,0.0,100.0,317.0,unknown,0
C01325,0,0,0.0,0.0,0,0.0,142.0,441.0,unknown,0
C01326,1,2,330.03999999999996,165.01999999999998,2,1.5,9.0,382.0,Fashion,0
C01327,0,0,0.0,0.0,0,0.0,269.0,381.0,unknown,0
C01328,0,1,850.0,850.0,1,1.0,87.0,445.0,Electronics,0
C01329,0,0,0.0,0.0,0,0.0,318.0,446.0,unknown,0
C01330,3,8,1230.27,153.78375,4,1.5,26.0,449.0,Beauty,1
C01331,0,0,0.0,0.0,0,0.0,100.0,243.0,unknown,1
C01332,1,2,1400.6499999999999,700.3249999999999,2,1.0,25.0,371.0,Electronics,0
C01333,0,3,116.06,38.68666666666667,2,1.6666666666666667,47.0,414.0,Beauty,1
C01334,1,3,378.39,126.13,3,1.6666666666666667,6.0,412.0,Home,0
C01335,0,0,0.0,0.0,0,0.0,220.0,296.0,unknown,0
C01336,1,2,711.95,355.975,2,1.0,3.0,392.0,Electronics,1
C01337,0,1,61.29,61.29,1,1.0,54.0,443.0,Fashion,0
C01338,0,2,107.84,53.92,2,1.0,46.0,184.0,Beauty,0
C01339,0,2,78.58000000000001,39.290000000000006,2,1.5,67.0,394.0,Beauty,1
C01340,0,0,0.0,0.0,0,0.0,133.0,415.0,unknown,0
C01341,2,3,68.77000000000001,22.923333333333336,1,1.0,9.0,218.0,Grocery,0
C01342,2,3,1192.25,397.4166666666667,3,1.3333333333333333,23.0,446.0,Electronics,0
C01343,1,1,1728.31,1728.31,1,3.0,7.0,270.0,Electronics,1
C01344,0,1,101.75,101.75,1,2.0,60.0,442.0,Grocery,1
C01345,0,1,190.0,190.0,1,2.0,36.0,418.0,Beauty,1
C01346,0,0,0.0,0.0,0,0.0,128.0,424.0,unknown,0
C01347,0,1,56.58,56.58,1,1.0,47.0,314.0,Sports,1
C01348,0,0,0.0,0.0,0,0.0,208.0,444.0,unknown,0
C01349,0,3,2146.35,715.4499999999999,1,1.6666666666666667,34.0,366.0,Electronics,1
C01350,1,2,43.57,21.785,2,1.5,26.0,450.0,Beauty,1
C01351,0,0,0.0,0.0,0,0.0,173.0,173.0,unknown,0
C01352,1,1,78.14,78.14,1,3.0,8.0,437.0,Toys,1
C01353,0,0,0.0,0.0,0,0.0,203.0,443.0,unknown,0
C01354,0,0,0.0,0.0,0,0.0,408.0,413.0,unknown,0
C01355,0,3,895.5899999999999,298.53,3,3.0,38.0,396.0,Beauty,0
C01356,0,1,31.0,31.0,1,1.0,32.0,452.0,Books,0
C01357,0,1,121.68,121.68,1,1.0,85.0,421.0,Sports,0
C01358,0,3,484.2,161.4,3,1.0,39.0,352.0,Fashion,1
C01359,0,0,0.0,0.0,0,0.0,192.0,192.0,unknown,0
C01360,0,0,0.0,0.0,0,0.0,123.0,433.0,unknown,0
C01361,0,2,441.42,220.71,1,1.0,71.0,292.0,Home,0
C01362,0,0,0.0,0.0,0,0.0,240.0,432.0,unknown,0
C01363,0,0,0.0,0.0,0,0.0,104.0,174.0,unknown,0
C01364,0,2,176.63,88.315,2,1.5,31.0,397.0,Fashion,1
C01365,0,1,188.47,188.47,1,2.0,37.0,299.0,Sports,1
C01366,0,5,1238.24,247.648,4,1.0,46.0,451.0,Electronics,0
C01367,0,1,68.87,68.87,1,1.0,79.0,436.0,Fashion,0
C01368,2,3,302.33,100.77666666666666,3,1.3333333333333333,3.0,418.0,Beauty,1
C01369,0,0,0.0,0.0,0,0.0,354.0,414.0,unknown,0
C01370,0,0,0.0,0.0,0,0.0,156.0,444.0,unknown,0
C01371,1,3,464.58000000000004,154.86,2,1.6666666666666667,16.0,441.0,Grocery,0
C01372,0,1,103.32,103.32,1,1.0,31.0,418.0,Fashion,0
C01373,0,3,494.62,164.87333333333333,2,2.0,31.0,384.0,Toys,1
C01374,1,1,51.73,51.73,1,1.0,10.0,419.0,Sports,1
C01375,1,1,41.27,41.27,1,1.0,11.0,326.0,Books,0
C01376,0,4,265.17,66.2925,3,1.0,62.0,427.0,Sports,1
C01377,0,3,144.42,48.13999999999999,3,1.3333333333333333,36.0,352.0,Books,0
C01378,0,0,0.0,0.0,0,0.0,148.0,379.0,unknown,0
C01379,2,2,113.13,56.565,2,1.0,9.0,359.0,Books,0
C01380,0,2,1717.05,858.525,1,1.0,53.0,200.0,Electronics,1
C01381,1,1,457.12,457.12,1,3.0,6.0,411.0,Home,0
C01382,0,4,303.72,75.93,3,1.5,43.0,434.0,Beauty,0
C01383,0,1,14.1,14.1,1,1.0,42.0,292.0,Books,0
C01384,0,0,0.0,0.0,0,0.0,190.0,351.0,unknown,0
C01385,1,1,34.68,34.68,1,1.0,5.0,429.0,Grocery,0
C01386,0,1,65.84,65.84,1,1.0,48.0,431.0,Sports,1
C01387,0,1,89.81,89.81,1,1.0,88.0,423.0,Fashion,0
C01388,0,0,0.0,0.0,0,0.0,164.0,409.0,unknown,0
C01389,0,2,201.59,100.795,2,1.5,46.0,421.0,Beauty,0
C01390,0,2,212.16,106.08,2,2.0,70.0,368.0,Fashion,0
C01391,1,1,47.19,47.19,1,1.0,24.0,315.0,Beauty,0
C01392,0,0,0.0,0.0,0,0.0,168.0,297.0,unknown,0
C01393,0,1,152.99,152.99,1,1.0,47.0,443.0,Fashion,0
C01394,0,2,60.67,30.335,2,1.0,30.0,430.0,Grocery,1
C01395,2,8,1046.62,130.8275,5,1.375,26.0,410.0,Electronics,1
C01396,0,3,268.84000000000003,89.61333333333334,2,1.0,48.0,412.0,Home,0
C01397,0,0,0.0,0.0,0,0.0,188.0,392.0,unknown,0
C01398,0,1,166.49,166.49,1,1.0,78.0,357.0,Home,0
C01399,0,3,477.81,159.27,3,1.3333333333333333,35.0,440.0,Beauty,1
C01400,0,1,69.81,69.81,1,5.0,81.0,445.0,Grocery,0
C01401,1,2,225.71999999999997,112.85999999999999,2,1.0,0.0,269.0,Fashion,0
C01402,2,7,2207.0,315.2857142857143,5,1.5714285714285714,19.0,450.0,Beauty,0
C01403,0,4,1739.19,434.7975,3,1.75,30.0,441.0,Toys,1
C01404,0,0,0.0,0.0,0,0.0,297.0,451.0,unknown,0
C01405,0,0,0.0,0.0,0,0.0,101.0,406.0,unknown,0
C01406,0,1,314.83,314.83,1,3.0,31.0,439.0,Home,0
C01407,0,1,775.43,775.43,1,4.0,60.0,408.0,Electronics,0
C01408,3,3,169.76,56.586666666666666,3,1.0,13.0,451.0,Beauty,0
C01409,0,0,0.0,0.0,0,0.0,102.0,178.0,unknown,0
C01410,1,2,130.16,65.08,2,1.0,7.0,367.0,Grocery,0
C01411,0,0,0.0,0.0,0,0.0,170.0,303.0,unknown,1
C01412,1,3,410.53000000000003,136.84333333333333,2,1.3333333333333333,6.0,368.0,Home,1
C01413,0,1,26.05,26.05,1,1.0,87.0,386.0,Grocery,1
C01414,0,2,622.24,311.12,2,1.5,80.0,354.0,Beauty,1
C01415,1,1,53.64,53.64,1,1.0,6.0,440.0,Sports,1
C01416,0,0,0.0,0.0,0,0.0,98.0,418.0,unknown,0
C01417,0,0,0.0,0.0,0,0.0,234.0,264.0,unknown,0
C01418,0,2,667.14,333.57,2,1.0,69.0,393.0,Electronics,0
C01419,0,0,0.0,0.0,0,0.0,221.0,434.0,unknown,0
C01420,2,3,473.9,157.96666666666667,3,1.3333333333333333,8.0,345.0,Fashion,1
C01421,1,1,221.66,221.66,1,4.0,17.0,307.0,Toys,0
C01422,1,5,10426.58,2085.316,3,3.8,13.0,426.0,Electronics,1
C01423,1,2,734.81,367.405,2,1.0,17.0,415.0,Electronics,0
C01424,0,0,0.0,0.0,0,0.0,258.0,375.0,unknown,0
C01425,0,0,0.0,0.0,0,0.0,193.0,320.0,unknown,0
C01426,0,0,0.0,0.0,0,0.0,268.0,439.0,unknown,0
C01427,3,10,1114.03,111.40299999999999,6,1.3,12.0,449.0,Beauty,1
C01428,0,2,49.18,24.59,2,1.0,58.0,79.0,Beauty,0
C01429,1,2,290.53999999999996,145.26999999999998,2,1.0,3.0,236.0,Books,0
C01430,2,5,1329.5,265.9,4,1.2,11.0,395.0,Home,1
C01431,0,0,0.0,0.0,0,0.0,389.0,408.0,unknown,0
C01432,3,4,883.71,220.9275,3,1.0,18.0,397.0,Electronics,0
C01433,2,6,480.32,80.05333333333333,5,1.3333333333333333,4.0,436.0,Fashion,1
C01434,0,0,0.0,0.0,0,0.0,181.0,422.0,unknown,1
C01435,0,0,0.0,0.0,0,0.0,305.0,451.0,unknown,0
C01436,0,8,1313.3300000000002,164.16625000000002,6,1.25,42.0,412.0,Fashion,0
C01437,0,0,0.0,0.0,0,0.0,188.0,448.0,unknown,0
C01438,1,1,86.12,86.12,1,1.0,13.0,403.0,Fashion,1
C01439,1,1,218.52,218.52,1,2.0,25.0,374.0,Fashion,1
C01440,1,1,48.31,48.31,1,1.0,22.0,335.0,Toys,0
C01441,0,0,0.0,0.0,0,0.0,118.0,431.0,unknown,0
C01442,0,0,0.0,0.0,0,0.0,295.0,397.0,unknown,0
C01443,0,3,479.5,159.83333333333334,2,1.3333333333333333,38.0,450.0,Sports,1
C01444,0,1,81.09,81.09,1,1.0,41.0,371.0,Beauty,1
C01445,0,0,0.0,0.0,0,0.0,167.0,430.0,unknown,0
C01446,1,2,59.16,29.58,2,1.5,4.0,380.0,Fashion,0
C01447,2,3,632.48,210.82666666666668,2,1.0,16.0,432.0,Home,0
C01448,0,0,0.0,0.0,0,0.0,170.0,402.0,unknown,0
C01449,0,1,192.99,192.99,1,2.0,48.0,347.0,Sports,0
C01450,0,0,0.0,0.0,0,0.0,175.0,450.0,unknown,0
C01451,1,2,200.83,100.415,2,1.5,13.0,341.0,Grocery,0
C01452,0,4,462.71,115.6775,3,1.0,30.0,436.0,Grocery,1
C01453,1,3,954.72,318.24,2,1.6666666666666667,4.0,374.0,Electronics,0
C01454,0,1,51.47,51.47,1,1.0,58.0,388.0,Books,1
C01455,0,0,0.0,0.0,0,0.0,380.0,429.0,unknown,0
C01456,1,2,110.51,55.255,2,1.5,11.0,444.0,Grocery,0
C01457,0,0,0.0,0.0,0,0.0,320.0,320.0,unknown,0
C01458,0,1,94.03,94.03,1,2.0,40.0,340.0,Books,1
C01459,0,0,0.0,0.0,0,0.0,251.0,299.0,unknown,1
C01460,0,0,0.0,0.0,0,0.0,202.0,415.0,unknown,0
C01461,0,0,0.0,0.0,0,0.0,173.0,362.0,unknown,0
C01462,0,1,29.95,29.95,1,1.0,68.0,398.0,Beauty,0
C01463,0,0,0.0,0.0,0,0.0,389.0,441.0,unknown,0
C01464,1,1,195.15,195.15,1,2.0,28.0,420.0,Home,0
C01465,1,2,874.58,437.29,2,1.0,18.0,320.0,Books,0
C01466,0,1,133.55,133.55,1,1.0,34.0,444.0,Fashion,0
C01467,1,2,717.5500000000001,358.77500000000003,2,1.0,29.0,373.0,Electronics,0
C01468,0,0,0.0,0.0,0,0.0,314.0,429.0,unknown,0
C01469,1,2,192.13,96.065,2,1.5,11.0,341.0,Grocery,0
C01470,3,5,586.79,117.35799999999999,3,1.6,1.0,382.0,Grocery,1
C01471,0,2,574.0600000000001,287.03000000000003,2,2.0,80.0,308.0,Beauty,1
C01472,0,0,0.0,0.0,0,0.0,290.0,443.0,unknown,0
C01473,1,2,161.04000000000002,80.52000000000001,2,1.0,24.0,431.0,Sports,1
C01474,3,5,5278.28,1055.656,3,2.4,6.0,410.0,Electronics,1
C01475,0,0,0.0,0.0,0,0.0,93.0,359.0,unknown,0
C01476,2,3,369.81,123.27,2,1.0,6.0,367.0,Home,1
C01477,0,0,0.0,0.0,0,0.0,97.0,245.0,unknown,0
C01478,0,1,122.34,122.34,1,1.0,81.0,448.0,Fashion,0
C01479,2,3,1742.65,580.8833333333333,3,1.3333333333333333,10.0,302.0,Electronics,0
C01480,1,9,3299.7799999999997,366.6422222222222,5,1.4444444444444444,13.0,360.0,Electronics,0
C01481,1,3,1685.29,561.7633333333333,2,2.0,27.0,299.0,Fashion,0
C01482,3,4,246.5,61.625,4,1.0,7.0,452.0,Beauty,1
C01483,1,3,532.52,177.50666666666666,3,1.6666666666666667,22.0,372.0,Books,1
C01484,0,0,0.0,0.0,0,0.0,102.0,388.0,unknown,0
C01485,0,0,0.0,0.0,0,0.0,150.0,332.0,unknown,1
C01486,1,3,426.82000000000005,142.27333333333334,3,1.6666666666666667,22.0,434.0,Electronics,0
C01487,0,0,0.0,0.0,0,0.0,183.0,387.0,unknown,0
C01488,2,5,900.86,180.172,3,1.8,24.0,418.0,Fashion,1
C01489,0,0,0.0,0.0,0,0.0,316.0,316.0,unknown,0
C01490,1,1,1161.21,1161.21,1,2.0,24.0,284.0,Electronics,0
C01491,4,6,1011.7200000000001,168.62000000000003,4,1.5,2.0,450.0,Beauty,0
C01492,2,3,488.32,162.77333333333334,3,2.0,1.0,392.0,Electronics,0
C01493,0,4,3090.89,772.7225,4,2.5,42.0,436.0,Electronics,0
C01494,1,3,222.60000000000002,74.2,2,1.0,0.0,317.0,Fashion,0
C01495,0,2,1092.42,546.21,2,1.5,57.0,345.0,Home,0
C01496,0,0,0.0,0.0,0,0.0,164.0,389.0,unknown,0
C01497,0,1,237.38,237.38,1,1.0,88.0,320.0,Electronics,1
C01498,0,0,0.0,0.0,0,0.0,109.0,341.0,unknown,0
C01499,0,0,0.0,0.0,0,0.0,258.0,429.0,unknown,0
C01500,1,2,321.7,160.85,2,1.0,16.0,380.0,Electronics,0
C01501,1,2,343.17999999999995,171.58999999999997,2,2.0,3.0,370.0,Fashion,0
C01502,0,1,56.13,56.13,1,2.0,48.0,400.0,Sports,0
C01503,0,0,0.0,0.0,0,0.0,271.0,450.0,unknown,0
C01504,2,2,167.22,83.61,2,1.0,2.0,262.0,Fashion,0
C01505,0,0,0.0,0.0,0,0.0,128.0,409.0,unknown,0
C01506,1,2,458.18,229.09,2,1.5,16.0,371.0,Fashion,0
C01507,1,5,1477.8700000000001,295.574,5,1.6,2.0,421.0,Beauty,0
C01508,2,4,1422.03,355.5075,2,1.25,5.0,358.0,Electronics,1
C01509,0,0,0.0,0.0,0,0.0,205.0,380.0,unknown,0
C01510,0,2,528.34,264.17,2,2.0,54.0,313.0,Electronics,0
C01511,1,3,1100.6100000000001,366.87000000000006,2,1.3333333333333333,16.0,430.0,Electronics,0
C01512,0,0,0.0,0.0,0,0.0,253.0,441.0,unknown,0
C01513,0,1,177.42,177.42,1,1.0,49.0,278.0,Home,0
C01514,0,3,194.36,64.78666666666668,3,1.6666666666666667,32.0,343.0,Fashion,0
C01515,0,0,0.0,0.0,0,0.0,92.0,392.0,unknown,1
C01516,0,0,0.0,0.0,0,0.0,154.0,405.0,unknown,0
C01517,1,4,148.62,37.155,3,1.25,24.0,449.0,Beauty,0
C01518,0,2,392.14,196.07,2,2.0,63.0,418.0,Fashion,0
C01519,0,0,0.0,0.0,0,0.0,135.0,410.0,unknown,1
C01520,0,0,0.0,0.0,0,0.0,262.0,389.0,unknown,0
C01521,0,0,0.0,0.0,0,0.0,249.0,380.0,unknown,0
C01522,0,3,840.14,280.0466666666667,3,1.6666666666666667,42.0,329.0,Books,1
C01523,2,3,175.09,58.36333333333334,3,1.0,1.0,214.0,Beauty,0
C01524,0,0,0.0,0.0,0,0.0,105.0,438.0,unknown,1
C01525,0,0,0.0,0.0,0,0.0,155.0,155.0,unknown,0
C01526,1,2,274.38,137.19,1,1.0,28.0,451.0,Sports,0
C01527,0,0,0.0,0.0,0,0.0,164.0,431.0,unknown,0
C01528,1,2,4280.16,2140.08,1,2.5,23.0,348.0,Electronics,0
C01529,0,2,514.41,257.205,2,1.0,39.0,425.0,Electronics,1
C01530,0,0,0.0,0.0,0,0.0,280.0,351.0,unknown,0
C01531,0,0,0.0,0.0,0,0.0,233.0,337.0,unknown,0
C01532,3,5,207.45,41.489999999999995,3,1.4,2.0,452.0,Grocery,1
C01533,0,1,26.0,26.0,1,1.0,75.0,352.0,Beauty,0
C01534,2,2,161.35000000000002,80.67500000000001,2,1.5,23.0,401.0,Fashion,0
C01535,0,1,505.42,505.42,1,1.0,46.0,439.0,Electronics,0
C01536,0,0,0.0,0.0,0,0.0,177.0,261.0,unknown,0
C01537,0,1,78.28,78.28,1,2.0,40.0,375.0,Grocery,0
C01538,1,4,428.78999999999996,107.19749999999999,4,1.0,2.0,421.0,Fashion,1
C01539,1,2,184.14000000000001,92.07000000000001,2,1.0,29.0,256.0,Grocery,0
C01540,1,6,5768.07,961.3449999999999,3,2.3333333333333335,22.0,279.0,Electronics,0
C01541,0,1,58.57,58.57,1,1.0,39.0,364.0,Grocery,0
C01542,0,0,0.0,0.0,0,0.0,260.0,409.0,unknown,0
C01543,0,0,0.0,0.0,0,0.0,96.0,409.0,unknown,0
C01544,0,0,0.0,0.0,0,0.0,257.0,379.0,unknown,0
C01545,0,2,838.6099999999999,419.30499999999995,2,2.5,76.0,391.0,Electronics,1
C01546,0,0,0.0,0.0,0,0.0,152.0,415.0,unknown,0
C01547,0,0,0.0,0.0,0,0.0,146.0,427.0,unknown,0
C01548,1,2,155.89,77.945,2,1.0,0.0,399.0,Beauty,1
C01549,0,0,0.0,0.0,0,0.0,288.0,339.0,unknown,0
C01550,0,0,0.0,0.0,0,0.0,100.0,436.0,unknown,0
C01551,0,0,0.0,0.0,0,0.0,124.0,403.0,unknown,1
C01552,1,1,974.79,974.79,1,1.0,19.0,405.0,Electronics,0
C01553,0,0,0.0,0.0,0,0.0,121.0,424.0,unknown,0
C01554,0,0,0.0,0.0,0,0.0,101.0,388.0,unknown,0
C01555,0,0,0.0,0.0,0,0.0,221.0,432.0,unknown,0
C01556,0,1,184.58,184.58,1,1.0,45.0,408.0,Home,0
C01557,1,1,23.25,23.25,1,1.0,10.0,227.0,Grocery,0
C01558,2,6,3974.28,662.38,5,1.8333333333333333,26.0,261.0,Electronics,0
C01559,0,2,222.85,111.425,2,1.5,53.0,398.0,Beauty,0
C01560,0,0,0.0,0.0,0,0.0,103.0,441.0,unknown,0
C01561,3,6,959.83,159.97166666666666,4,1.8333333333333333,7.0,416.0,Sports,1
C01562,0,1,57.99,57.99,1,1.0,80.0,418.0,Electronics,0
C01563,0,0,0.0,0.0,0,0.0,113.0,401.0,unknown,1
C01564,3,3,252.43,84.14333333333333,3,1.0,0.0,434.0,Beauty,1
C01565,1,2,640.09,320.045,2,1.5,22.0,304.0,Beauty,0
C01566,0,0,0.0,0.0,0,0.0,102.0,322.0,unknown,1
C01567,2,6,1579.35,263.22499999999997,5,1.3333333333333333,12.0,434.0,Fashion,0
C01568,0,2,71.02,35.51,2,1.0,44.0,439.0,Beauty,0
C01569,1,1,257.89,257.89,1,4.0,22.0,146.0,Toys,1
C01570,0,0,0.0,0.0,0,0.0,143.0,364.0,unknown,0
C01571,0,8,5667.1900000000005,708.3987500000001,4,2.25,35.0,410.0,Home,1
C01572,0,0,0.0,0.0,0,0.0,131.0,411.0,unknown,0
C01573,0,1,40.06,40.06,1,1.0,62.0,296.0,Toys,0
C01574,0,1,28.95,28.95,1,1.0,79.0,420.0,Books,0
C01575,0,2,256.04,128.02,2,1.5,42.0,391.0,Electronics,1
C01576,0,0,0.0,0.0,0,0.0,387.0,430.0,unknown,0
C01577,0,1,40.01,40.01,1,1.0,47.0,308.0,Grocery,0
C01578,0,1,204.27,204.27,1,1.0,56.0,319.0,Electronics,0
C01579,0,1,22.71,22.71,1,2.0,86.0,382.0,Beauty,0
C01580,0,0,0.0,0.0,0,0.0,105.0,335.0,unknown,0
C01581,0,2,921.83,460.915,1,1.0,38.0,450.0,Electronics,0
C01582,0,1,217.49,217.49,1,1.0,54.0,442.0,Home,0
C01583,0,4,1440.0500000000002,360.01250000000005,2,1.75,42.0,324.0,Sports,0
C01584,0,1,29.16,29.16,1,1.0,43.0,384.0,Books,0
C01585,0,0,0.0,0.0,0,0.0,107.0,426.0,unknown,1
C01586,0,2,219.08999999999997,109.54499999999999,1,1.5,35.0,436.0,Fashion,0
C01587,0,0,0.0,0.0,0,0.0,297.0,297.0,unknown,0
C01588,0,1,75.85,75.85,1,1.0,47.0,419.0,Beauty,0
C01589,0,0,0.0,0.0,0,0.0,115.0,438.0,unknown,0
C01590,3,10,3273.59,327.35900000000004,7,1.7,2.0,440.0,Electronics,1
C01591,0,0,0.0,0.0,0,0.0,121.0,442.0,unknown,0
C01592,1,5,241.83,48.366,3,1.2,29.0,434.0,Grocery,1
C01593,0,1,284.84,284.84,1,1.0,74.0,381.0,Home,0
C01594,0,4,6518.22,1629.555,2,2.25,31.0,334.0,Electronics,1
C01595,0,1,80.0,80.0,1,1.0,89.0,448.0,Books,0
C01596,0,0,0.0,0.0,0,0.0,311.0,406.0,unknown,0
C01597,0,0,0.0,0.0,0,0.0,306.0,377.0,unknown,0
C01598,1,1,30.99,30.99,1,1.0,15.0,427.0,Grocery,0
C01599,0,1,22.68,22.68,1,1.0,41.0,448.0,Grocery,0
C01600,0,0,0.0,0.0,0,0.0,259.0,392.0,unknown,0
C01601,0,0,0.0,0.0,0,0.0,112.0,389.0,unknown,1
C01602,0,1,471.88,471.88,1,2.0,76.0,429.0,Sports,0
C01603,0,0,0.0,0.0,0,0.0,225.0,423.0,unknown,0
C01604,0,1,123.75,123.75,1,1.0,83.0,425.0,Home,0
C01605,0,1,36.55,36.55,1,1.0,60.0,448.0,Fashion,0
C01606,0,0,0.0,0.0,0,0.0,154.0,424.0,unknown,0
C01607,0,1,60.23,60.23,1,1.0,89.0,285.0,Beauty,0
C01608,0,0,0.0,0.0,0,0.0,127.0,423.0,unknown,0
C01609,2,4,1900.98,475.245,3,1.75,20.0,379.0,Electronics,0
C01610,0,1,136.57,136.57,1,1.0,35.0,420.0,Fashion,0
C01611,0,0,0.0,0.0,0,0.0,111.0,451.0,unknown,0
C01612,0,1,233.66,233.66,1,2.0,64.0,293.0,Home,0
C01613,1,1,24.79,24.79,1,1.0,16.0,354.0,Books,0
C01614,0,0,0.0,0.0,0,0.0,241.0,425.0,unknown,0
C01615,0,1,61.5,61.5,1,2.0,48.0,378.0,Fashion,0
C01616,0,0,0.0,0.0,0,0.0,185.0,445.0,unknown,0
C01617,1,1,88.0,88.0,1,1.0,21.0,418.0,Fashion,1
C01618,0,1,148.85,148.85,1,1.0,38.0,374.0,Home,0
C01619,0,2,187.66,93.83,2,1.0,44.0,411.0,Books,0
C01620,2,3,336.58,112.19333333333333,3,2.6666666666666665,10.0,437.0,Beauty,1
C01621,0,0,0.0,0.0,0,0.0,202.0,443.0,unknown,0
C01622,0,1,74.38,74.38,1,1.0,59.0,405.0,Fashion,1
C01623,2,4,300.4,75.1,2,1.75,3.0,399.0,Grocery,0
C01624,3,8,702.13,87.76625,5,1.5,17.0,443.0,Grocery,1
C01625,0,0,0.0,0.0,0,0.0,196.0,424.0,unknown,0
C01626,1,2,67.36,33.68,2,1.5,5.0,305.0,Books,0
C01627,0,0,0.0,0.0,0,0.0,189.0,397.0,unknown,0
C01628,0,0,0.0,0.0,0,0.0,255.0,340.0,unknown,0
C01629,0,0,0.0,0.0,0,0.0,344.0,433.0,unknown,0
C01630,0,1,67.66,67.66,1,1.0,83.0,354.0,Toys,0
C01631,0,2,716.81,358.405,1,1.0,71.0,396.0,Home,1
C01632,0,0,0.0,0.0,0,0.0,226.0,344.0,unknown,1
C01633,0,0,0.0,0.0,0,0.0,188.0,288.0,unknown,1
C01634,0,1,23.92,23.92,1,2.0,72.0,435.0,Grocery,0
C01635,0,0,0.0,0.0,0,0.0,95.0,389.0,unknown,0
C01636,0,0,0.0,0.0,0,0.0,191.0,347.0,unknown,0
C01637,0,0,0.0,0.0,0,0.0,179.0,298.0,unknown,0
C01638,0,1,28.67,28.67,1,1.0,89.0,361.0,Fashion,0
C01639,0,0,0.0,0.0,0,0.0,197.0,410.0,unknown,0
C01640,1,2,83.24,41.62,2,1.0,18.0,441.0,Grocery,1
C01641,0,1,17.53,17.53,1,1.0,48.0,445.0,Grocery,0
C01642,0,3,269.28999999999996,89.76333333333332,2,1.3333333333333333,37.0,408.0,Toys,1
C01643,1,2,743.4300000000001,371.71500000000003,2,1.5,11.0,394.0,Home,0
C01644,0,0,0.0,0.0,0,0.0,194.0,440.0,unknown,0
C01645,0,0,0.0,0.0,0,0.0,95.0,413.0,unknown,0
C01646,0,1,402.33,402.33,1,1.0,75.0,251.0,Electronics,0
C01647,0,0,0.0,0.0,0,0.0,213.0,405.0,unknown,0
C01648,0,2,76.69999999999999,38.349999999999994,2,1.0,42.0,422.0,Fashion,0
C01649,0,1,126.04,126.04,1,3.0,37.0,424.0,Fashion,1
C01650,0,1,99.89,99.89,1,1.0,63.0,445.0,Home,1
C01651,0,0,0.0,0.0,0,0.0,426.0,426.0,unknown,0
C01652,0,0,0.0,0.0,0,0.0,309.0,318.0,unknown,0
C01653,0,0,0.0,0.0,0,0.0,217.0,366.0,unknown,0
C01654,2,4,326.45,81.6125,2,1.5,5.0,452.0,Books,0
C01655,1,3,928.27,309.42333333333335,3,2.0,10.0,400.0,Beauty,0
C01656,1,2,692.35,346.175,2,1.0,22.0,251.0,Electronics,0
C01657,0,0,0.0,0.0,0,0.0,221.0,430.0,unknown,0
C01658,0,0,0.0,0.0,0,0.0,182.0,284.0,unknown,0
C01659,0,0,0.0,0.0,0,0.0,388.0,445.0,unknown,0
C01660,0,2,118.94,59.47,1,1.0,53.0,422.0,Home,1
C01661,0,1,67.25,67.25,1,2.0,63.0,410.0,Grocery,1
C01662,0,2,262.48,131.24,2,1.0,34.0,403.0,Electronics,0
C01663,0,3,610.79,203.59666666666666,3,2.6666666666666665,41.0,272.0,Beauty,1
C01664,0,1,170.03,170.03,1,1.0,69.0,447.0,Sports,0
C01665,1,1,62.38,62.38,1,1.0,17.0,401.0,Fashion,0
C01666,0,0,0.0,0.0,0,0.0,98.0,445.0,unknown,1
C01667,1,1,131.13,131.13,1,1.0,15.0,442.0,Sports,1
C01668,0,0,0.0,0.0,0,0.0,225.0,432.0,unknown,0
C01669,1,5,744.19,148.83800000000002,4,3.2,1.0,430.0,Toys,1
C01670,0,0,0.0,0.0,0,0.0,326.0,326.0,unknown,0
C01671,0,0,0.0,0.0,0,0.0,332.0,382.0,unknown,0
C01672,0,0,0.0,0.0,0,0.0,102.0,345.0,unknown,0
C01673,0,1,106.61,106.61,1,2.0,83.0,354.0,Grocery,0
C01674,1,3,543.82,181.27333333333334,3,2.0,24.0,451.0,Beauty,1
C01675,0,0,0.0,0.0,0,0.0,100.0,100.0,unknown,0
C01676,0,0,0.0,0.0,0,0.0,140.0,380.0,unknown,1
C01677,0,2,167.19,83.595,2,1.0,64.0,286.0,Fashion,0
C01678,0,0,0.0,0.0,0,0.0,135.0,348.0,unknown,1
C01679,0,0,0.0,0.0,0,0.0,188.0,287.0,unknown,0
C01680,0,0,0.0,0.0,0,0.0,224.0,233.0,unknown,0
C01681,0,2,453.36,226.68,2,2.0,73.0,398.0,Beauty,0
C01682,1,3,532.8199999999999,177.60666666666665,3,3.0,2.0,305.0,Beauty,0
C01683,0,0,0.0,0.0,0,0.0,110.0,416.0,unknown,0
C01684,0,0,0.0,0.0,0,0.0,132.0,423.0,unknown,0
C01685,1,2,63.78,31.89,2,1.0,24.0,448.0,Beauty,1
C01686,1,1,238.37,238.37,1,3.0,16.0,412.0,Home,0
C01687,1,1,23.25,23.25,1,1.0,5.0,277.0,Grocery,0
C01688,1,4,522.16,130.54,3,2.0,4.0,407.0,Fashion,1
C01689,0,0,0.0,0.0,0,0.0,162.0,167.0,unknown,0
C01690,0,1,118.35,118.35,1,1.0,85.0,432.0,Electronics,0
C01691,0,0,0.0,0.0,0,0.0,162.0,162.0,unknown,0
C01692,0,0,0.0,0.0,0,0.0,131.0,345.0,unknown,0
C01693,0,0,0.0,0.0,0,0.0,182.0,422.0,unknown,0
C01694,0,1,116.13,116.13,1,1.0,89.0,447.0,Home,1
C01695,1,2,287.02,143.51,2,1.5,8.0,196.0,Beauty,0
C01696,0,0,0.0,0.0,0,0.0,146.0,224.0,unknown,0
C01697,0,0,0.0,0.0,0,0.0,350.0,424.0,unknown,0
C01698,0,1,70.85,70.85,1,4.0,56.0,445.0,Beauty,1
C01699,0,0,0.0,0.0,0,0.0,103.0,185.0,unknown,0
C01700,0,0,0.0,0.0,0,0.0,91.0,178.0,unknown,0
C01701,1,2,472.36,236.18,2,2.5,6.0,396.0,Books,0
C01702,0,0,0.0,0.0,0,0.0,103.0,103.0,unknown,0
C01703,0,0,0.0,0.0,0,0.0,183.0,436.0,unknown,0
C01704,0,0,0.0,0.0,0,0.0,185.0,399.0,unknown,0
C01705,0,0,0.0,0.0,0,0.0,133.0,341.0,unknown,1
C01706,0,1,179.9,179.9,1,2.0,84.0,251.0,Fashion,0
C01707,1,4,85.38,21.345,2,1.0,0.0,430.0,Grocery,1
C01708,1,3,1733.12,577.7066666666666,2,2.3333333333333335,4.0,347.0,Electronics,0
C01709,1,2,185.75,92.875,2,1.5,6.0,395.0,Beauty,1
C01710,0,0,0.0,0.0,0,0.0,260.0,420.0,unknown,0
C01711,0,2,707.49,353.745,2,2.0,64.0,435.0,Fashion,0
C01712,0,0,0.0,0.0,0,0.0,159.0,423.0,unknown,0
C01713,1,2,430.90999999999997,215.45499999999998,2,2.0,3.0,427.0,Grocery,0
C01714,1,2,1472.15,736.075,2,1.5,29.0,416.0,Beauty,1
C01715,0,0,0.0,0.0,0,0.0,222.0,436.0,unknown,0
C01716,0,0,0.0,0.0,0,0.0,215.0,389.0,unknown,0
C01717,0,0,0.0,0.0,0,0.0,168.0,415.0,unknown,0
C01718,0,0,0.0,0.0,0,0.0,107.0,396.0,unknown,0
C01719,0,2,558.94,279.47,2,1.5,42.0,442.0,Electronics,1
C01720,0,2,298.21000000000004,149.10500000000002,1,2.0,76.0,394.0,Sports,0
C01721,2,5,675.23,135.046,5,1.2,0.0,419.0,Beauty,1
C01722,0,0,0.0,0.0,0,0.0,173.0,434.0,unknown,0
C01723,0,0,0.0,0.0,0,0.0,90.0,265.0,unknown,0
C01724,0,2,567.02,283.51,2,4.0,65.0,421.0,Grocery,1
C01725,0,1,908.43,908.43,1,2.0,62.0,398.0,Electronics,1
C01726,2,4,1144.71,286.1775,4,1.25,20.0,428.0,Electronics,1
C01727,0,0,0.0,0.0,0,0.0,269.0,421.0,unknown,0
C01728,1,1,54.1,54.1,1,1.0,26.0,290.0,Books,1
C01729,2,5,731.16,146.232,4,1.0,1.0,439.0,Home,0
C01730,0,0,0.0,0.0,0,0.0,151.0,426.0,unknown,0
C01731,1,1,19.7,19.7,1,1.0,28.0,444.0,Beauty,1
C01732,0,1,72.88,72.88,1,1.0,88.0,433.0,Fashion,0
C01733,1,3,269.25,89.75,2,1.0,13.0,428.0,Home,0
C01734,1,1,20.42,20.42,1,1.0,18.0,448.0,Grocery,0
C01735,0,1,106.53,106.53,1,1.0,80.0,265.0,Fashion,0
C01736,3,5,482.18,96.436,4,1.6,7.0,427.0,Grocery,0
C01737,0,1,1003.78,1003.78,1,2.0,67.0,426.0,Electronics,0
C01738,0,0,0.0,0.0,0,0.0,262.0,435.0,unknown,0
C01739,0,0,0.0,0.0,0,0.0,116.0,335.0,unknown,1
C01740,0,1,57.57,57.57,1,1.0,51.0,415.0,Home,0
C01741,0,0,0.0,0.0,0,0.0,261.0,450.0,unknown,0
C01742,0,1,198.62,198.62,1,2.0,68.0,388.0,Fashion,0
C01743,0,1,39.14,39.14,1,1.0,64.0,239.0,Books,1
C01744,1,2,67.62,33.81,1,1.5,1.0,424.0,Grocery,1
C01745,2,2,113.66,56.83,2,1.5,20.0,407.0,Beauty,1
C01746,0,0,0.0,0.0,0,0.0,127.0,447.0,unknown,0
C01747,1,3,109.03999999999999,36.346666666666664,3,1.0,19.0,442.0,Beauty,0
C01748,0,1,26.05,26.05,1,1.0,67.0,397.0,Grocery,0
C01749,0,3,1430.35,476.7833333333333,3,1.3333333333333333,46.0,233.0,Books,0
C01750,0,1,64.4,64.4,1,1.0,46.0,377.0,Beauty,0
C01751,0,0,0.0,0.0,0,0.0,110.0,442.0,unknown,0
C01752,0,1,344.91,344.91,1,4.0,45.0,439.0,Toys,0
C01753,0,2,470.78,235.39,2,2.0,34.0,435.0,Grocery,0
C01754,0,1,199.63,199.63,1,2.0,82.0,267.0,Sports,0
C01755,0,0,0.0,0.0,0,0.0,196.0,320.0,unknown,0
C01756,0,0,0.0,0.0,0,0.0,117.0,349.0,unknown,0
C01757,2,2,118.06,59.03,2,1.0,19.0,410.0,Beauty,0
C01758,1,2,191.69,95.845,2,1.5,0.0,201.0,Beauty,0
C01759,1,4,323.98,80.995,3,1.25,20.0,382.0,Fashion,0
C01760,1,2,1392.5,696.25,2,2.5,25.0,381.0,Beauty,0
C01761,0,0,0.0,0.0,0,0.0,125.0,396.0,unknown,0
C01762,1,4,306.67,76.6675,4,1.25,29.0,435.0,Beauty,1
C01763,0,1,366.18,366.18,1,2.0,73.0,409.0,Home,0
C01764,0,2,266.56,133.28,2,2.5,40.0,445.0,Fashion,0
C01765,0,0,0.0,0.0,0,0.0,171.0,410.0,unknown,0
C01766,1,4,1078.98,269.745,4,1.0,3.0,351.0,Books,0
C01767,0,0,0.0,0.0,0,0.0,94.0,330.0,unknown,0
C01768,1,2,339.9,169.95,2,1.0,24.0,352.0,Fashion,0
C01769,0,3,681.15,227.04999999999998,3,1.0,35.0,439.0,Beauty,0
C01770,0,1,95.0,95.0,1,1.0,58.0,309.0,Beauty,1
C01771,0,0,0.0,0.0,0,0.0,98.0,329.0,unknown,0
C01772,1,4,673.33,168.3325,3,1.5,14.0,403.0,Home,1
C01773,0,2,328.17,164.085,2,1.0,44.0,179.0,Electronics,0
C01774,0,0,0.0,0.0,0,0.0,219.0,363.0,unknown,0
C01775,0,0,0.0,0.0,0,0.0,119.0,317.0,unknown,0
C01776,0,1,28.01,28.01,1,1.0,34.0,431.0,Beauty,0
C01777,1,2,642.09,321.045,2,2.0,2.0,344.0,Electronics,1
C01778,0,0,0.0,0.0,0,0.0,149.0,401.0,unknown,1
C01779,0,0,0.0,0.0,0,0.0,141.0,334.0,unknown,0
C01780,1,3,1556.3600000000001,518.7866666666667,2,1.3333333333333333,24.0,428.0,Electronics,0
C01781,0,0,0.0,0.0,0,0.0,100.0,377.0,unknown,0
C01782,1,1,40.34,40.34,1,1.0,3.0,401.0,Fashion,1
C01783,0,0,0.0,0.0,0,0.0,143.0,428.0,unknown,0
C01784,1,1,24.42,24.42,1,1.0,22.0,407.0,Grocery,0
C01785,0,0,0.0,0.0,0,0.0,102.0,404.0,unknown,0
C01786,2,2,156.23,78.115,2,1.0,24.0,367.0,Electronics,0
C01787,0,0,0.0,0.0,0,0.0,114.0,450.0,unknown,0
C01788,0,2,491.65999999999997,245.82999999999998,2,3.0,47.0,92.0,Books,0
C01789,2,3,369.43999999999994,123.14666666666665,3,1.3333333333333333,3.0,408.0,Grocery,1
C01790,0,1,48.38,48.38,1,1.0,43.0,406.0,Grocery,1
C01791,0,1,132.95,132.95,1,1.0,51.0,250.0,Toys,0
C01792,0,0,0.0,0.0,0,0.0,118.0,436.0,unknown,0
C01793,0,0,0.0,0.0,0,0.0,277.0,387.0,unknown,0
C01794,0,2,137.47,68.735,2,2.5,59.0,388.0,Fashion,0
C01795,0,1,143.92,143.92,1,3.0,78.0,387.0,Beauty,0
C01796,0,0,0.0,0.0,0,0.0,110.0,433.0,unknown,0
C01797,1,2,226.89000000000001,113.44500000000001,2,1.0,12.0,250.0,Fashion,0
C01798,0,0,0.0,0.0,0,0.0,297.0,431.0,unknown,0
C01799,0,0,0.0,0.0,0,0.0,159.0,181.0,unknown,0
C01800,3,5,2371.17,474.23400000000004,4,2.4,3.0,399.0,Home,0
C01801,1,2,255.17,127.585,2,2.0,16.0,384.0,Fashion,1
C01802,0,0,0.0,0.0,0,0.0,205.0,415.0,unknown,0
C01803,0,0,0.0,0.0,0,0.0,101.0,386.0,unknown,0
C01804,1,1,69.56,69.56,1,1.0,15.0,435.0,Home,0
C01805,0,0,0.0,0.0,0,0.0,259.0,415.0,unknown,0
C01806,0,0,0.0,0.0,0,0.0,139.0,413.0,unknown,0
C01807,1,3,212.64,70.88,2,1.3333333333333333,29.0,451.0,Beauty,1
C01808,1,2,527.77,263.885,2,1.0,23.0,323.0,Electronics,1
C01809,1,2,339.02,169.51,2,1.5,14.0,326.0,Home,0
C01810,1,3,620.76,206.92,2,2.3333333333333335,25.0,438.0,Beauty,0
C01811,0,0,0.0,0.0,0,0.0,289.0,427.0,unknown,0
C01812,1,4,1807.2799999999997,451.81999999999994,4,1.25,1.0,337.0,Books,1
C01813,0,1,34.61,34.61,1,1.0,38.0,419.0,Sports,1
C01814,0,0,0.0,0.0,0,0.0,321.0,338.0,unknown,0
C01815,0,2,1225.3500000000001,612.6750000000001,2,2.5,50.0,342.0,Electronics,0
C01816,0,1,124.56,124.56,1,1.0,52.0,213.0,Fashion,0
C01817,0,1,132.21,132.21,1,1.0,53.0,299.0,Home,0
C01818,0,2,527.4399999999999,263.71999999999997,2,2.5,62.0,339.0,Grocery,0
C01819,0,1,495.83,495.83,1,1.0,46.0,379.0,Electronics,1
C01820,0,0,0.0,0.0,0,0.0,92.0,334.0,unknown,0
C01821,1,2,221.24,110.62,2,1.5,7.0,320.0,Beauty,1
C01822,0,1,191.45,191.45,1,1.0,75.0,367.0,Sports,1
C01823,0,1,33.86,33.86,1,1.0,43.0,383.0,Beauty,0
C01824,0,0,0.0,0.0,0,0.0,144.0,352.0,unknown,0
C01825,2,3,142.76,47.586666666666666,3,1.3333333333333333,8.0,317.0,Books,1
C01826,0,1,180.97,180.97,1,1.0,44.0,439.0,Home,0
C01827,1,2,92.63,46.315,1,1.0,18.0,357.0,Fashion,0
C01828,0,0,0.0,0.0,0,0.0,101.0,375.0,unknown,1
C01829,2,2,138.79000000000002,69.39500000000001,2,1.5,1.0,371.0,Beauty,0
C01830,0,1,449.85,449.85,1,3.0,83.0,415.0,Fashion,1
C01831,1,3,4940.66,1646.8866666666665,2,3.6666666666666665,4.0,410.0,Electronics,1
C01832,0,3,129.45,43.15,3,1.0,31.0,406.0,Beauty,0
C01833,1,1,104.45,104.45,1,5.0,10.0,249.0,Grocery,0
C01834,0,0,0.0,0.0,0,0.0,93.0,421.0,unknown,0
C01835,0,0,0.0,0.0,0,0.0,289.0,403.0,unknown,0
C01836,0,1,131.57,131.57,1,2.0,73.0,441.0,Fashion,0
C01837,0,2,94.34,47.17,2,1.0,65.0,360.0,Beauty,1
C01838,2,5,2627.78,525.556,5,1.6,7.0,385.0,Books,0
C01839,0,0,0.0,0.0,0,0.0,170.0,386.0,unknown,0
C01840,1,1,22.59,22.59,1,1.0,2.0,2.0,Toys,0
C01841,1,3,134.1,44.699999999999996,3,1.6666666666666667,23.0,442.0,Beauty,0
C01842,1,2,378.94,189.47,2,1.5,3.0,419.0,Fashion,0
C01843,1,4,1705.7400000000002,426.43500000000006,3,2.5,28.0,435.0,Fashion,1
C01844,2,3,979.96,326.65333333333336,2,1.0,14.0,243.0,Toys,0
C01845,3,3,268.75,89.58333333333333,3,1.6666666666666667,2.0,408.0,Books,1
C01846,0,0,0.0,0.0,0,0.0,149.0,423.0,unknown,0
C01847,0,0,0.0,0.0,0,0.0,291.0,291.0,unknown,0
C01848,1,2,27.82,13.91,2,1.0,28.0,417.0,Beauty,0
C01849,2,2,524.52,262.26,1,1.5,18.0,337.0,Home,1
C01850,1,5,1157.99,231.598,4,1.6,22.0,387.0,Books,1
C01851,0,0,0.0,0.0,0,0.0,261.0,364.0,unknown,0
C01852,1,1,35.32,35.32,1,1.0,0.0,413.0,Grocery,0
C01853,0,1,398.13,398.13,1,2.0,79.0,370.0,Home,0
C01854,0,1,603.32,603.32,1,1.0,88.0,335.0,Electronics,0
C01855,0,1,274.97,274.97,1,1.0,85.0,405.0,Electronics,0
C01856,1,2,522.38,261.19,2,1.0,22.0,346.0,Electronics,0
C01857,0,0,0.0,0.0,0,0.0,192.0,439.0,unknown,0
C01858,0,0,0.0,0.0,0,0.0,117.0,440.0,unknown,0
C01859,0,0,0.0,0.0,0,0.0,102.0,389.0,unknown,0
C01860,0,0,0.0,0.0,0,0.0,103.0,391.0,unknown,0
C01861,0,0,0.0,0.0,0,0.0,178.0,304.0,unknown,0
C01862,0,2,339.93,169.965,2,2.5,47.0,78.0,Fashion,0
C01863,2,4,643.97,160.9925,4,1.0,6.0,435.0,Beauty,0
C01864,0,0,0.0,0.0,0,0.0,285.0,285.0,unknown,1
C01865,0,3,186.0,62.0,3,1.0,34.0,338.0,Books,0
C01866,1,2,222.95999999999998,111.47999999999999,2,1.5,20.0,397.0,Beauty,0
C01867,0,1,21.41,21.41,1,1.0,78.0,322.0,Grocery,0
C01868,0,0,0.0,0.0,0,0.0,298.0,427.0,unknown,0
C01869,0,0,0.0,0.0,0,0.0,171.0,332.0,unknown,0
C01870,0,1,53.31,53.31,1,1.0,50.0,421.0,Grocery,0
C01871,0,1,311.97,311.97,1,1.0,86.0,435.0,Home,0
C01872,3,5,2094.4300000000003,418.8860000000001,3,1.8,8.0,350.0,Electronics,0
C01873,1,2,123.05,61.525,2,1.0,22.0,431.0,Books,1
C01874,0,0,0.0,0.0,0,0.0,143.0,435.0,unknown,0
C01875,0,1,53.92,53.92,1,1.0,89.0,363.0,Fashion,0
C01876,0,3,971.91,323.96999999999997,3,1.0,50.0,401.0,Electronics,0
C01877,0,0,0.0,0.0,0,0.0,277.0,439.0,unknown,0
C01878,0,0,0.0,0.0,0,0.0,331.0,436.0,unknown,0
C01879,0,0,0.0,0.0,0,0.0,95.0,338.0,unknown,0
C01880,1,4,1000.34,250.085,3,1.5,15.0,396.0,Electronics,1
C01881,0,0,0.0,0.0,0,0.0,144.0,444.0,unknown,0
C01882,0,0,0.0,0.0,0,0.0,149.0,434.0,unknown,1
C01883,0,0,0.0,0.0,0,0.0,137.0,307.0,unknown,0
C01884,0,0,0.0,0.0,0,0.0,297.0,345.0,unknown,1
C01885,0,0,0.0,0.0,0,0.0,132.0,451.0,unknown,0
C01886,0,0,0.0,0.0,0,0.0,107.0,193.0,unknown,0
C01887,1,3,1008.2099999999999,336.07,3,2.0,2.0,432.0,Beauty,0
C01888,0,0,0.0,0.0,0,0.0,107.0,430.0,unknown,0
C01889,0,2,52.14,26.07,1,1.0,68.0,439.0,Grocery,1
C01890,2,4,1166.3200000000002,291.58000000000004,4,1.5,1.0,426.0,Beauty,1
C01891,0,0,0.0,0.0,0,0.0,271.0,402.0,unknown,0
C01892,1,1,65.31,65.31,1,1.0,3.0,416.0,Sports,0
C01893,1,5,1354.17,270.834,2,1.6,28.0,411.0,Fashion,1
C01894,0,4,1495.6399999999999,373.90999999999997,3,2.0,44.0,411.0,Sports,1
C01895,0,0,0.0,0.0,0,0.0,142.0,414.0,unknown,0
C01896,0,0,0.0,0.0,0,0.0,248.0,319.0,unknown,0
C01897,0,5,502.25,100.45,4,1.2,41.0,276.0,Beauty,0
C01898,0,0,0.0,0.0,0,0.0,400.0,432.0,unknown,0
C01899,2,3,119.61000000000001,39.870000000000005,2,1.0,2.0,448.0,Fashion,1
C01900,1,3,568.7,189.5666666666667,3,1.0,6.0,433.0,Electronics,1
C01901,0,3,705.16,235.0533333333333,3,1.3333333333333333,39.0,431.0,Electronics,1
C01902,2,6,860.13,143.355,4,1.3333333333333333,11.0,444.0,Beauty,1
C01903,0,0,0.0,0.0,0,0.0,180.0,348.0,unknown,0
C01904,0,1,153.3,153.3,1,4.0,79.0,452.0,Sports,0
C01905,1,2,175.88,87.94,2,2.0,9.0,345.0,Books,1
C01906,0,1,211.2,211.2,1,1.0,70.0,335.0,Home,0
C01907,0,0,0.0,0.0,0,0.0,95.0,221.0,unknown,0
C01908,0,1,41.23,41.23,1,1.0,87.0,435.0,Grocery,0
C01909,1,1,520.11,520.11,1,3.0,8.0,258.0,Electronics,0
C01910,0,1,17.59,17.59,1,1.0,45.0,391.0,Grocery,0
C01911,0,0,0.0,0.0,0,0.0,111.0,376.0,unknown,0
C01912,1,3,909.2299999999999,303.07666666666665,3,1.3333333333333333,14.0,441.0,Electronics,0
C01913,1,2,808.28,404.14,1,1.0,29.0,346.0,Electronics,0
C01914,0,1,133.31,133.31,1,1.0,37.0,368.0,Sports,0
C01915,1,2,1232.29,616.145,2,2.5,1.0,448.0,Home,1
C01916,0,0,0.0,0.0,0,0.0,262.0,444.0,unknown,0
C01917,0,2,297.5,148.75,2,1.0,58.0,438.0,Electronics,1
C01918,1,1,281.05,281.05,1,1.0,29.0,329.0,Electronics,0
C01919,0,2,62.28,31.14,2,1.5,64.0,410.0,Books,1
C01920,0,5,720.51,144.102,4,2.2,43.0,309.0,Fashion,0
C01921,4,7,5349.1,764.157142857143,5,2.5714285714285716,8.0,371.0,Home,1
C01922,0,0,0.0,0.0,0,0.0,334.0,430.0,unknown,0
C01923,1,5,3388.9,677.78,3,2.4,11.0,417.0,Toys,1
C01924,0,0,0.0,0.0,0,0.0,221.0,445.0,unknown,0
C01925,0,0,0.0,0.0,0,0.0,135.0,433.0,unknown,0
C01926,2,4,937.96,234.49,2,1.75,5.0,415.0,Electronics,1
C01927,0,0,0.0,0.0,0,0.0,348.0,449.0,unknown,0
C01928,1,2,300.75,150.375,2,3.5,29.0,425.0,Fashion,1
C01929,1,3,448.78999999999996,149.59666666666666,3,1.3333333333333333,10.0,440.0,Beauty,1
C01930,2,4,3075.92,768.98,4,2.75,15.0,437.0,Books,1
C01931,1,2,918.95,459.475,2,1.5,16.0,291.0,Home,0
C01932,1,1,458.65,458.65,1,1.0,29.0,378.0,Electronics,0
C01933,2,3,1373.94,457.98,2,2.0,3.0,373.0,Home,0
C01934,0,0,0.0,0.0,0,0.0,95.0,427.0,unknown,0
C01935,0,1,444.19,444.19,1,2.0,32.0,364.0,Home,1
C01936,1,4,416.2,104.05,4,1.25,18.0,369.0,Books,1
C01937,0,2,3354.0,1677.0,1,4.0,30.0,243.0,Electronics,1
C01938,0,0,0.0,0.0,0,0.0,158.0,303.0,unknown,0
C01939,0,0,0.0,0.0,0,0.0,321.0,413.0,unknown,0
C01940,0,3,511.2900000000001,170.43000000000004,3,1.0,43.0,423.0,Electronics,1
C01941,0,0,0.0,0.0,0,0.0,238.0,365.0,unknown,0
C01942,0,0,0.0,0.0,0,0.0,93.0,421.0,unknown,0
C01943,1,1,546.9,546.9,1,1.0,4.0,332.0,Electronics,0
C01944,2,9,1957.52,217.50222222222223,7,1.4444444444444444,14.0,452.0,Electronics,1
C01945,0,0,0.0,0.0,0,0.0,156.0,348.0,unknown,0
C01946,2,2,106.75,53.375,1,1.5,6.0,405.0,Beauty,0
C01947,0,0,0.0,0.0,0,0.0,253.0,442.0,unknown,0
C01948,0,0,0.0,0.0,0,0.0,96.0,328.0,unknown,0
C01949,1,2,292.12,146.06,2,1.0,23.0,303.0,Fashion,0
C01950,1,1,162.36,162.36,1,1.0,6.0,393.0,Electronics,0
C01951,0,0,0.0,0.0,0,0.0,133.0,441.0,unknown,0
C01952,1,4,1174.6599999999999,293.66499999999996,4,1.5,16.0,445.0,Beauty,0
C01953,0,0,0.0,0.0,0,0.0,96.0,418.0,unknown,0
C01954,3,7,1326.08,189.44,3,1.4285714285714286,1.0,383.0,Grocery,0
C01955,0,0,0.0,0.0,0,0.0,292.0,292.0,unknown,0
C01956,2,2,95.16999999999999,47.584999999999994,2,1.0,14.0,407.0,Beauty,0
C01957,0,0,0.0,0.0,0,0.0,144.0,338.0,unknown,0
C01958,1,4,710.89,177.7225,3,1.75,26.0,451.0,Home,1
C01959,0,0,0.0,0.0,0,0.0,148.0,359.0,unknown,0
C01960,0,1,69.2,69.2,1,1.0,89.0,368.0,Fashion,0
C01961,0,0,0.0,0.0,0,0.0,126.0,393.0,unknown,0
C01962,5,15,8050.84,536.7226666666667,5,1.9333333333333333,3.0,331.0,Electronics,1
C01963,0,2,35.6,17.8,2,1.5,43.0,374.0,Books,1
C01964,2,5,2503.5,500.7,4,1.8,0.0,424.0,Electronics,1
C01965,0,1,221.83,221.83,1,2.0,86.0,388.0,Fashion,1
C01966,0,4,1717.28,429.32,3,2.75,53.0,440.0,Electronics,0
C01967,3,3,272.07,90.69,2,1.3333333333333333,3.0,358.0,Grocery,0
C01968,0,2,95.93,47.965,2,1.5,55.0,349.0,Grocery,0
C01969,0,3,649.5799999999999,216.52666666666664,3,2.3333333333333335,37.0,225.0,Grocery,0
C01970,0,0,0.0,0.0,0,0.0,264.0,381.0,unknown,0
C01971,0,0,0.0,0.0,0,0.0,186.0,434.0,unknown,0
C01972,2,2,260.51,130.255,2,1.5,9.0,318.0,Electronics,1
C01973,2,3,868.32,289.44,2,1.0,4.0,375.0,Electronics,1
C01974,0,0,0.0,0.0,0,0.0,227.0,428.0,unknown,0
C01975,0,1,68.62,68.62,1,1.0,70.0,426.0,Grocery,0
C01976,0,0,0.0,0.0,0,0.0,208.0,417.0,unknown,0
C01977,1,3,884.5600000000001,294.85333333333335,3,2.0,11.0,388.0,Electronics,1
C01978,0,0,0.0,0.0,0,0.0,266.0,294.0,unknown,1
C01979,1,4,156.31,39.0775,4,1.0,10.0,442.0,Beauty,1
C01980,0,0,0.0,0.0,0,0.0,169.0,433.0,unknown,0
C01981,0,0,0.0,0.0,0,0.0,236.0,390.0,unknown,0
C01982,0,0,0.0,0.0,0,0.0,330.0,431.0,unknown,0
C01983,0,0,0.0,0.0,0,0.0,229.0,229.0,unknown,0
C01984,0,0,0.0,0.0,0,0.0,166.0,416.0,unknown,0
C01985,0,1,46.89,46.89,1,3.0,47.0,343.0,Grocery,0
C01986,0,0,0.0,0.0,0,0.0,207.0,396.0,unknown,0
C01987,0,0,0.0,0.0,0,0.0,184.0,418.0,unknown,0
C01988,0,2,195.87,97.935,2,1.0,32.0,440.0,Beauty,0
C01989,0,1,104.48,104.48,1,3.0,41.0,332.0,Beauty,1
C01990,1,2,106.69,53.345,1,1.0,23.0,301.0,Beauty,0
C01991,1,3,1714.14,571.38,3,2.3333333333333335,10.0,425.0,Electronics,1
C01992,0,0,0.0,0.0,0,0.0,95.0,378.0,unknown,0
C01993,0,1,22.74,22.74,1,1.0,38.0,439.0,Books,0
C01994,3,5,610.91,122.18199999999999,5,1.4,0.0,433.0,Beauty,1
C01995,2,2,1708.6299999999999,854.3149999999999,1,2.5,19.0,319.0,Home,0
C01996,0,1,582.01,582.01,1,1.0,44.0,417.0,Electronics,0
C01997,0,0,0.0,0.0,0,0.0,153.0,437.0,unknown,0
C01998,0,0,0.0,0.0,0,0.0,207.0,362.0,unknown,0
C01999,1,1,196.44,196.44,1,1.0,0.0,306.0,Fashion,0
C02000,0,1,57.88,57.88,1,1.0,63.0,439.0,Grocery,0
C02001,1,2,117.72,58.86,2,2.0,25.0,337.0,Grocery,0
C02002,0,1,399.88,399.88,1,2.0,88.0,306.0,Sports,0
C02003,1,1,75.37,75.37,1,1.0,17.0,272.0,Fashion,0
C02004,1,1,34.22,34.22,1,1.0,12.0,281.0,Fashion,0
C02005,2,5,376.35,75.27000000000001,4,1.0,16.0,433.0,Fashion,1
C02006,0,1,80.51,80.51,1,1.0,44.0,269.0,Fashion,1
C02007,0,1,1850.63,1850.63,1,4.0,85.0,289.0,Electronics,0
C02008,0,2,168.98999999999998,84.49499999999999,2,1.0,48.0,405.0,Fashion,1
C02009,0,1,16.18,16.18,1,1.0,41.0,389.0,Grocery,1
C02010,0,1,219.82,219.82,1,1.0,71.0,354.0,Electronics,0
C02011,1,4,1061.84,265.46,2,1.25,18.0,437.0,Fashion,0
C02012,0,0,0.0,0.0,0,0.0,248.0,351.0,unknown,0
C02013,0,1,68.27,68.27,1,2.0,47.0,429.0,Grocery,1
C02014,0,3,553.75,184.58333333333334,3,1.0,65.0,367.0,Electronics,0
C02015,2,4,1610.42,402.605,3,1.25,5.0,377.0,Home,0
C02016,0,0,0.0,0.0,0,0.0,90.0,405.0,unknown,1
C02017,0,0,0.0,0.0,0,0.0,187.0,434.0,unknown,0
C02018,1,3,109.84,36.61333333333334,2,1.3333333333333333,25.0,424.0,Grocery,0
C02019,0,0,0.0,0.0,0,0.0,236.0,294.0,unknown,0
C02020,0,0,0.0,0.0,0,0.0,239.0,423.0,unknown,0
C02021,0,0,0.0,0.0,0,0.0,189.0,189.0,unknown,0
C02022,1,2,107.49,53.745,2,1.0,16.0,394.0,Fashion,0
C02023,3,10,1295.17,129.517,7,1.3,11.0,437.0,Sports,1
C02024,0,0,0.0,0.0,0,0.0,277.0,366.0,unknown,0
C02025,0,4,5037.96,1259.49,3,2.0,65.0,355.0,Electronics,1
C02026,0,0,0.0,0.0,0,0.0,340.0,406.0,unknown,0
C02027,1,2,188.85,94.425,2,1.0,8.0,333.0,Grocery,0
C02028,0,0,0.0,0.0,0,0.0,319.0,427.0,unknown,0
C02029,1,1,96.88,96.88,1,1.0,4.0,364.0,Sports,0
C02030,0,1,45.74,45.74,1,2.0,79.0,411.0,Beauty,1
C02031,5,14,1081.86,77.27571428571427,6,1.3571428571428572,3.0,442.0,Beauty,1
C02032,1,5,661.73,132.346,4,1.4,1.0,410.0,Beauty,1
C02033,0,0,0.0,0.0,0,0.0,188.0,392.0,unknown,0
C02034,1,4,6164.54,1541.135,3,2.25,4.0,301.0,Electronics,0
C02035,2,5,719.36,143.872,4,1.2,1.0,415.0,Grocery,1
C02036,0,1,48.65,48.65,1,1.0,44.0,447.0,Books,0
C02037,0,1,17.25,17.25,1,1.0,71.0,389.0,Books,0
C02038,1,2,118.32,59.16,2,1.0,24.0,443.0,Beauty,1
C02039,0,1,83.44,83.44,1,1.0,54.0,394.0,Sports,0
C02040,0,0,0.0,0.0,0,0.0,96.0,311.0,unknown,0
C02041,0,0,0.0,0.0,0,0.0,249.0,411.0,unknown,0
C02042,1,3,373.27,124.42333333333333,3,1.0,20.0,388.0,Books,1
C02043,0,0,0.0,0.0,0,0.0,242.0,242.0,unknown,0
C02044,0,0,0.0,0.0,0,0.0,114.0,210.0,unknown,0
C02045,1,3,410.59000000000003,136.86333333333334,3,1.3333333333333333,23.0,381.0,Beauty,1
C02046,4,6,392.15999999999997,65.36,4,1.3333333333333333,13.0,437.0,Fashion,1
C02047,0,0,0.0,0.0,0,0.0,100.0,100.0,unknown,1
C02048,0,0,0.0,0.0,0,0.0,195.0,397.0,unknown,0
C02049,0,0,0.0,0.0,0,0.0,128.0,423.0,unknown,1
C02050,0,0,0.0,0.0,0,0.0,213.0,443.0,unknown,0
C02051,0,0,0.0,0.0,0,0.0,110.0,362.0,unknown,0
C02052,1,1,60.44,60.44,1,3.0,16.0,429.0,Grocery,0
C02053,1,3,522.01,174.00333333333333,3,2.0,20.0,340.0,Electronics,1
C02054,1,2,521.78,260.89,2,2.0,20.0,424.0,Fashion,0
C02055,0,0,0.0,0.0,0,0.0,106.0,409.0,unknown,0
C02056,2,7,2403.89,343.41285714285715,5,2.2857142857142856,1.0,360.0,Books,1
C02057,1,1,126.95,126.95,1,1.0,17.0,393.0,Electronics,0
C02058,0,1,108.87,108.87,1,1.0,44.0,352.0,Sports,0
C02059,0,1,102.9,102.9,1,2.0,58.0,440.0,Beauty,0
C02060,1,9,1365.13,151.68111111111114,4,2.0,17.0,346.0,Fashion,0
C02061,0,0,0.0,0.0,0,0.0,100.0,266.0,unknown,0
C02062,0,0,0.0,0.0,0,0.0,291.0,415.0,unknown,0
C02063,0,0,0.0,0.0,0,0.0,91.0,139.0,unknown,0
C02064,1,2,96.31,48.155,2,2.0,12.0,389.0,Beauty,1
C02065,0,0,0.0,0.0,0,0.0,146.0,374.0,unknown,1
C02066,3,3,394.74,131.58,3,1.6666666666666667,15.0,440.0,Grocery,0
C02067,1,2,46.97,23.485,2,1.0,21.0,414.0,Beauty,0
C02068,0,2,418.54,209.27,2,1.0,49.0,445.0,Sports,0
C02069,0,0,0.0,0.0,0,0.0,197.0,434.0,unknown,0
C02070,2,4,955.88,238.97,3,2.0,10.0,407.0,Sports,0
C02071,2,2,96.46000000000001,48.230000000000004,2,1.0,2.0,413.0,Fashion,1
C02072,4,7,2381.32,340.18857142857144,6,1.8571428571428572,7.0,350.0,Home,0
C02073,0,0,0.0,0.0,0,0.0,173.0,441.0,unknown,0
C02074,1,1,16.86,16.86,1,1.0,23.0,422.0,Beauty,0
C02075,0,0,0.0,0.0,0,0.0,226.0,356.0,unknown,0
C02076,0,2,43.06,21.53,2,1.0,77.0,411.0,Books,0
C02077,0,1,282.85,282.85,1,1.0,48.0,406.0,Home,0
C02078,0,0,0.0,0.0,0,0.0,135.0,451.0,unknown,0
C02079,0,0,0.0,0.0,0,0.0,265.0,438.0,unknown,0
C02080,0,1,24.67,24.67,1,2.0,33.0,428.0,Grocery,0
C02081,0,0,0.0,0.0,0,0.0,127.0,437.0,unknown,0
C02082,0,0,0.0,0.0,0,0.0,320.0,320.0,unknown,0
C02083,0,0,0.0,0.0,0,0.0,111.0,434.0,unknown,1
C02084,0,0,0.0,0.0,0,0.0,109.0,403.0,unknown,0
C02085,2,3,401.87,133.95666666666668,3,1.0,24.0,403.0,Electronics,0
C02086,0,1,28.52,28.52,1,1.0,60.0,437.0,Books,0
C02087,0,0,0.0,0.0,0,0.0,322.0,388.0,unknown,0
C02088,0,0,0.0,0.0,0,0.0,216.0,445.0,unknown,0
C02089,0,0,0.0,0.0,0,0.0,194.0,428.0,unknown,0
C02090,3,12,9492.19,791.0158333333334,6,2.4166666666666665,2.0,416.0,Electronics,1
C02091,0,1,311.82,311.82,1,1.0,89.0,404.0,Electronics,0
C02092,0,1,165.64,165.64,1,2.0,48.0,433.0,Fashion,0
C02093,0,2,777.5500000000001,388.77500000000003,2,2.5,37.0,419.0,Beauty,0
C02094,0,0,0.0,0.0,0,0.0,304.0,415.0,unknown,0
C02095,0,1,24.31,24.31,1,1.0,32.0,400.0,Books,0
C02096,0,0,0.0,0.0,0,0.0,191.0,449.0,unknown,0
C02097,0,0,0.0,0.0,0,0.0,196.0,407.0,unknown,1
C02098,4,6,1597.57,266.26166666666666,5,1.6666666666666667,20.0,421.0,Toys,0
C02099,3,5,524.95,104.99000000000001,3,1.2,7.0,437.0,Grocery,1
C02100,0,0,0.0,0.0,0,0.0,93.0,449.0,unknown,0
C02101,0,1,29.89,29.89,1,1.0,79.0,390.0,Sports,0
C02102,1,5,336.44000000000005,67.28800000000001,3,1.6,7.0,450.0,Beauty,1
C02103,0,0,0.0,0.0,0,0.0,120.0,370.0,unknown,0
C02104,0,1,92.0,92.0,1,1.0,71.0,306.0,Toys,1
C02105,1,1,34.62,34.62,1,1.0,24.0,396.0,Fashion,0
C02106,0,0,0.0,0.0,0,0.0,189.0,331.0,unknown,0
C02107,0,2,900.78,450.39,1,2.5,62.0,398.0,Home,0
C02108,0,0,0.0,0.0,0,0.0,115.0,115.0,unknown,0
C02109,0,0,0.0,0.0,0,0.0,170.0,431.0,unknown,0
C02110,0,2,227.1,113.55,2,1.0,34.0,376.0,Electronics,0
C02111,0,0,0.0,0.0,0,0.0,119.0,150.0,unknown,0
C02112,1,2,121.28,60.64,2,1.0,18.0,450.0,Grocery,0
C02113,2,4,641.56,160.39,4,1.25,10.0,446.0,Beauty,0
C02114,0,0,0.0,0.0,0,0.0,120.0,311.0,unknown,0
C02115,0,1,37.14,37.14,1,1.0,69.0,375.0,Toys,1
C02116,0,1,96.99,96.99,1,3.0,46.0,392.0,Grocery,0
C02117,0,0,0.0,0.0,0,0.0,107.0,404.0,unknown,0
C02118,0,2,112.50999999999999,56.254999999999995,2,1.0,35.0,433.0,Beauty,0
C02119,0,0,0.0,0.0,0,0.0,112.0,415.0,unknown,1
C02120,0,0,0.0,0.0,0,0.0,320.0,384.0,unknown,0
C02121,0,0,0.0,0.0,0,0.0,241.0,430.0,unknown,0
C02122,0,0,0.0,0.0,0,0.0,258.0,392.0,unknown,1
C02123,0,0,0.0,0.0,0,0.0,294.0,426.0,unknown,0
C02124,0,0,0.0,0.0,0,0.0,121.0,356.0,unknown,0
C02125,0,0,0.0,0.0,0,0.0,278.0,430.0,unknown,0
C02126,0,0,0.0,0.0,0,0.0,217.0,403.0,unknown,0
C02127,0,0,0.0,0.0,0,0.0,117.0,427.0,unknown,0
C02128,0,0,0.0,0.0,0,0.0,264.0,264.0,unknown,0
C02129,1,2,98.2,49.1,2,1.0,15.0,415.0,Fashion,0
C02130,0,2,85.37,42.685,2,1.0,30.0,446.0,Beauty,1
C02131,0,0,0.0,0.0,0,0.0,191.0,451.0,unknown,0
C02132,0,1,18.67,18.67,1,2.0,69.0,69.0,Grocery,0
C02133,0,1,210.59,210.59,1,1.0,61.0,264.0,Electronics,0
C02134,0,2,240.57999999999998,120.28999999999999,1,1.0,45.0,428.0,Fashion,1
C02135,0,0,0.0,0.0,0,0.0,123.0,393.0,unknown,0
C02136,1,2,66.7,33.35,1,1.0,23.0,282.0,Beauty,1
C02137,0,0,0.0,0.0,0,0.0,157.0,439.0,unknown,0
C02138,0,1,217.91,217.91,1,1.0,44.0,388.0,Electronics,1
C02139,1,2,415.25,207.625,2,2.0,7.0,398.0,Fashion,0
C02140,0,1,48.79,48.79,1,1.0,68.0,392.0,Books,0
C02141,0,1,159.26,159.26,1,2.0,58.0,409.0,Home,0
C02142,1,3,4162.03,1387.3433333333332,2,1.6666666666666667,12.0,445.0,Sports,0
C02143,0,3,427.85,142.61666666666667,3,2.6666666666666665,34.0,324.0,Electronics,1
C02144,0,1,81.77,81.77,1,1.0,79.0,369.0,Fashion,0
C02145,0,0,0.0,0.0,0,0.0,196.0,446.0,unknown,0
C02146,0,1,63.79,63.79,1,1.0,86.0,350.0,Beauty,0
C02147,1,8,1764.3000000000002,220.53750000000002,5,1.25,27.0,437.0,Beauty,1
C02148,1,2,275.26,137.63,2,1.0,26.0,438.0,Electronics,1
C02149,1,3,233.91000000000003,77.97000000000001,3,1.3333333333333333,0.0,396.0,Beauty,0
C02150,1,5,234.84,46.968,4,1.0,14.0,422.0,Beauty,1
C02151,3,5,675.42,135.084,4,1.4,8.0,383.0,Grocery,0
C02152,0,1,124.44,124.44,1,1.0,54.0,440.0,Sports,0
C02153,1,4,492.01,123.0025,3,2.0,9.0,406.0,Beauty,1
C02154,0,1,432.88,432.88,1,3.0,87.0,348.0,Fashion,0
C02155,0,1,108.0,108.0,1,1.0,32.0,418.0,Fashion,0
C02156,0,2,396.09,198.045,2,2.5,46.0,278.0,Beauty,0
C02157,0,0,0.0,0.0,0,0.0,134.0,429.0,unknown,0
C02158,0,0,0.0,0.0,0,0.0,217.0,346.0,unknown,0
C02159,1,1,125.99,125.99,1,1.0,20.0,343.0,Toys,0
C02160,5,8,789.9200000000001,98.74000000000001,6,1.5,8.0,424.0,Electronics,1
C02161,0,0,0.0,0.0,0,0.0,159.0,363.0,unknown,0
C02162,0,0,0.0,0.0,0,0.0,112.0,390.0,unknown,0
C02163,0,0,0.0,0.0,0,0.0,100.0,424.0,unknown,0
C02164,0,0,0.0,0.0,0,0.0,174.0,246.0,unknown,0
C02165,1,4,406.47,101.6175,2,1.5,23.0,451.0,Beauty,0
C02166,0,0,0.0,0.0,0,0.0,389.0,451.0,unknown,0
C02167,0,2,190.16,95.08,2,1.0,79.0,355.0,Beauty,1
C02168,1,5,1583.48,316.696,2,2.0,12.0,276.0,Sports,1
C02169,0,0,0.0,0.0,0,0.0,196.0,350.0,unknown,0
C02170,1,2,167.94,83.97,2,1.0,29.0,283.0,Beauty,0
C02171,1,2,6792.45,3396.225,1,3.0,20.0,418.0,Electronics,0
C02172,0,0,0.0,0.0,0,0.0,300.0,427.0,unknown,0
C02173,0,2,199.26,99.63,2,2.5,30.0,363.0,Grocery,0
C02174,0,4,834.74,208.685,4,1.25,30.0,435.0,Books,0
C02175,0,0,0.0,0.0,0,0.0,231.0,438.0,unknown,0
C02176,1,3,212.22,70.74,2,2.3333333333333335,19.0,452.0,Grocery,1
C02177,0,1,323.81,323.81,1,1.0,35.0,376.0,Electronics,0
C02178,0,5,900.54,180.108,4,1.4,62.0,433.0,Home,1
C02179,0,0,0.0,0.0,0,0.0,238.0,378.0,unknown,0
C02180,1,1,719.19,719.19,1,4.0,25.0,424.0,Fashion,1
C02181,0,1,245.91,245.91,1,2.0,75.0,420.0,Fashion,0
C02182,0,0,0.0,0.0,0,0.0,93.0,442.0,unknown,0
C02183,0,0,0.0,0.0,0,0.0,239.0,410.0,unknown,0
C02184,2,7,1101.78,157.39714285714285,6,1.5714285714285714,20.0,422.0,Beauty,0
C02185,0,0,0.0,0.0,0,0.0,132.0,361.0,unknown,1
C02186,1,4,853.61,213.4025,2,1.25,28.0,432.0,Electronics,0
C02187,0,0,0.0,0.0,0,0.0,118.0,375.0,unknown,0
C02188,1,2,125.78999999999999,62.894999999999996,2,1.0,20.0,430.0,Sports,0
C02189,0,0,0.0,0.0,0,0.0,116.0,310.0,unknown,0
C02190,0,0,0.0,0.0,0,0.0,95.0,400.0,unknown,0
C02191,1,4,1344.14,336.035,4,2.0,4.0,444.0,Beauty,1
C02192,1,2,231.75,115.875,2,2.0,0.0,273.0,Beauty,1
C02193,0,1,449.79,449.79,1,2.0,77.0,406.0,Home,0
C02194,0,0,0.0,0.0,0,0.0,113.0,445.0,unknown,0
C02195,0,1,78.54,78.54,1,1.0,86.0,378.0,Fashion,1
C02196,0,0,0.0,0.0,0,0.0,90.0,413.0,unknown,0
C02197,0,1,124.42,124.42,1,4.0,62.0,405.0,Toys,0
C02198,1,2,132.48000000000002,66.24000000000001,2,1.0,0.0,322.0,Beauty,0
C02199,0,0,0.0,0.0,0,0.0,227.0,435.0,unknown,0
C02200,0,2,51.199999999999996,25.599999999999998,2,1.0,45.0,398.0,Grocery,0
C02201,1,1,102.39,102.39,1,2.0,2.0,417.0,Sports,1
C02202,0,1,101.73,101.73,1,5.0,82.0,395.0,Beauty,1
C02203,0,0,0.0,0.0,0,0.0,227.0,379.0,unknown,0
C02204,0,0,0.0,0.0,0,0.0,164.0,438.0,unknown,0
C02205,0,0,0.0,0.0,0,0.0,217.0,372.0,unknown,0
C02206,1,2,95.81,47.905,2,1.5,13.0,336.0,Beauty,0
C02207,0,0,0.0,0.0,0,0.0,115.0,115.0,unknown,0
C02208,0,1,107.16,107.16,1,1.0,67.0,279.0,Home,1
C02209,0,1,247.87,247.87,1,3.0,80.0,445.0,Home,0
C02210,2,4,789.95,197.4875,2,1.5,14.0,436.0,Fashion,1
C02211,0,0,0.0,0.0,0,0.0,140.0,365.0,unknown,0
C02212,0,4,1180.25,295.0625,2,1.5,30.0,348.0,Home,0
C02213,0,0,0.0,0.0,0,0.0,119.0,414.0,unknown,0
C02214,2,4,972.8299999999999,243.20749999999998,3,1.0,27.0,381.0,Electronics,0
C02215,0,1,36.49,36.49,1,3.0,54.0,427.0,Grocery,0
C02216,0,2,1087.75,543.875,2,1.5,68.0,421.0,Electronics,1
C02217,1,5,619.83,123.96600000000001,3,1.4,16.0,407.0,Fashion,1
C02218,0,0,0.0,0.0,0,0.0,170.0,170.0,unknown,0
C02219,1,1,20.71,20.71,1,1.0,8.0,432.0,Grocery,0
C02220,0,0,0.0,0.0,0,0.0,112.0,392.0,unknown,0
C02221,0,0,0.0,0.0,0,0.0,194.0,449.0,unknown,0
C02222,1,4,1099.41,274.8525,3,1.25,17.0,369.0,Sports,1
C02223,0,0,0.0,0.0,0,0.0,136.0,355.0,unknown,0
C02224,1,1,55.41,55.41,1,3.0,14.0,385.0,Books,0
C02225,0,1,33.54,33.54,1,1.0,53.0,418.0,Grocery,0
C02226,0,0,0.0,0.0,0,0.0,313.0,432.0,unknown,0
C02227,1,1,182.6,182.6,1,2.0,20.0,391.0,Fashion,0
C02228,1,6,394.41,65.735,4,1.5,7.0,430.0,Grocery,0
C02229,0,3,326.37,108.79,3,1.0,42.0,406.0,Grocery,0
C02230,0,1,79.52,79.52,1,3.0,38.0,360.0,Grocery,1
C02231,0,0,0.0,0.0,0,0.0,228.0,451.0,unknown,0
C02232,0,1,37.65,37.65,1,1.0,89.0,268.0,Grocery,1
C02233,1,4,895.9399999999999,223.98499999999999,3,1.25,6.0,419.0,Home,1
C02234,1,3,576.29,192.09666666666666,2,1.3333333333333333,0.0,391.0,Home,1
C02235,0,0,0.0,0.0,0,0.0,164.0,432.0,unknown,0
C02236,0,2,347.91999999999996,173.95999999999998,2,2.0,68.0,217.0,Beauty,1
C02237,1,3,687.5400000000001,229.18000000000004,3,1.6666666666666667,13.0,392.0,Fashion,1
C02238,0,0,0.0,0.0,0,0.0,367.0,447.0,unknown,0
C02239,0,0,0.0,0.0,0,0.0,385.0,427.0,unknown,0
C02240,0,1,187.64,187.64,1,1.0,50.0,421.0,Home,0
C02241,0,0,0.0,0.0,0,0.0,327.0,443.0,unknown,0
C02242,0,2,553.22,276.61,1,2.0,61.0,451.0,Home,0
C02243,0,0,0.0,0.0,0,0.0,245.0,424.0,unknown,0
C02244,0,0,0.0,0.0,0,0.0,399.0,399.0,unknown,0
C02245,0,0,0.0,0.0,0,0.0,165.0,441.0,unknown,0
C02246,0,0,0.0,0.0,0,0.0,122.0,427.0,unknown,0
C02247,0,1,73.47,73.47,1,1.0,35.0,377.0,Fashion,0
C02248,1,1,91.54,91.54,1,1.0,9.0,436.0,Fashion,0
C02249,0,0,0.0,0.0,0,0.0,301.0,451.0,unknown,0
C02250,0,0,0.0,0.0,0,0.0,258.0,317.0,unknown,0
C02251,0,1,25.84,25.84,1,2.0,79.0,439.0,Books,0
C02252,0,1,228.65,228.65,1,1.0,79.0,424.0,Home,1
C02253,0,0,0.0,0.0,0,0.0,325.0,365.0,unknown,0
C02254,0,0,0.0,0.0,0,0.0,188.0,193.0,unknown,1
C02255,0,0,0.0,0.0,0,0.0,139.0,436.0,unknown,0
C02256,0,2,983.98,491.99,2,2.0,65.0,392.0,Electronics,0
C02257,2,3,745.15,248.38333333333333,3,2.0,3.0,401.0,Beauty,0
C02258,0,0,0.0,0.0,0,0.0,188.0,445.0,unknown,0
C02259,2,2,272.65,136.325,2,1.0,1.0,356.0,Grocery,1
C02260,4,16,7752.02,484.50125,5,1.8125,0.0,425.0,Fashion,1
C02261,0,0,0.0,0.0,0,0.0,124.0,403.0,unknown,0
C02262,0,0,0.0,0.0,0,0.0,187.0,278.0,unknown,1
C02263,2,5,1325.8600000000001,265.172,4,2.0,11.0,390.0,Home,1
C02264,0,0,0.0,0.0,0,0.0,94.0,445.0,unknown,1
C02265,0,1,106.43,106.43,1,3.0,39.0,388.0,Sports,1
C02266,2,5,1004.36,200.872,5,2.2,7.0,433.0,Beauty,1
C02267,1,1,58.49,58.49,1,1.0,11.0,427.0,Sports,0
C02268,0,1,578.7,578.7,1,1.0,89.0,98.0,Electronics,0
C02269,0,0,0.0,0.0,0,0.0,91.0,387.0,unknown,0
C02270,0,1,127.63,127.63,1,1.0,75.0,427.0,Fashion,1
C02271,1,2,438.53999999999996,219.26999999999998,1,1.0,11.0,317.0,Electronics,1
C02272,0,0,0.0,0.0,0,0.0,111.0,422.0,unknown,0
C02273,0,2,197.76999999999998,98.88499999999999,2,1.0,53.0,387.0,Books,1
C02274,1,2,189.54999999999998,94.77499999999999,1,1.0,28.0,376.0,Fashion,1
C02275,1,2,98.72,49.36,2,1.5,9.0,380.0,Books,0
C02276,4,9,1026.72,114.08,5,1.3333333333333333,5.0,450.0,Books,1
C02277,0,1,580.31,580.31,1,1.0,87.0,428.0,Electronics,1
C02278,0,0,0.0,0.0,0,0.0,146.0,434.0,unknown,0
C02279,1,1,310.37,310.37,1,2.0,3.0,403.0,Fashion,0
C02280,0,2,384.98,192.49,2,1.0,60.0,419.0,Fashion,1
C02281,0,2,2161.17,1080.585,1,2.5,76.0,414.0,Electronics,0
C02282,0,0,0.0,0.0,0,0.0,252.0,425.0,unknown,0
C02283,0,0,0.0,0.0,0,0.0,177.0,429.0,unknown,0
C02284,0,1,54.76,54.76,1,3.0,89.0,394.0,Books,0
C02285,0,0,0.0,0.0,0,0.0,278.0,392.0,unknown,0
C02286,2,4,491.09,122.7725,3,1.0,14.0,447.0,Electronics,0
C02287,0,0,0.0,0.0,0,0.0,143.0,250.0,unknown,0
C02288,0,2,120.71000000000001,60.355000000000004,1,1.0,38.0,328.0,Fashion,0
C02289,0,0,0.0,0.0,0,0.0,188.0,373.0,unknown,0
C02290,0,0,0.0,0.0,0,0.0,252.0,387.0,unknown,0
C02291,0,2,74.44,37.22,2,1.0,31.0,443.0,Grocery,1
C02292,0,1,843.86,843.86,1,3.0,64.0,421.0,Home,0
C02293,0,1,162.86,162.86,1,3.0,69.0,405.0,Toys,1
C02294,0,0,0.0,0.0,0,0.0,267.0,442.0,unknown,0
C02295,0,0,0.0,0.0,0,0.0,381.0,428.0,unknown,0
C02296,3,5,1222.83,244.56599999999997,4,1.4,22.0,431.0,Fashion,1
C02297,0,0,0.0,0.0,0,0.0,98.0,439.0,unknown,1
C02298,2,3,322.40999999999997,107.46999999999998,2,1.3333333333333333,22.0,429.0,Fashion,1
C02299,0,1,140.3,140.3,1,1.0,53.0,446.0,Fashion,1
C02300,1,4,209.48000000000002,52.370000000000005,4,1.75,19.0,406.0,Beauty,0
C02301,0,0,0.0,0.0,0,0.0,93.0,303.0,unknown,0
C02302,0,1,102.37,102.37,1,1.0,85.0,390.0,Fashion,0
C02303,0,0,0.0,0.0,0,0.0,160.0,270.0,unknown,0
C02304,1,3,1541.47,513.8233333333334,3,3.6666666666666665,16.0,216.0,Electronics,0
C02305,0,3,1359.48,453.16,3,1.3333333333333333,31.0,357.0,Electronics,0
C02306,0,1,70.23,70.23,1,3.0,87.0,385.0,Books,0
C02307,0,0,0.0,0.0,0,0.0,95.0,412.0,unknown,0
C02308,0,1,1833.1,1833.1,1,4.0,81.0,274.0,Electronics,1
C02309,1,1,61.85,61.85,1,1.0,23.0,337.0,Fashion,1
C02310,0,0,0.0,0.0,0,0.0,130.0,413.0,unknown,0
C02311,2,2,548.47,274.235,1,3.0,6.0,427.0,Fashion,1
C02312,1,4,315.37,78.8425,2,1.0,1.0,441.0,Grocery,1
C02313,0,0,0.0,0.0,0,0.0,288.0,415.0,unknown,0
C02314,0,0,0.0,0.0,0,0.0,141.0,423.0,unknown,0
C02315,0,0,0.0,0.0,0,0.0,115.0,430.0,unknown,0
C02316,1,1,19.34,19.34,1,1.0,14.0,429.0,Grocery,0
C02317,0,4,256.69,64.1725,3,1.0,32.0,443.0,Books,1
C02318,0,1,16.28,16.28,1,1.0,71.0,448.0,Beauty,0
C02319,1,1,725.35,725.35,1,4.0,9.0,361.0,Fashion,1
C02320,0,0,0.0,0.0,0,0.0,179.0,309.0,unknown,0
C02321,3,6,893.62,148.93666666666667,4,1.8333333333333333,10.0,423.0,Beauty,0
C02322,0,1,76.96,76.96,1,1.0,53.0,451.0,Fashion,1
C02323,1,3,624.06,208.01999999999998,3,1.6666666666666667,10.0,360.0,Electronics,0
C02324,1,4,643.41,160.8525,4,1.5,23.0,416.0,Books,1
C02325,0,0,0.0,0.0,0,0.0,320.0,337.0,unknown,0
C02326,0,0,0.0,0.0,0,0.0,153.0,396.0,unknown,1
C02327,0,0,0.0,0.0,0,0.0,267.0,433.0,unknown,0
C02328,0,0,0.0,0.0,0,0.0,337.0,439.0,unknown,0
C02329,0,1,126.45,126.45,1,1.0,88.0,450.0,Fashion,0
C02330,0,3,3332.8,1110.9333333333334,3,3.6666666666666665,33.0,205.0,Electronics,0
C02331,0,1,50.84,50.84,1,1.0,83.0,432.0,Beauty,0
C02332,0,0,0.0,0.0,0,0.0,167.0,431.0,unknown,0
C02333,0,0,0.0,0.0,0,0.0,232.0,276.0,unknown,0
C02334,2,4,742.77,185.6925,4,1.25,9.0,406.0,Beauty,1
C02335,0,1,50.72,50.72,1,1.0,88.0,280.0,Beauty,1
C02336,0,0,0.0,0.0,0,0.0,132.0,401.0,unknown,1
C02337,0,2,130.05,65.025,1,1.0,57.0,300.0,Fashion,1
C02338,0,0,0.0,0.0,0,0.0,297.0,382.0,unknown,0
C02339,0,1,406.37,406.37,1,1.0,54.0,370.0,Electronics,0
C02340,0,1,152.97,152.97,1,1.0,83.0,402.0,Fashion,1
C02341,0,4,2386.85,596.7125,4,2.75,42.0,361.0,Books,1
C02342,1,2,141.9,70.95,2,1.0,19.0,384.0,Books,1
C02343,0,0,0.0,0.0,0,0.0,134.0,339.0,unknown,0
C02344,0,0,0.0,0.0,0,0.0,183.0,431.0,unknown,0
C02345,1,1,79.49,79.49,1,1.0,22.0,353.0,Home,0
C02346,0,1,82.33,82.33,1,2.0,71.0,423.0,Fashion,1
C02347,1,1,63.31,63.31,1,3.0,29.0,379.0,Books,0
C02348,0,0,0.0,0.0,0,0.0,193.0,378.0,unknown,1
C02349,0,2,62.67,31.335,2,1.0,68.0,429.0,Beauty,0
C02350,1,1,26.54,26.54,1,1.0,10.0,363.0,Grocery,1
C02351,2,7,1357.73,193.96142857142857,5,1.4285714285714286,6.0,448.0,Books,1
C02352,0,3,575.94,191.98000000000002,2,1.6666666666666667,54.0,392.0,Sports,1
C02353,0,0,0.0,0.0,0,0.0,143.0,445.0,unknown,0
C02354,0,0,0.0,0.0,0,0.0,171.0,330.0,unknown,0
C02355,2,3,1230.29,410.09666666666664,3,1.0,12.0,183.0,Electronics,0
C02356,0,1,49.62,49.62,1,1.0,79.0,371.0,Home,0
C02357,0,2,2200.0499999999997,1100.0249999999999,2,2.5,71.0,392.0,Electronics,1
C02358,0,2,310.58,155.29,2,1.5,84.0,416.0,Beauty,0
C02359,0,0,0.0,0.0,0,0.0,104.0,420.0,unknown,0
C02360,2,7,1308.06,186.8657142857143,4,1.4285714285714286,3.0,416.0,Fashion,1
C02361,0,1,38.68,38.68,1,1.0,84.0,449.0,Beauty,0
C02362,1,5,316.93,63.386,3,1.0,24.0,446.0,Fashion,0
C02363,0,4,5106.67,1276.6675,3,1.5,31.0,306.0,Electronics,0
C02364,1,2,38.06,19.03,1,1.0,14.0,410.0,Grocery,1
C02365,0,0,0.0,0.0,0,0.0,143.0,262.0,unknown,0
C02366,1,2,80.24,40.12,2,3.0,2.0,199.0,Beauty,0
C02367,0,0,0.0,0.0,0,0.0,156.0,446.0,unknown,0
C02368,0,0,0.0,0.0,0,0.0,91.0,404.0,unknown,1
C02369,0,0,0.0,0.0,0,0.0,252.0,446.0,unknown,0
C02370,1,2,180.62,90.31,2,1.5,10.0,405.0,Fashion,1
C02371,1,2,519.64,259.82,2,1.5,13.0,282.0,Beauty,1
C02372,0,0,0.0,0.0,0,0.0,189.0,307.0,unknown,0
C02373,0,0,0.0,0.0,0,0.0,167.0,425.0,unknown,0
C02374,0,0,0.0,0.0,0,0.0,175.0,403.0,unknown,0
C02375,0,0,0.0,0.0,0,0.0,136.0,423.0,unknown,0
C02376,2,6,655.68,109.27999999999999,3,1.6666666666666667,28.0,427.0,Fashion,0
C02377,1,1,73.69,73.69,1,1.0,20.0,369.0,Home,0
C02378,0,4,447.53,111.8825,3,1.5,43.0,380.0,Sports,0
C02379,2,3,1464.48,488.16,2,1.6666666666666667,14.0,429.0,Grocery,0
C02380,2,3,544.71,181.57000000000002,2,2.3333333333333335,6.0,427.0,Beauty,1
C02381,0,1,101.73,101.73,1,1.0,62.0,289.0,Fashion,1
C02382,0,0,0.0,0.0,0,0.0,177.0,293.0,unknown,0
C02383,0,3,478.4,159.46666666666667,3,1.6666666666666667,68.0,383.0,Fashion,1
C02384,1,2,387.58,193.79,2,2.5,24.0,428.0,Fashion,1
C02385,0,1,76.51,76.51,1,2.0,30.0,442.0,Beauty,1
C02386,0,0,0.0,0.0,0,0.0,138.0,349.0,unknown,0
C02387,0,1,232.85,232.85,1,2.0,60.0,383.0,Fashion,1
C02388,0,1,40.62,40.62,1,1.0,58.0,408.0,Grocery,0
C02389,0,1,59.94,59.94,1,1.0,83.0,452.0,Sports,1
C02390,5,10,1183.3300000000002,118.33300000000001,5,1.3,2.0,451.0,Beauty,1
C02391,1,1,30.85,30.85,1,1.0,14.0,422.0,Grocery,1
C02392,1,3,837.9200000000001,279.3066666666667,3,1.3333333333333333,26.0,396.0,Electronics,1
C02393,0,0,0.0,0.0,0,0.0,211.0,416.0,unknown,0
C02394,3,3,268.11,89.37,3,1.6666666666666667,7.0,372.0,Fashion,0
C02395,1,3,636.41,212.13666666666666,3,1.6666666666666667,6.0,366.0,Electronics,1
C02396,0,0,0.0,0.0,0,0.0,209.0,406.0,unknown,0
C02397,0,0,0.0,0.0,0,0.0,320.0,364.0,unknown,0
C02398,0,0,0.0,0.0,0,0.0,101.0,441.0,unknown,0
C02399,0,1,24.36,24.36,1,1.0,75.0,442.0,Books,1
C02400,0,0,0.0,0.0,0,0.0,256.0,395.0,unknown,1
C02401,1,3,634.39,211.46333333333334,2,1.3333333333333333,8.0,330.0,Home,0
C02402,0,0,0.0,0.0,0,0.0,99.0,325.0,unknown,0
C02403,0,0,0.0,0.0,0,0.0,180.0,300.0,unknown,0
C02404,0,2,76.22999999999999,38.114999999999995,1,1.5,43.0,408.0,Beauty,1
C02405,1,2,382.89000000000004,191.44500000000002,2,1.0,8.0,270.0,Electronics,0
C02406,0,0,0.0,0.0,0,0.0,211.0,391.0,unknown,0
C02407,0,1,63.39,63.39,1,1.0,58.0,401.0,Fashion,0
C02408,0,0,0.0,0.0,0,0.0,230.0,389.0,unknown,0
C02409,0,0,0.0,0.0,0,0.0,273.0,451.0,unknown,0
C02410,0,0,0.0,0.0,0,0.0,133.0,400.0,unknown,0
C02411,0,2,362.72,181.36,2,1.0,64.0,321.0,Fashion,0
C02412,2,6,1712.79,285.465,5,1.5,5.0,422.0,Grocery,0
C02413,1,2,1113.33,556.665,2,1.0,3.0,109.0,Electronics,0
C02414,0,1,379.42,379.42,1,1.0,64.0,410.0,Home,0
C02415,1,2,3287.3199999999997,1643.6599999999999,1,2.5,10.0,249.0,Electronics,0
C02416,0,2,320.25,160.125,2,1.5,53.0,385.0,Books,1
C02417,0,0,0.0,0.0,0,0.0,263.0,424.0,unknown,0
C02418,0,1,37.92,37.92,1,1.0,65.0,450.0,Toys,0
C02419,0,1,122.88,122.88,1,1.0,52.0,448.0,Fashion,0
C02420,0,1,187.15,187.15,1,1.0,65.0,378.0,Home,1
C02421,1,2,182.20000000000002,91.10000000000001,1,2.5,6.0,452.0,Grocery,0
C02422,0,0,0.0,0.0,0,0.0,248.0,404.0,unknown,0
C02423,0,0,0.0,0.0,0,0.0,115.0,351.0,unknown,0
C02424,1,3,198.87,66.29,2,2.0,29.0,441.0,Beauty,0
C02425,0,0,0.0,0.0,0,0.0,90.0,399.0,unknown,0
C02426,0,0,0.0,0.0,0,0.0,204.0,319.0,unknown,0
C02427,3,4,329.09,82.2725,4,1.0,6.0,440.0,Beauty,1
C02428,0,1,100.52,100.52,1,1.0,32.0,423.0,Toys,1
C02429,1,1,77.49,77.49,1,1.0,8.0,343.0,Fashion,0
C02430,0,2,333.18,166.59,1,2.5,53.0,365.0,Beauty,0
C02431,0,1,153.45,153.45,1,1.0,46.0,294.0,Home,1
C02432,0,2,53.150000000000006,26.575000000000003,2,1.0,58.0,314.0,Beauty,0
C02433,0,1,46.01,46.01,1,1.0,69.0,433.0,Beauty,1
C02434,0,0,0.0,0.0,0,0.0,120.0,391.0,unknown,0
C02435,3,3,437.68,145.89333333333335,2,2.0,11.0,353.0,Fashion,1
C02436,0,0,0.0,0.0,0,0.0,98.0,347.0,unknown,0
C02437,0,1,147.97,147.97,1,1.0,85.0,408.0,Sports,0
C02438,0,2,252.98000000000002,126.49000000000001,2,2.0,49.0,339.0,Beauty,0
C02439,0,2,2162.3,1081.15,2,4.0,40.0,330.0,Electronics,1
C02440,2,2,240.14,120.07,2,1.0,20.0,307.0,Fashion,0
C02441,0,0,0.0,0.0,0,0.0,166.0,431.0,unknown,0
C02442,0,0,0.0,0.0,0,0.0,123.0,394.0,unknown,0
C02443,0,0,0.0,0.0,0,0.0,363.0,363.0,unknown,0
C02444,1,1,21.09,21.09,1,1.0,8.0,427.0,Books,1
C02445,1,1,782.98,782.98,1,2.0,24.0,403.0,Electronics,1
C02446,3,3,186.38,62.126666666666665,3,1.0,0.0,429.0,Electronics,0
C02447,2,7,1404.3000000000002,200.61428571428573,4,1.4285714285714286,1.0,410.0,Grocery,0
C02448,0,4,484.0,121.0,2,1.75,36.0,343.0,Toys,0
C02449,0,0,0.0,0.0,0,0.0,145.0,418.0,unknown,0
C02450,1,1,117.44,117.44,1,1.0,1.0,412.0,Electronics,0
C02451,0,0,0.0,0.0,0,0.0,124.0,445.0,unknown,0
C02452,0,0,0.0,0.0,0,0.0,97.0,380.0,unknown,0
C02453,2,4,168.2,42.05,3,1.25,0.0,440.0,Grocery,0
C02454,1,1,718.53,718.53,1,1.0,14.0,198.0,Electronics,1
C02455,0,1,23.12,23.12,1,1.0,65.0,414.0,Books,1
C02456,1,2,289.24,144.62,2,1.5,27.0,421.0,Grocery,0
C02457,1,2,1194.09,597.045,2,2.0,15.0,391.0,Home,1
C02458,3,9,1513.6,168.17777777777778,5,1.3333333333333333,0.0,438.0,Grocery,1
C02459,0,0,0.0,0.0,0,0.0,210.0,272.0,unknown,0
C02460,0,1,102.72,102.72,1,1.0,48.0,435.0,Home,0
C02461,0,0,0.0,0.0,0,0.0,172.0,325.0,unknown,0
C02462,0,0,0.0,0.0,0,0.0,138.0,386.0,unknown,0
C02463,1,2,177.72,88.86,2,1.0,9.0,443.0,Home,1
C02464,0,1,609.86,609.86,1,2.0,61.0,420.0,Electronics,0
C02465,0,0,0.0,0.0,0,0.0,170.0,436.0,unknown,0
C02466,0,1,85.7,85.7,1,1.0,38.0,402.0,Home,1
C02467,0,0,0.0,0.0,0,0.0,317.0,388.0,unknown,0
C02468,0,4,722.39,180.5975,3,1.25,34.0,379.0,Electronics,1
C02469,1,2,231.44,115.72,2,1.0,3.0,398.0,Grocery,0
C02470,0,0,0.0,0.0,0,0.0,202.0,451.0,unknown,0
C02471,1,1,89.17,89.17,1,1.0,2.0,305.0,Beauty,1
C02472,0,1,455.09,455.09,1,1.0,35.0,375.0,Electronics,1
C02473,0,1,31.43,31.43,1,1.0,74.0,201.0,Grocery,0
C02474,0,0,0.0,0.0,0,0.0,426.0,443.0,unknown,0
C02475,0,1,476.14,476.14,1,1.0,76.0,440.0,Electronics,0
C02476,5,6,538.3199999999999,89.71999999999998,5,1.3333333333333333,4.0,389.0,Fashion,1
C02477,0,2,4937.95,2468.975,2,3.0,55.0,257.0,Electronics,1
C02478,0,0,0.0,0.0,0,0.0,241.0,444.0,unknown,0
C02479,0,0,0.0,0.0,0,0.0,237.0,400.0,unknown,0
C02480,0,0,0.0,0.0,0,0.0,127.0,452.0,unknown,0
C02481,0,0,0.0,0.0,0,0.0,153.0,294.0,unknown,0
C02482,0,0,0.0,0.0,0,0.0,210.0,447.0,unknown,0
C02483,0,2,221.07999999999998,110.53999999999999,2,2.0,66.0,442.0,Beauty,0
C02484,0,0,0.0,0.0,0,0.0,240.0,325.0,unknown,0
C02485,0,0,0.0,0.0,0,0.0,126.0,429.0,unknown,1
C02486,0,0,0.0,0.0,0,0.0,113.0,439.0,unknown,0
C02487,0,2,263.88,131.94,2,1.5,80.0,392.0,Beauty,1
C02488,0,1,843.07,843.07,1,1.0,60.0,349.0,Electronics,0
C02489,5,7,1704.3500000000001,243.47857142857146,5,1.5714285714285714,5.0,448.0,Beauty,1
C02490,1,1,60.95,60.95,1,2.0,15.0,405.0,Toys,1
C02491,1,2,209.7,104.85,2,1.0,13.0,329.0,Electronics,0
C02492,0,5,5010.52,1002.104,3,1.6,40.0,327.0,Electronics,1
C02493,1,3,1094.43,364.81,3,3.0,29.0,446.0,Grocery,1
C02494,0,0,0.0,0.0,0,0.0,202.0,444.0,unknown,1
C02495,0,0,0.0,0.0,0,0.0,111.0,384.0,unknown,0
C02496,0,2,623.48,311.74,2,2.0,62.0,380.0,Beauty,1
C02497,0,0,0.0,0.0,0,0.0,131.0,427.0,unknown,0
C02498,0,0,0.0,0.0,0,0.0,260.0,415.0,unknown,0
C02499,0,0,0.0,0.0,0,0.0,94.0,440.0,unknown,1
C02500,1,1,54.23,54.23,1,1.0,20.0,362.0,Toys,0
C02501,1,1,192.38,192.38,1,1.0,25.0,450.0,Home,1
C02502,0,2,136.54,68.27,2,1.0,31.0,410.0,Books,0
C02503,0,0,0.0,0.0,0,0.0,96.0,435.0,unknown,0
C02504,0,0,0.0,0.0,0,0.0,198.0,399.0,unknown,1
C02505,0,0,0.0,0.0,0,0.0,243.0,432.0,unknown,0
C02506,3,4,343.74,85.935,4,1.0,14.0,441.0,Fashion,1
C02507,0,1,87.17,87.17,1,3.0,88.0,407.0,Beauty,0
C02508,0,1,152.64,152.64,1,1.0,87.0,364.0,Electronics,0
C02509,0,1,408.14,408.14,1,1.0,66.0,413.0,Electronics,1
C02510,0,0,0.0,0.0,0,0.0,204.0,391.0,unknown,0
C02511,5,6,1448.5,241.41666666666666,5,1.5,1.0,354.0,Beauty,0
C02512,1,1,283.89,283.89,1,3.0,28.0,340.0,Toys,0
C02513,2,3,415.29,138.43,2,1.3333333333333333,9.0,451.0,Beauty,1
C02514,0,2,173.56,86.78,2,1.5,57.0,388.0,Beauty,1
C02515,0,0,0.0,0.0,0,0.0,232.0,425.0,unknown,0
C02516,0,0,0.0,0.0,0,0.0,104.0,380.0,unknown,0
C02517,0,2,303.29,151.645,2,1.0,30.0,425.0,Fashion,0
C02518,0,0,0.0,0.0,0,0.0,140.0,425.0,unknown,0
C02519,2,3,298.95000000000005,99.65000000000002,2,1.0,1.0,388.0,Sports,1
C02520,0,0,0.0,0.0,0,0.0,288.0,449.0,unknown,0
C02521,1,2,410.61,205.305,2,1.0,24.0,428.0,Fashion,1
C02522,1,1,91.42,91.42,1,1.0,20.0,342.0,Electronics,0
C02523,1,1,61.79,61.79,1,1.0,26.0,445.0,Toys,0
C02524,0,0,0.0,0.0,0,0.0,107.0,367.0,unknown,0
C02525,0,1,108.15,108.15,1,3.0,57.0,316.0,Beauty,0
C02526,2,10,802.03,80.203,3,1.7,24.0,450.0,Grocery,1
C02527,0,0,0.0,0.0,0,0.0,287.0,384.0,unknown,0
C02528,0,0,0.0,0.0,0,0.0,121.0,397.0,unknown,0
C02529,0,1,92.02,92.02,1,1.0,44.0,337.0,Fashion,0
C02530,0,0,0.0,0.0,0,0.0,254.0,293.0,unknown,0
C02531,0,1,960.67,960.67,1,4.0,56.0,196.0,Electronics,0
C02532,0,0,0.0,0.0,0,0.0,110.0,414.0,unknown,1
C02533,0,1,27.47,27.47,1,1.0,38.0,276.0,Books,0
C02534,2,3,354.68,118.22666666666667,3,2.3333333333333335,17.0,406.0,Beauty,1
C02535,0,2,149.64000000000001,74.82000000000001,2,1.0,37.0,382.0,Books,0
C02536,0,0,0.0,0.0,0,0.0,231.0,237.0,unknown,0
C02537,0,1,61.97,61.97,1,2.0,76.0,262.0,Beauty,0
C02538,0,0,0.0,0.0,0,0.0,340.0,450.0,unknown,0
C02539,1,1,197.16,197.16,1,1.0,3.0,434.0,Home,1
C02540,0,0,0.0,0.0,0,0.0,131.0,343.0,unknown,0
C02541,0,0,0.0,0.0,0,0.0,99.0,254.0,unknown,0
C02542,1,1,701.39,701.39,1,2.0,20.0,344.0,Electronics,1
C02543,0,0,0.0,0.0,0,0.0,204.0,421.0,unknown,0
C02544,0,0,0.0,0.0,0,0.0,232.0,438.0,unknown,0
C02545,1,3,741.88,247.29333333333332,2,1.3333333333333333,6.0,390.0,Electronics,1
C02546,0,0,0.0,0.0,0,0.0,118.0,437.0,unknown,0
C02547,1,1,74.97,74.97,1,1.0,4.0,276.0,Fashion,0
C02548,2,6,937.29,156.215,5,1.5,28.0,450.0,Grocery,0
C02549,0,0,0.0,0.0,0,0.0,247.0,339.0,unknown,0
C02550,0,0,0.0,0.0,0,0.0,292.0,440.0,unknown,0
C02551,0,1,5.57,5.57,1,1.0,39.0,435.0,Grocery,0
C02552,1,1,80.42,80.42,1,1.0,15.0,287.0,Sports,0
C02553,0,1,12.32,12.32,1,1.0,42.0,324.0,Grocery,0
C02554,0,1,80.0,80.0,1,1.0,57.0,410.0,Books,1
C02555,0,0,0.0,0.0,0,0.0,355.0,409.0,unknown,0
C02556,0,0,0.0,0.0,0,0.0,237.0,444.0,unknown,0
C02557,0,3,451.03000000000003,150.34333333333333,3,1.3333333333333333,42.0,396.0,Electronics,0
C02558,0,0,0.0,0.0,0,0.0,210.0,445.0,unknown,0
C02559,0,0,0.0,0.0,0,0.0,99.0,257.0,unknown,1
C02560,0,2,225.14999999999998,112.57499999999999,2,2.0,46.0,397.0,Books,1
C02561,0,1,294.19,294.19,1,2.0,72.0,436.0,Home,0
C02562,0,1,642.2,642.2,1,3.0,38.0,423.0,Home,0
C02563,1,1,223.67,223.67,1,1.0,4.0,289.0,Electronics,0
C02564,0,3,1206.83,402.27666666666664,3,2.3333333333333335,59.0,432.0,Books,0
C02565,0,0,0.0,0.0,0,0.0,116.0,330.0,unknown,0
C02566,0,0,0.0,0.0,0,0.0,94.0,449.0,unknown,0
C02567,1,5,601.27,120.25399999999999,4,1.0,11.0,428.0,Books,1
C02568,0,0,0.0,0.0,0,0.0,114.0,450.0,unknown,1
C02569,0,0,0.0,0.0,0,0.0,183.0,438.0,unknown,1
C02570,0,1,262.68,262.68,1,3.0,55.0,406.0,Fashion,1
C02571,1,3,959.71,319.90333333333336,2,1.6666666666666667,20.0,422.0,Grocery,0
C02572,0,0,0.0,0.0,0,0.0,140.0,245.0,unknown,0
C02573,1,1,69.73,69.73,1,2.0,13.0,368.0,Sports,0
C02574,1,2,484.83000000000004,242.41500000000002,2,2.0,0.0,382.0,Home,1
C02575,0,1,121.95,121.95,1,1.0,38.0,393.0,Home,0
C02576,0,1,122.08,122.08,1,2.0,77.0,359.0,Books,0
C02577,1,1,49.57,49.57,1,1.0,17.0,349.0,Beauty,0
C02578,0,2,258.67,129.335,2,1.0,60.0,432.0,Books,0
C02579,0,1,53.53,53.53,1,1.0,31.0,415.0,Toys,1
C02580,0,1,75.68,75.68,1,1.0,31.0,264.0,Fashion,0
C02581,0,2,518.9100000000001,259.45500000000004,2,1.0,30.0,436.0,Electronics,0
C02582,1,1,341.35,341.35,1,1.0,24.0,417.0,Electronics,0
C02583,0,2,404.01000000000005,202.00500000000002,2,1.0,35.0,446.0,Electronics,0
C02584,0,0,0.0,0.0,0,0.0,171.0,436.0,unknown,0
C02585,0,0,0.0,0.0,0,0.0,134.0,451.0,unknown,0
C02586,1,3,1269.8400000000001,423.28000000000003,2,1.6666666666666667,3.0,320.0,Home,1
C02587,0,1,57.44,57.44,1,1.0,58.0,441.0,Books,0
C02588,0,1,60.37,60.37,1,1.0,54.0,384.0,Sports,1
C02589,0,2,351.16,175.58,2,1.5,49.0,331.0,Books,0
C02590,0,1,837.33,837.33,1,1.0,71.0,289.0,Electronics,0
C02591,0,0,0.0,0.0,0,0.0,144.0,332.0,unknown,0
C02592,0,0,0.0,0.0,0,0.0,188.0,339.0,unknown,0
C02593,2,2,375.33,187.665,2,1.5,3.0,344.0,Electronics,0
C02594,0,3,339.53999999999996,113.17999999999999,2,1.3333333333333333,43.0,447.0,Fashion,1
C02595,1,1,307.52,307.52,1,2.0,26.0,363.0,Home,0
C02596,0,1,85.58,85.58,1,3.0,38.0,329.0,Grocery,0
C02597,2,5,898.53,179.706,5,1.4,0.0,443.0,Electronics,1
C02598,1,3,1356.78,452.26,2,1.6666666666666667,11.0,294.0,Sports,0
C02599,0,0,0.0,0.0,0,0.0,104.0,331.0,unknown,0
C02600,0,4,467.85,116.9625,4,1.25,31.0,308.0,Electronics,0
C02601,0,2,932.06,466.03,2,2.5,40.0,373.0,Beauty,0
C02602,0,2,129.64,64.82,2,1.0,46.0,430.0,Beauty,0
C02603,2,4,1461.56,365.39,3,1.75,27.0,321.0,Fashion,0
C02604,1,4,358.76,89.69,3,1.75,0.0,316.0,Sports,1
C02605,0,0,0.0,0.0,0,0.0,173.0,430.0,unknown,0
C02606,1,2,135.53,67.765,2,1.5,9.0,430.0,Beauty,0
C02607,0,1,28.14,28.14,1,1.0,49.0,442.0,Books,0
C02608,0,0,0.0,0.0,0,0.0,242.0,428.0,unknown,0
C02609,1,1,90.49,90.49,1,3.0,24.0,356.0,Grocery,0
C02610,0,0,0.0,0.0,0,0.0,304.0,409.0,unknown,0
C02611,0,0,0.0,0.0,0,0.0,160.0,321.0,unknown,0
C02612,0,0,0.0,0.0,0,0.0,98.0,406.0,unknown,0
C02613,1,2,2009.89,1004.945,2,2.5,15.0,365.0,Electronics,1
C02614,0,0,0.0,0.0,0,0.0,114.0,114.0,unknown,0
C02615,0,0,0.0,0.0,0,0.0,363.0,363.0,unknown,0
C02616,2,4,2401.3999999999996,600.3499999999999,2,1.25,15.0,272.0,Electronics,1
C02617,0,0,0.0,0.0,0,0.0,179.0,433.0,unknown,0
C02618,0,1,40.59,40.59,1,1.0,78.0,448.0,Fashion,0
C02619,0,1,477.62,477.62,1,1.0,64.0,434.0,Electronics,1
C02620,0,0,0.0,0.0,0,0.0,96.0,354.0,unknown,0
C02621,0,0,0.0,0.0,0,0.0,228.0,356.0,unknown,0
C02622,0,1,192.06,192.06,1,1.0,34.0,408.0,Fashion,0
C02623,0,0,0.0,0.0,0,0.0,285.0,430.0,unknown,0
C02624,0,1,70.0,70.0,1,1.0,72.0,287.0,Grocery,0
C02625,0,1,40.67,40.67,1,1.0,78.0,450.0,Books,1
C02626,0,0,0.0,0.0,0,0.0,137.0,323.0,unknown,1
C02627,0,1,158.83,158.83,1,3.0,71.0,374.0,Sports,0
C02628,0,0,0.0,0.0,0,0.0,211.0,422.0,unknown,0
C02629,0,0,0.0,0.0,0,0.0,255.0,357.0,unknown,0
C02630,0,0,0.0,0.0,0,0.0,426.0,426.0,unknown,0
C02631,2,3,1089.01,363.00333333333333,2,1.3333333333333333,8.0,330.0,Electronics,0
C02632,2,3,2019.1100000000001,673.0366666666667,3,2.0,9.0,368.0,Beauty,1
C02633,0,0,0.0,0.0,0,0.0,130.0,398.0,unknown,0
C02634,1,2,23.69,11.845,1,1.0,29.0,389.0,Grocery,0
C02635,0,0,0.0,0.0,0,0.0,180.0,345.0,unknown,0
C02636,3,4,3027.45,756.8625,3,3.0,10.0,372.0,Sports,0
C02637,1,2,533.66,266.83,2,2.5,25.0,327.0,Fashion,1
C02638,0,0,0.0,0.0,0,0.0,217.0,426.0,unknown,0
C02639,0,0,0.0,0.0,0,0.0,134.0,423.0,unknown,0
C02640,0,0,0.0,0.0,0,0.0,143.0,441.0,unknown,0
C02641,0,0,0.0,0.0,0,0.0,104.0,383.0,unknown,0
C02642,0,3,136.37,45.45666666666667,2,1.0,30.0,149.0,Books,0
C02643,0,0,0.0,0.0,0,0.0,92.0,424.0,unknown,0
C02644,1,1,19.44,19.44,1,1.0,12.0,304.0,Grocery,0
C02645,0,0,0.0,0.0,0,0.0,252.0,410.0,unknown,0
C02646,0,0,0.0,0.0,0,0.0,129.0,367.0,unknown,0
C02647,1,2,106.85,53.425,2,1.0,5.0,331.0,Fashion,0
C02648,0,1,65.3,65.3,1,1.0,80.0,384.0,Toys,0
C02649,0,1,55.32,55.32,1,1.0,54.0,434.0,Fashion,0
C02650,0,2,177.5,88.75,2,1.5,55.0,357.0,Fashion,0
C02651,0,2,142.82,71.41,1,1.0,30.0,438.0,Toys,1
C02652,3,3,1328.44,442.81333333333333,3,2.0,15.0,384.0,Beauty,1
C02653,0,0,0.0,0.0,0,0.0,181.0,409.0,unknown,0
C02654,0,0,0.0,0.0,0,0.0,97.0,219.0,unknown,0
C02655,2,5,4317.05,863.4100000000001,2,1.4,16.0,333.0,Electronics,1
C02656,2,2,754.34,377.17,2,2.0,17.0,410.0,Fashion,1
C02657,0,0,0.0,0.0,0,0.0,374.0,431.0,unknown,0
C02658,0,6,1465.1599999999999,244.1933333333333,4,1.5,35.0,450.0,Books,1
C02659,1,3,651.78,217.26,3,1.6666666666666667,9.0,371.0,Books,1
C02660,0,0,0.0,0.0,0,0.0,133.0,407.0,unknown,0
C02661,0,0,0.0,0.0,0,0.0,216.0,399.0,unknown,0
C02662,0,0,0.0,0.0,0,0.0,139.0,434.0,unknown,0
C02663,0,0,0.0,0.0,0,0.0,206.0,431.0,unknown,0
C02664,0,0,0.0,0.0,0,0.0,245.0,388.0,unknown,0
C02665,1,1,605.62,605.62,1,4.0,5.0,306.0,Books,0
C02666,0,0,0.0,0.0,0,0.0,290.0,290.0,unknown,0
C02667,0,0,0.0,0.0,0,0.0,99.0,430.0,unknown,0
C02668,0,1,57.68,57.68,1,1.0,87.0,407.0,Fashion,1
C02669,0,1,204.95,204.95,1,1.0,51.0,320.0,Fashion,1
C02670,3,8,7038.200000000001,879.7750000000001,6,2.125,3.0,361.0,Electronics,1
C02671,0,0,0.0,0.0,0,0.0,202.0,327.0,unknown,0
C02672,3,6,3296.6000000000004,549.4333333333334,4,2.1666666666666665,7.0,387.0,Home,1
C02673,0,0,0.0,0.0,0,0.0,119.0,344.0,unknown,0
C02674,2,2,450.51,225.255,2,1.0,16.0,400.0,Electronics,1
C02675,0,1,16.55,16.55,1,1.0,58.0,300.0,Books,1
C02676,1,1,658.67,658.67,1,1.0,21.0,373.0,Electronics,0
C02677,2,4,2040.97,510.2425,4,1.75,13.0,339.0,Books,0
C02678,0,1,8.6,8.6,1,1.0,54.0,388.0,Grocery,1
C02679,0,2,214.04,107.02,2,1.0,68.0,390.0,Beauty,0
C02680,0,0,0.0,0.0,0,0.0,375.0,397.0,unknown,0
C02681,2,2,675.28,337.64,2,1.5,13.0,386.0,Electronics,1
C02682,0,0,0.0,0.0,0,0.0,134.0,346.0,unknown,0
C02683,0,1,58.02,58.02,1,2.0,79.0,452.0,Grocery,1
C02684,0,0,0.0,0.0,0,0.0,149.0,200.0,unknown,0
C02685,0,0,0.0,0.0,0,0.0,191.0,396.0,unknown,0
C02686,0,0,0.0,0.0,0,0.0,207.0,391.0,unknown,0
C02687,0,1,113.5,113.5,1,1.0,59.0,169.0,Sports,0
C02688,1,1,272.11,272.11,1,2.0,1.0,301.0,Sports,0
C02689,0,0,0.0,0.0,0,0.0,130.0,447.0,unknown,0
C02690,2,3,763.26,254.42,3,1.6666666666666667,5.0,391.0,Books,0
C02691,1,1,188.38,188.38,1,1.0,4.0,408.0,Home,0
C02692,0,0,0.0,0.0,0,0.0,360.0,360.0,unknown,0
C02693,1,1,77.86,77.86,1,1.0,15.0,448.0,Fashion,1
C02694,0,0,0.0,0.0,0,0.0,196.0,268.0,unknown,1
C02695,0,3,1101.8200000000002,367.27333333333337,3,2.0,31.0,340.0,Beauty,1
C02696,1,3,387.56,129.18666666666667,2,2.0,22.0,443.0,Beauty,0
C02697,0,1,236.48,236.48,1,1.0,60.0,419.0,Electronics,0
C02698,1,1,1929.59,1929.59,1,3.0,4.0,408.0,Electronics,1
C02699,0,0,0.0,0.0,0,0.0,125.0,360.0,unknown,0
C02700,1,5,391.65,78.33,3,1.4,24.0,401.0,Grocery,1
C02701,0,2,690.25,345.125,2,1.0,44.0,422.0,Electronics,0
C02702,0,1,632.99,632.99,1,4.0,48.0,398.0,Fashion,1
C02703,0,0,0.0,0.0,0,0.0,131.0,430.0,unknown,0
C02704,1,2,271.24,135.62,2,1.0,1.0,372.0,Fashion,1
C02705,0,0,0.0,0.0,0,0.0,304.0,416.0,unknown,0
C02706,5,11,5349.87,486.35181818181815,7,1.6363636363636365,8.0,427.0,Home,1
C02707,0,0,0.0,0.0,0,0.0,196.0,383.0,unknown,0
C02708,0,0,0.0,0.0,0,0.0,219.0,422.0,unknown,0
C02709,1,3,322.33,107.44333333333333,3,1.0,28.0,373.0,Fashion,1
C02710,0,1,128.07,128.07,1,1.0,58.0,361.0,Fashion,0
C02711,2,7,514.8199999999999,73.54571428571428,4,1.2857142857142858,5.0,409.0,Beauty,1
C02712,0,0,0.0,0.0,0,0.0,303.0,428.0,unknown,0
C02713,0,0,0.0,0.0,0,0.0,259.0,447.0,unknown,0
C02714,2,6,939.02,156.50333333333333,5,1.5,6.0,434.0,Fashion,0
C02715,0,0,0.0,0.0,0,0.0,111.0,385.0,unknown,0
C02716,0,0,0.0,0.0,0,0.0,227.0,438.0,unknown,0
C02717,0,0,0.0,0.0,0,0.0,185.0,207.0,unknown,0
C02718,1,1,8.56,8.56,1,1.0,23.0,406.0,Grocery,0
C02719,3,3,126.06,42.02,3,1.3333333333333333,12.0,440.0,Books,0
C02720,0,0,0.0,0.0,0,0.0,94.0,303.0,unknown,0
C02721,0,0,0.0,0.0,0,0.0,94.0,338.0,unknown,1
C02722,0,0,0.0,0.0,0,0.0,133.0,386.0,unknown,1
C02723,0,0,0.0,0.0,0,0.0,297.0,383.0,unknown,0
C02724,1,4,4317.07,1079.2675,3,2.5,27.0,288.0,Electronics,0
C02725,0,0,0.0,0.0,0,0.0,91.0,431.0,unknown,0
C02726,0,0,0.0,0.0,0,0.0,101.0,353.0,unknown,0
C02727,0,0,0.0,0.0,0,0.0,106.0,423.0,unknown,0
C02728,1,4,418.51,104.6275,3,1.0,21.0,424.0,Home,0
C02729,0,0,0.0,0.0,0,0.0,106.0,433.0,unknown,0
C02730,0,0,0.0,0.0,0,0.0,92.0,415.0,unknown,1
C02731,0,1,201.37,201.37,1,1.0,39.0,399.0,Fashion,1
C02732,0,0,0.0,0.0,0,0.0,323.0,327.0,unknown,0
C02733,1,1,13.97,13.97,1,1.0,15.0,399.0,Grocery,0
C02734,0,0,0.0,0.0,0,0.0,107.0,444.0,unknown,0
C02735,0,0,0.0,0.0,0,0.0,241.0,349.0,unknown,0
C02736,2,4,1879.4199999999998,469.85499999999996,4,1.25,18.0,249.0,Books,1
C02737,0,0,0.0,0.0,0,0.0,313.0,442.0,unknown,0
C02738,0,1,903.86,903.86,1,2.0,69.0,370.0,Electronics,0
C02739,1,2,921.91,460.955,2,2.0,1.0,382.0,Electronics,0
C02740,1,2,66.99,33.495,2,1.0,24.0,258.0,Books,0
C02741,2,4,457.65,114.4125,3,1.5,28.0,430.0,Sports,1
C02742,0,3,724.44,241.48000000000002,3,1.6666666666666667,31.0,308.0,Beauty,1
C02743,1,3,222.36,74.12,3,1.3333333333333333,23.0,443.0,Books,1
C02744,0,0,0.0,0.0,0,0.0,171.0,425.0,unknown,0
C02745,0,1,137.81,137.81,1,2.0,79.0,434.0,Fashion,0
C02746,0,0,0.0,0.0,0,0.0,124.0,402.0,unknown,0
C02747,0,0,0.0,0.0,0,0.0,350.0,423.0,unknown,0
C02748,0,0,0.0,0.0,0,0.0,283.0,449.0,unknown,0
C02749,0,0,0.0,0.0,0,0.0,166.0,346.0,unknown,0
C02750,0,3,168.62,56.20666666666667,2,2.0,43.0,429.0,Grocery,1
C02751,0,0,0.0,0.0,0,0.0,280.0,408.0,unknown,0
C02752,0,0,0.0,0.0,0,0.0,141.0,418.0,unknown,0
C02753,0,0,0.0,0.0,0,0.0,215.0,360.0,unknown,0
C02754,0,4,1292.81,323.2025,4,1.25,39.0,408.0,Beauty,0
C02755,0,1,39.74,39.74,1,1.0,59.0,368.0,Fashion,0
C02756,1,2,219.68,109.84,2,2.0,11.0,357.0,Fashion,1
C02757,0,1,156.05,156.05,1,1.0,34.0,258.0,Electronics,1
C02758,1,1,131.94,131.94,1,2.0,2.0,433.0,Fashion,0
C02759,0,0,0.0,0.0,0,0.0,183.0,414.0,unknown,0
C02760,1,1,36.81,36.81,1,1.0,20.0,386.0,Beauty,0
C02761,1,2,165.33,82.665,2,1.5,26.0,434.0,Fashion,0
C02762,0,0,0.0,0.0,0,0.0,146.0,323.0,unknown,0
C02763,4,9,1030.97,114.55222222222223,6,1.2222222222222223,6.0,446.0,Fashion,1
C02764,0,1,15.04,15.04,1,1.0,40.0,433.0,Beauty,0
C02765,0,1,50.92,50.92,1,2.0,85.0,425.0,Grocery,0
C02766,1,1,850.0,850.0,1,1.0,2.0,437.0,Electronics,0
C02767,2,3,2627.08,875.6933333333333,3,2.0,5.0,368.0,Electronics,1
C02768,0,1,142.78,142.78,1,5.0,61.0,184.0,Sports,0
C02769,1,3,136.41,45.47,2,1.3333333333333333,17.0,436.0,Beauty,0
C02770,1,1,579.56,579.56,1,1.0,23.0,349.0,Electronics,0
C02771,0,1,31.32,31.32,1,2.0,70.0,319.0,Grocery,0
C02772,0,1,33.91,33.91,1,1.0,55.0,331.0,Fashion,0
C02773,0,0,0.0,0.0,0,0.0,120.0,224.0,unknown,0
C02774,1,3,205.36,68.45333333333333,3,1.0,10.0,408.0,Beauty,1
C02775,0,0,0.0,0.0,0,0.0,186.0,403.0,unknown,0
C02776,0,0,0.0,0.0,0,0.0,164.0,400.0,unknown,0
C02777,0,2,401.36999999999995,200.68499999999997,2,2.5,52.0,375.0,Books,0
C02778,1,1,117.08,117.08,1,2.0,0.0,262.0,Books,1
C02779,0,0,0.0,0.0,0,0.0,301.0,446.0,unknown,0
C02780,1,1,174.39,174.39,1,2.0,3.0,428.0,Toys,1
C02781,0,1,139.69,139.69,1,1.0,65.0,371.0,Home,1
C02782,0,0,0.0,0.0,0,0.0,229.0,236.0,unknown,1
C02783,0,1,367.63,367.63,1,4.0,89.0,370.0,Sports,0
C02784,0,0,0.0,0.0,0,0.0,313.0,447.0,unknown,0
C02785,0,0,0.0,0.0,0,0.0,118.0,412.0,unknown,0
C02786,0,0,0.0,0.0,0,0.0,174.0,174.0,unknown,0
C02787,0,2,233.97,116.985,2,1.0,44.0,370.0,Electronics,0
C02788,1,1,230.72,230.72,1,2.0,3.0,375.0,Sports,0
C02789,1,3,206.01999999999998,68.67333333333333,3,1.0,0.0,320.0,Beauty,0
C02790,0,0,0.0,0.0,0,0.0,252.0,438.0,unknown,0
C02791,2,4,158.64,39.66,4,1.0,0.0,449.0,Beauty,1
C02792,3,6,220.0,36.666666666666664,5,1.1666666666666667,1.0,410.0,Beauty,1
C02793,3,4,734.55,183.6375,3,2.0,12.0,429.0,Books,0
C02794,0,1,150.59,150.59,1,2.0,84.0,377.0,Fashion,0
C02795,0,1,976.32,976.32,1,2.0,79.0,391.0,Electronics,0
C02796,0,3,457.82,152.60666666666665,2,1.0,49.0,385.0,Beauty,0
C02797,0,0,0.0,0.0,0,0.0,196.0,419.0,unknown,0
C02798,0,1,156.15,156.15,1,2.0,67.0,399.0,Fashion,0
C02799,1,2,130.51,65.255,2,1.0,11.0,321.0,Electronics,1
C02800,0,1,307.41,307.41,1,1.0,46.0,391.0,Electronics,1
C02801,0,1,52.98,52.98,1,1.0,88.0,88.0,Fashion,1
C02802,1,2,795.1700000000001,397.58500000000004,2,1.0,2.0,379.0,Books,0
C02803,2,6,608.24,101.37333333333333,5,1.6666666666666667,5.0,434.0,Electronics,1
C02804,0,1,142.13,142.13,1,3.0,88.0,450.0,Fashion,0
C02805,0,0,0.0,0.0,0,0.0,240.0,439.0,unknown,0
C02806,0,0,0.0,0.0,0,0.0,241.0,340.0,unknown,0
C02807,0,0,0.0,0.0,0,0.0,246.0,347.0,unknown,0
C02808,1,1,48.86,48.86,1,1.0,15.0,116.0,Grocery,0
C02809,0,0,0.0,0.0,0,0.0,100.0,448.0,unknown,0
C02810,1,4,508.14,127.035,4,1.75,4.0,421.0,Beauty,1
C02811,0,3,146.89,48.96333333333333,2,1.6666666666666667,32.0,444.0,Beauty,0
C02812,0,0,0.0,0.0,0,0.0,182.0,400.0,unknown,0
C02813,1,3,1193.55,397.84999999999997,2,1.6666666666666667,5.0,329.0,Fashion,1
C02814,1,1,46.26,46.26,1,1.0,13.0,338.0,Home,0
C02815,4,7,1176.77,168.10999999999999,4,1.2857142857142858,6.0,434.0,Beauty,1
C02816,0,0,0.0,0.0,0,0.0,116.0,431.0,unknown,1
C02817,0,0,0.0,0.0,0,0.0,174.0,244.0,unknown,0
C02818,0,1,52.13,52.13,1,3.0,66.0,356.0,Grocery,0
C02819,5,10,2993.07,299.307,7,2.1,5.0,316.0,Home,1
C02820,0,2,563.6,281.8,2,2.5,35.0,293.0,Home,0
C02821,0,0,0.0,0.0,0,0.0,206.0,446.0,unknown,0
C02822,0,1,622.79,622.79,1,2.0,57.0,370.0,Electronics,0
C02823,0,2,312.96000000000004,156.48000000000002,2,1.5,43.0,417.0,Home,0
C02824,0,0,0.0,0.0,0,0.0,91.0,275.0,unknown,0
C02825,0,0,0.0,0.0,0,0.0,92.0,386.0,unknown,0
C02826,1,1,220.68,220.68,1,1.0,17.0,401.0,Electronics,0
C02827,4,5,2082.54,416.508,3,3.0,1.0,269.0,Electronics,0
C02828,0,0,0.0,0.0,0,0.0,174.0,450.0,unknown,0
C02829,0,0,0.0,0.0,0,0.0,99.0,357.0,unknown,0
C02830,0,1,169.28,169.28,1,1.0,60.0,428.0,Home,1
C02831,0,0,0.0,0.0,0,0.0,116.0,357.0,unknown,0
C02832,1,4,3271.92,817.98,4,2.75,24.0,185.0,Beauty,1
C02833,4,8,4926.259999999999,615.7824999999999,5,2.0,0.0,226.0,Home,1
C02834,0,1,68.31,68.31,1,1.0,79.0,426.0,Sports,1
C02835,0,2,503.57000000000005,251.78500000000003,2,2.0,46.0,273.0,Books,0
C02836,0,0,0.0,0.0,0,0.0,136.0,441.0,unknown,1
C02837,0,1,25.93,25.93,1,1.0,81.0,306.0,Grocery,0
C02838,0,0,0.0,0.0,0,0.0,196.0,444.0,unknown,0
C02839,0,0,0.0,0.0,0,0.0,119.0,429.0,unknown,0
C02840,0,1,24.05,24.05,1,1.0,60.0,433.0,Toys,1
C02841,0,0,0.0,0.0,0,0.0,129.0,325.0,unknown,0
C02842,1,3,4271.24,1423.7466666666667,2,2.0,29.0,407.0,Electronics,0
C02843,0,2,249.23,124.615,2,1.0,78.0,360.0,Fashion,1
C02844,0,0,0.0,0.0,0,0.0,171.0,421.0,unknown,0
C02845,0,0,0.0,0.0,0,0.0,323.0,422.0,unknown,0
C02846,0,2,262.93,131.465,2,1.5,33.0,220.0,Fashion,0
C02847,0,0,0.0,0.0,0,0.0,91.0,440.0,unknown,0
C02848,0,1,35.38,35.38,1,1.0,56.0,448.0,Beauty,0
C02849,1,4,146.6,36.65,3,1.25,0.0,258.0,Grocery,0
C02850,0,1,83.15,83.15,1,1.0,78.0,405.0,Fashion,0
C02851,0,0,0.0,0.0,0,0.0,381.0,395.0,unknown,0
C02852,0,0,0.0,0.0,0,0.0,111.0,229.0,unknown,0
C02853,0,0,0.0,0.0,0,0.0,213.0,251.0,unknown,0
C02854,0,0,0.0,0.0,0,0.0,263.0,329.0,unknown,0
C02855,0,0,0.0,0.0,0,0.0,113.0,392.0,unknown,1
C02856,0,2,227.32999999999998,113.66499999999999,2,2.0,44.0,428.0,Books,1
C02857,0,1,74.07,74.07,1,2.0,40.0,359.0,Books,0
C02858,1,3,2353.23,784.41,2,2.0,0.0,405.0,Electronics,1
C02859,0,1,83.79,83.79,1,1.0,56.0,405.0,Fashion,0
C02860,1,4,2198.61,549.6525,3,2.5,12.0,385.0,Electronics,0
C02861,0,1,393.54,393.54,1,1.0,35.0,356.0,Home,0
C02862,0,0,0.0,0.0,0,0.0,102.0,410.0,unknown,0
C02863,0,0,0.0,0.0,0,0.0,224.0,389.0,unknown,0
C02864,0,1,91.62,91.62,1,1.0,79.0,317.0,Fashion,0
C02865,0,2,1149.13,574.565,2,4.5,64.0,308.0,Home,0
C02866,0,0,0.0,0.0,0,0.0,102.0,410.0,unknown,0
C02867,1,1,102.19,102.19,1,1.0,26.0,295.0,Fashion,0
C02868,1,2,711.69,355.845,1,1.0,10.0,415.0,Electronics,0
C02869,1,1,61.47,61.47,1,4.0,8.0,347.0,Beauty,1
C02870,0,1,35.92,35.92,1,1.0,80.0,427.0,Beauty,0
C02871,0,1,874.14,874.14,1,3.0,64.0,364.0,Electronics,0
C02872,0,0,0.0,0.0,0,0.0,253.0,321.0,unknown,1
C02873,0,4,214.09,53.5225,3,1.5,34.0,405.0,Fashion,0
C02874,0,0,0.0,0.0,0,0.0,199.0,322.0,unknown,0
C02875,1,1,82.36,82.36,1,2.0,29.0,444.0,Grocery,1
C02876,0,0,0.0,0.0,0,0.0,193.0,445.0,unknown,0
C02877,0,0,0.0,0.0,0,0.0,150.0,421.0,unknown,0
C02878,1,3,1219.3400000000001,406.4466666666667,3,2.0,12.0,348.0,Beauty,0
C02879,1,2,118.14999999999999,59.074999999999996,1,2.0,21.0,338.0,Grocery,0
C02880,1,3,590.05,196.6833333333333,2,2.0,16.0,432.0,Grocery,0
C02881,1,1,21.17,21.17,1,1.0,23.0,349.0,Books,0
C02882,1,4,482.85,120.7125,3,1.25,27.0,430.0,Sports,1
C02883,0,3,941.9200000000001,313.97333333333336,2,1.3333333333333333,38.0,408.0,Electronics,0
C02884,0,0,0.0,0.0,0,0.0,92.0,131.0,unknown,0
C02885,0,1,218.31,218.31,1,2.0,32.0,445.0,Fashion,0
C02886,0,0,0.0,0.0,0,0.0,269.0,451.0,unknown,0
C02887,4,5,1652.98,330.596,4,2.0,0.0,418.0,Grocery,0
C02888,0,1,102.26,102.26,1,1.0,88.0,435.0,Sports,0
C02889,0,1,74.96,74.96,1,2.0,40.0,331.0,Beauty,0
C02890,1,2,165.69,82.845,2,1.0,15.0,443.0,Fashion,1
C02891,1,2,148.98000000000002,74.49000000000001,1,1.5,21.0,446.0,Beauty,1
C02892,0,1,60.47,60.47,1,1.0,83.0,421.0,Beauty,0
C02893,0,0,0.0,0.0,0,0.0,335.0,335.0,unknown,0
C02894,0,0,0.0,0.0,0,0.0,226.0,362.0,unknown,0
C02895,0,2,398.46000000000004,199.23000000000002,2,1.0,46.0,449.0,Electronics,0
C02896,0,0,0.0,0.0,0,0.0,184.0,429.0,unknown,1
C02897,0,0,0.0,0.0,0,0.0,266.0,266.0,unknown,0
C02898,1,1,21.06,21.06,1,1.0,29.0,439.0,Books,0
C02899,0,0,0.0,0.0,0,0.0,127.0,279.0,unknown,0
C02900,0,2,466.18,233.09,2,1.0,45.0,295.0,Electronics,1
C02901,0,0,0.0,0.0,0,0.0,141.0,426.0,unknown,0
C02902,0,2,97.34,48.67,2,1.0,45.0,338.0,Beauty,0
C02903,1,2,846.94,423.47,1,1.0,12.0,441.0,Electronics,1
C02904,0,0,0.0,0.0,0,0.0,221.0,440.0,unknown,1
C02905,0,0,0.0,0.0,0,0.0,219.0,452.0,unknown,0
C02906,0,1,79.71,79.71,1,1.0,64.0,317.0,Beauty,0
C02907,1,3,585.4,195.13333333333333,2,1.3333333333333333,17.0,440.0,Beauty,1
C02908,1,4,715.49,178.8725,3,1.25,19.0,352.0,Fashion,0
C02909,0,0,0.0,0.0,0,0.0,102.0,275.0,unknown,1
C02910,0,0,0.0,0.0,0,0.0,102.0,391.0,unknown,0
C02911,0,1,68.59,68.59,1,2.0,72.0,340.0,Beauty,0
C02912,0,0,0.0,0.0,0,0.0,93.0,308.0,unknown,1
C02913,0,0,0.0,0.0,0,0.0,177.0,179.0,unknown,0
C02914,1,2,891.91,445.955,2,1.0,1.0,387.0,Electronics,0
C02915,2,2,5635.12,2817.56,2,2.0,27.0,187.0,Electronics,1
C02916,1,2,263.97,131.985,2,1.5,10.0,448.0,Beauty,1
C02917,0,0,0.0,0.0,0,0.0,298.0,367.0,unknown,0
C02918,1,1,30.17,30.17,1,1.0,21.0,201.0,Beauty,0
C02919,1,2,59.04,29.52,2,1.0,3.0,452.0,Beauty,0
C02920,2,2,217.66000000000003,108.83000000000001,2,2.0,17.0,386.0,Beauty,0
C02921,0,0,0.0,0.0,0,0.0,156.0,391.0,unknown,1
C02922,2,4,580.0799999999999,145.01999999999998,4,1.25,14.0,451.0,Beauty,1
C02923,1,6,1223.6100000000001,203.93500000000003,3,1.3333333333333333,13.0,423.0,Grocery,0
C02924,0,2,573.8199999999999,286.90999999999997,2,2.5,44.0,366.0,Books,0
C02925,0,1,48.06,48.06,1,1.0,76.0,414.0,Beauty,0
C02926,0,0,0.0,0.0,0,0.0,241.0,391.0,unknown,0
C02927,1,3,564.13,188.04333333333332,3,1.6666666666666667,9.0,434.0,Electronics,0
C02928,0,1,53.31,53.31,1,1.0,74.0,403.0,Books,0
C02929,0,0,0.0,0.0,0,0.0,339.0,413.0,unknown,0
C02930,0,0,0.0,0.0,0,0.0,268.0,354.0,unknown,0
C02931,0,1,847.22,847.22,1,1.0,78.0,419.0,Electronics,1
C02932,0,0,0.0,0.0,0,0.0,206.0,441.0,unknown,0
C02933,1,2,586.7,293.35,2,1.5,3.0,402.0,Fashion,0
C02934,0,1,15.73,15.73,1,1.0,36.0,409.0,Grocery,0
C02935,0,1,60.46,60.46,1,1.0,52.0,395.0,Fashion,0
C02936,0,1,317.39,317.39,1,1.0,84.0,333.0,Electronics,1
C02937,0,0,0.0,0.0,0,0.0,391.0,391.0,unknown,0
C02938,1,3,596.12,198.70666666666668,3,1.0,19.0,451.0,Beauty,1
C02939,0,0,0.0,0.0,0,0.0,335.0,429.0,unknown,0
C02940,0,1,359.11,359.11,1,4.0,88.0,409.0,Electronics,0
C02941,2,2,90.5,45.25,2,1.5,6.0,321.0,Beauty,0
C02942,0,0,0.0,0.0,0,0.0,324.0,419.0,unknown,0
C02943,0,3,256.69,85.56333333333333,3,2.3333333333333335,64.0,437.0,Fashion,0
C02944,1,1,53.54,53.54,1,1.0,19.0,447.0,Grocery,0
C02945,0,0,0.0,0.0,0,0.0,177.0,437.0,unknown,0
C02946,0,1,156.74,156.74,1,3.0,68.0,330.0,Beauty,1
C02947,0,0,0.0,0.0,0,0.0,304.0,413.0,unknown,0
C02948,0,3,135.02,45.00666666666667,3,1.3333333333333333,49.0,439.0,Beauty,0
C02949,0,0,0.0,0.0,0,0.0,138.0,411.0,unknown,0
C02950,0,2,207.72,103.86,2,1.0,40.0,370.0,Fashion,0
C02951,0,1,73.13,73.13,1,1.0,59.0,351.0,Fashion,0
C02952,0,2,232.56,116.28,2,1.0,37.0,356.0,Fashion,1
C02953,2,5,1169.36,233.87199999999999,4,1.4,10.0,375.0,Fashion,1
C02954,0,1,193.53,193.53,1,1.0,45.0,379.0,Fashion,0
C02955,1,3,147.41,49.13666666666666,2,1.0,11.0,292.0,Beauty,0
C02956,0,1,106.31,106.31,1,1.0,64.0,422.0,Fashion,0
C02957,0,3,176.24,58.74666666666667,2,2.3333333333333335,42.0,370.0,Books,0
C02958,1,1,203.06,203.06,1,1.0,8.0,443.0,Fashion,0
C02959,0,0,0.0,0.0,0,0.0,141.0,444.0,unknown,0
C02960,1,3,1198.46,399.4866666666667,3,2.0,6.0,388.0,Books,1
C02961,1,3,1138.32,379.44,3,2.6666666666666665,18.0,258.0,Beauty,1
C02962,0,2,143.7,71.85,2,1.5,46.0,444.0,Beauty,0
C02963,1,2,161.85,80.925,2,1.0,19.0,451.0,Sports,1
C02964,0,1,167.58,167.58,1,1.0,55.0,344.0,Electronics,0
C02965,0,0,0.0,0.0,0,0.0,201.0,399.0,unknown,0
C02966,1,4,143.99,35.9975,2,1.75,19.0,221.0,Grocery,0
C02967,0,0,0.0,0.0,0,0.0,160.0,452.0,unknown,0
C02968,0,0,0.0,0.0,0,0.0,251.0,444.0,unknown,0
C02969,0,3,566.8,188.9333333333333,2,1.3333333333333333,31.0,300.0,Home,0
C02970,0,0,0.0,0.0,0,0.0,320.0,443.0,unknown,0
C02971,1,1,1536.47,1536.47,1,2.0,0.0,362.0,Electronics,1
C02972,1,2,140.18,70.09,2,2.0,2.0,445.0,Beauty,0
C02973,5,7,1042.54,148.93428571428572,4,1.2857142857142858,16.0,450.0,Sports,1
C02974,1,4,313.79,78.4475,3,1.25,27.0,381.0,Grocery,1
C02975,0,0,0.0,0.0,0,0.0,178.0,367.0,unknown,0
C02976,1,2,388.87,194.435,2,2.0,27.0,229.0,Beauty,0
C02977,0,1,708.33,708.33,1,3.0,80.0,295.0,Sports,1
C02978,0,0,0.0,0.0,0,0.0,158.0,377.0,unknown,0
C02979,1,3,161.0,53.666666666666664,2,1.0,29.0,394.0,Sports,0
C02980,0,0,0.0,0.0,0,0.0,128.0,420.0,unknown,0
C02981,0,1,42.24,42.24,1,1.0,39.0,408.0,Toys,1
C02982,0,0,0.0,0.0,0,0.0,327.0,376.0,unknown,0
C02983,3,5,225.66,45.132,3,1.2,9.0,386.0,Fashion,0
C02984,0,1,145.94,145.94,1,3.0,37.0,304.0,Toys,0
C02985,1,3,198.70999999999998,66.23666666666666,3,2.0,12.0,435.0,Fashion,0
C02986,0,0,0.0,0.0,0,0.0,355.0,414.0,unknown,0
C02987,0,1,106.03,106.03,1,1.0,60.0,427.0,Electronics,0
C02988,0,0,0.0,0.0,0,0.0,308.0,416.0,unknown,0
C02989,1,2,40.23,20.115,2,1.0,0.0,349.0,Fashion,0
C02990,1,2,447.95,223.975,2,1.5,24.0,419.0,Beauty,0
C02991,0,2,135.34,67.67,2,2.5,48.0,375.0,Beauty,0
C02992,1,3,2270.2400000000002,756.7466666666668,3,1.6666666666666667,10.0,420.0,Electronics,0
C02993,0,0,0.0,0.0,0,0.0,367.0,438.0,unknown,0
C02994,0,0,0.0,0.0,0,0.0,95.0,387.0,unknown,0
C02995,0,0,0.0,0.0,0,0.0,125.0,420.0,unknown,1
C02996,0,1,849.45,849.45,1,2.0,62.0,412.0,Electronics,0
C02997,0,0,0.0,0.0,0,0.0,110.0,392.0,unknown,0
C02998,0,0,0.0,0.0,0,0.0,316.0,450.0,unknown,0
C02999,0,0,0.0,0.0,0,0.0,95.0,285.0,unknown,0
C03000,1,2,79.99,39.995,2,1.0,25.0,445.0,Beauty,1
C03001,0,1,51.98,51.98,1,1.0,52.0,358.0,Fashion,0
C03002,1,3,884.0899999999999,294.69666666666666,3,2.6666666666666665,18.0,367.0,Beauty,0
C03003,0,0,0.0,0.0,0,0.0,176.0,438.0,unknown,0
C03004,0,1,63.44,63.44,1,1.0,71.0,398.0,Beauty,0
C03005,4,11,3018.7400000000002,274.4309090909091,4,1.3636363636363635,3.0,446.0,Sports,1
C03006,0,0,0.0,0.0,0,0.0,128.0,263.0,unknown,0
C03007,0,0,0.0,0.0,0,0.0,383.0,383.0,unknown,0
C03008,2,4,313.95,78.4875,4,1.0,4.0,401.0,Beauty,1
C03009,0,2,378.91,189.455,2,2.5,80.0,295.0,Grocery,0
C03010,0,0,0.0,0.0,0,0.0,155.0,168.0,unknown,0
C03011,0,1,26.75,26.75,1,1.0,63.0,451.0,Grocery,0
C03012,0,2,171.67000000000002,85.83500000000001,2,1.0,38.0,273.0,Beauty,1
C03013,1,1,28.51,28.51,1,1.0,2.0,176.0,Beauty,0
C03014,0,1,22.15,22.15,1,1.0,58.0,247.0,Grocery,0
C03015,0,0,0.0,0.0,0,0.0,160.0,446.0,unknown,0
C03016,0,2,305.74,152.87,2,2.0,37.0,444.0,Fashion,1
C03017,0,2,51.42,25.71,2,1.0,37.0,353.0,Beauty,0
C03018,3,3,602.25,200.75,3,1.6666666666666667,12.0,434.0,Electronics,1
C03019,0,0,0.0,0.0,0,0.0,150.0,448.0,unknown,0
C03020,0,0,0.0,0.0,0,0.0,279.0,386.0,unknown,0
C03021,0,0,0.0,0.0,0,0.0,160.0,442.0,unknown,0
C03022,0,0,0.0,0.0,0,0.0,146.0,315.0,unknown,0
C03023,0,5,2918.5,583.7,4,2.6,34.0,389.0,Electronics,0
C03024,0,1,29.42,29.42,1,1.0,62.0,420.0,Beauty,0
C03025,0,0,0.0,0.0,0,0.0,207.0,440.0,unknown,0
C03026,0,0,0.0,0.0,0,0.0,159.0,452.0,unknown,1
C03027,0,0,0.0,0.0,0,0.0,297.0,446.0,unknown,0
C03028,0,1,50.04,50.04,1,2.0,89.0,412.0,Grocery,1
C03029,0,0,0.0,0.0,0,0.0,138.0,388.0,unknown,0
C03030,0,0,0.0,0.0,0,0.0,312.0,312.0,unknown,0
C03031,0,0,0.0,0.0,0,0.0,139.0,417.0,unknown,0
C03032,0,1,15.31,15.31,1,1.0,67.0,398.0,Books,0
C03033,0,0,0.0,0.0,0,0.0,226.0,450.0,unknown,0
C03034,0,1,96.35,96.35,1,3.0,63.0,356.0,Grocery,0
C03035,0,0,0.0,0.0,0,0.0,106.0,336.0,unknown,0
C03036,0,0,0.0,0.0,0,0.0,151.0,429.0,unknown,0
C03037,0,0,0.0,0.0,0,0.0,143.0,386.0,unknown,0
C03038,4,7,275.74,39.39142857142857,4,1.1428571428571428,14.0,440.0,Grocery,1
C03039,0,0,0.0,0.0,0,0.0,123.0,425.0,unknown,0
C03040,0,3,392.93,130.97666666666666,2,2.3333333333333335,39.0,342.0,Books,0
C03041,0,0,0.0,0.0,0,0.0,159.0,427.0,unknown,0
C03042,0,0,0.0,0.0,0,0.0,147.0,397.0,unknown,0
C03043,0,1,38.66,38.66,1,1.0,57.0,398.0,Grocery,0
C03044,0,2,1085.22,542.61,2,2.0,54.0,324.0,Electronics,0
C03045,0,0,0.0,0.0,0,0.0,230.0,440.0,unknown,0
C03046,0,1,377.69,377.69,1,1.0,82.0,416.0,Electronics,0
C03047,1,1,1145.98,1145.98,1,3.0,4.0,311.0,Electronics,0
C03048,0,0,0.0,0.0,0,0.0,90.0,426.0,unknown,0
C03049,1,1,25.21,25.21,1,1.0,1.0,360.0,Beauty,1
C03050,0,0,0.0,0.0,0,0.0,163.0,356.0,unknown,0
C03051,4,6,755.11,125.85166666666667,5,1.5,12.0,394.0,Fashion,1
C03052,1,3,136.5,45.5,2,1.3333333333333333,7.0,431.0,Beauty,0
C03053,0,1,125.63,125.63,1,2.0,54.0,433.0,Sports,0
C03054,1,1,57.96,57.96,1,2.0,0.0,409.0,Grocery,0
C03055,0,0,0.0,0.0,0,0.0,119.0,408.0,unknown,0
C03056,0,2,465.01,232.505,2,1.0,45.0,357.0,Electronics,1
C03057,0,1,302.66,302.66,1,1.0,82.0,252.0,Electronics,0
C03058,0,1,424.94,424.94,1,4.0,64.0,395.0,Sports,1
C03059,1,1,75.64,75.64,1,1.0,13.0,434.0,Books,0
C03060,0,0,0.0,0.0,0,0.0,294.0,415.0,unknown,0
C03061,0,1,48.05,48.05,1,3.0,69.0,299.0,Beauty,0
C03062,2,3,2080.95,693.65,3,1.3333333333333333,3.0,299.0,Electronics,1
C03063,0,0,0.0,0.0,0,0.0,207.0,384.0,unknown,0
C03064,1,1,167.97,167.97,1,1.0,7.0,385.0,Home,0
C03065,0,0,0.0,0.0,0,0.0,217.0,383.0,unknown,0
C03066,1,2,705.6800000000001,352.84000000000003,2,1.5,25.0,298.0,Sports,0
C03067,1,3,1416.95,472.31666666666666,3,1.6666666666666667,8.0,283.0,Electronics,0
C03068,0,0,0.0,0.0,0,0.0,235.0,449.0,unknown,0
C03069,0,0,0.0,0.0,0,0.0,320.0,405.0,unknown,0
C03070,0,1,718.76,718.76,1,2.0,62.0,357.0,Home,1
C03071,0,1,338.87,338.87,1,2.0,38.0,432.0,Electronics,1
C03072,0,0,0.0,0.0,0,0.0,101.0,436.0,unknown,0
C03073,1,3,311.54,103.84666666666668,3,2.0,8.0,420.0,Books,1
C03074,0,2,306.24,153.12,2,1.5,63.0,413.0,Electronics,1
C03075,2,2,328.44,164.22,2,1.5,23.0,425.0,Beauty,0
C03076,0,0,0.0,0.0,0,0.0,195.0,323.0,unknown,0
C03077,0,0,0.0,0.0,0,0.0,201.0,364.0,unknown,0
C03078,0,1,135.29,135.29,1,1.0,39.0,444.0,Home,0
C03079,0,0,0.0,0.0,0,0.0,171.0,372.0,unknown,0
C03080,0,0,0.0,0.0,0,0.0,118.0,427.0,unknown,0
C03081,0,0,0.0,0.0,0,0.0,255.0,359.0,unknown,0
C03082,0,0,0.0,0.0,0,0.0,111.0,288.0,unknown,0
C03083,0,0,0.0,0.0,0,0.0,92.0,427.0,unknown,1
C03084,0,2,81.94,40.97,2,1.0,46.0,429.0,Books,1
C03085,0,0,0.0,0.0,0,0.0,98.0,195.0,unknown,0
C03086,0,0,0.0,0.0,0,0.0,208.0,450.0,unknown,0
C03087,0,0,0.0,0.0,0,0.0,439.0,439.0,unknown,0
C03088,0,0,0.0,0.0,0,0.0,94.0,392.0,unknown,1
C03089,1,2,641.6700000000001,320.83500000000004,2,1.5,1.0,322.0,Home,0
C03090,0,1,90.68,90.68,1,1.0,55.0,55.0,Beauty,0
C03091,1,1,158.21,158.21,1,2.0,25.0,402.0,Beauty,1
C03092,1,1,338.66,338.66,1,2.0,12.0,376.0,Fashion,0
C03093,2,2,395.05,197.525,2,2.5,3.0,452.0,Beauty,1
C03094,0,1,15.97,15.97,1,1.0,76.0,420.0,Grocery,0
C03095,1,2,825.1700000000001,412.58500000000004,1,2.5,29.0,415.0,Sports,1
C03096,1,4,421.28000000000003,105.32000000000001,3,1.0,20.0,436.0,Fashion,0
C03097,1,2,26.310000000000002,13.155000000000001,1,1.0,4.0,359.0,Grocery,1
C03098,0,0,0.0,0.0,0,0.0,217.0,445.0,unknown,0
C03099,0,0,0.0,0.0,0,0.0,155.0,407.0,unknown,0
C03100,0,3,302.24,100.74666666666667,3,1.3333333333333333,73.0,413.0,Books,1
C03101,0,1,187.73,187.73,1,1.0,32.0,440.0,Sports,0
C03102,0,0,0.0,0.0,0,0.0,349.0,349.0,unknown,0
C03103,0,0,0.0,0.0,0,0.0,167.0,435.0,unknown,0
C03104,0,0,0.0,0.0,0,0.0,146.0,393.0,unknown,1
C03105,0,1,204.38,204.38,1,1.0,85.0,367.0,Home,0
C03106,0,0,0.0,0.0,0,0.0,127.0,408.0,unknown,1
C03107,0,0,0.0,0.0,0,0.0,132.0,419.0,unknown,0
C03108,1,1,103.66,103.66,1,1.0,21.0,353.0,Fashion,0
C03109,0,0,0.0,0.0,0,0.0,197.0,429.0,unknown,0
C03110,2,2,1101.76,550.88,2,2.5,16.0,332.0,Home,0
C03111,0,0,0.0,0.0,0,0.0,148.0,148.0,unknown,0
C03112,0,0,0.0,0.0,0,0.0,244.0,446.0,unknown,0
C03113,0,0,0.0,0.0,0,0.0,179.0,353.0,unknown,0
C03114,0,2,179.72000000000003,89.86000000000001,2,1.0,50.0,382.0,Beauty,1
C03115,2,3,370.53000000000003,123.51,2,1.0,0.0,361.0,Home,0
C03116,0,3,316.22,105.40666666666668,3,1.0,54.0,422.0,Beauty,0
C03117,1,1,1029.87,1029.87,1,2.0,28.0,352.0,Electronics,1
C03118,1,6,888.84,148.14000000000001,4,1.3333333333333333,26.0,450.0,Electronics,1
C03119,0,0,0.0,0.0,0,0.0,151.0,439.0,unknown,0
C03120,0,0,0.0,0.0,0,0.0,100.0,429.0,unknown,0
C03121,0,3,120.55,40.18333333333333,3,1.0,42.0,429.0,Beauty,1
C03122,0,0,0.0,0.0,0,0.0,214.0,423.0,unknown,0
C03123,0,0,0.0,0.0,0,0.0,214.0,435.0,unknown,0
C03124,1,2,1047.23,523.615,2,2.0,19.0,347.0,Electronics,1
C03125,0,0,0.0,0.0,0,0.0,108.0,443.0,unknown,0
C03126,0,0,0.0,0.0,0,0.0,250.0,431.0,unknown,0
C03127,0,1,165.88,165.88,1,1.0,80.0,327.0,Home,0
C03128,0,1,248.42,248.42,1,1.0,77.0,443.0,Sports,1
C03129,0,1,115.54,115.54,1,1.0,52.0,357.0,Fashion,0
C03130,0,0,0.0,0.0,0,0.0,114.0,435.0,unknown,1
C03131,0,0,0.0,0.0,0,0.0,271.0,412.0,unknown,0
C03132,2,3,516.06,172.01999999999998,3,1.6666666666666667,2.0,433.0,Beauty,0
C03133,1,2,168.32,84.16,2,1.5,26.0,433.0,Beauty,0
C03134,0,0,0.0,0.0,0,0.0,120.0,447.0,unknown,1
C03135,0,0,0.0,0.0,0,0.0,,,unknown,1
C03136,0,2,169.43,84.715,2,1.0,38.0,367.0,Grocery,1
C03137,0,1,305.03,305.03,1,1.0,85.0,384.0,Electronics,0
C03138,1,2,871.15,435.575,2,1.5,29.0,429.0,Beauty,1
C03139,4,6,878.29,146.38166666666666,4,1.6666666666666667,2.0,438.0,Books,0
C03140,0,0,0.0,0.0,0,0.0,148.0,424.0,unknown,0
C03141,0,0,0.0,0.0,0,0.0,177.0,283.0,unknown,0
C03142,2,6,769.3199999999999,128.22,3,1.1666666666666667,27.0,448.0,Grocery,1
C03143,0,0,0.0,0.0,0,0.0,143.0,407.0,unknown,0
C03144,2,4,1048.1,262.025,4,1.25,20.0,449.0,Beauty,0
C03145,0,1,85.96,85.96,1,2.0,41.0,395.0,Books,0
C03146,0,0,0.0,0.0,0,0.0,249.0,395.0,unknown,0
C03147,0,4,1440.9,360.225,4,1.25,48.0,402.0,Books,0
C03148,0,0,0.0,0.0,0,0.0,108.0,438.0,unknown,0
C03149,0,1,40.02,40.02,1,1.0,50.0,435.0,Grocery,0
C03150,0,0,0.0,0.0,0,0.0,153.0,433.0,unknown,0
C03151,0,1,92.24,92.24,1,1.0,44.0,446.0,Home,0
C03152,0,1,73.06,73.06,1,1.0,74.0,417.0,Fashion,0
C03153,0,0,0.0,0.0,0,0.0,232.0,373.0,unknown,0
C03154,0,4,361.18,90.295,3,1.0,40.0,431.0,Beauty,1
C03155,0,0,0.0,0.0,0,0.0,275.0,424.0,unknown,0
C03156,0,3,749.21,249.73666666666668,3,1.6666666666666667,44.0,446.0,Electronics,0
C03157,0,1,104.64,104.64,1,1.0,41.0,359.0,Electronics,0
C03158,1,2,128.11,64.055,1,1.5,7.0,417.0,Fashion,1
C03159,0,0,0.0,0.0,0,0.0,191.0,401.0,unknown,0
C03160,0,0,0.0,0.0,0,0.0,102.0,391.0,unknown,0
C03161,0,1,221.02,221.02,1,1.0,89.0,416.0,Home,0
C03162,0,1,210.81,210.81,1,1.0,44.0,399.0,Sports,1
C03163,3,6,596.9,99.48333333333333,5,1.1666666666666667,10.0,439.0,Beauty,0
C03164,1,3,470.88,156.96,3,1.0,25.0,351.0,Beauty,0
C03165,0,1,502.7,502.7,1,1.0,87.0,390.0,Electronics,0
C03166,0,1,360.88,360.88,1,1.0,73.0,428.0,Electronics,0
C03167,4,6,913.49,152.24833333333333,4,1.1666666666666667,3.0,432.0,Electronics,0
C03168,0,0,0.0,0.0,0,0.0,413.0,413.0,unknown,0
C03169,1,3,472.86,157.62,3,2.0,1.0,452.0,Beauty,1
C03170,0,1,16.0,16.0,1,2.0,52.0,408.0,Beauty,0
C03171,0,1,77.36,77.36,1,1.0,37.0,386.0,Home,1
C03172,0,3,350.37,116.79,2,2.6666666666666665,57.0,447.0,Beauty,0
C03173,2,2,73.62,36.81,2,1.5,8.0,406.0,Beauty,0
C03174,1,2,400.36,200.18,2,1.5,0.0,357.0,Fashion,0
C03175,2,2,784.32,392.16,2,2.0,24.0,423.0,Books,0
C03176,0,0,0.0,0.0,0,0.0,97.0,444.0,unknown,1
C03177,0,0,0.0,0.0,0,0.0,119.0,354.0,unknown,0
C03178,0,0,0.0,0.0,0,0.0,324.0,404.0,unknown,0
C03179,2,4,218.59,54.6475,4,1.75,16.0,443.0,Fashion,0
C03180,0,0,0.0,0.0,0,0.0,178.0,439.0,unknown,0
C03181,1,2,182.35999999999999,91.17999999999999,2,2.0,6.0,400.0,Beauty,0
C03182,0,0,0.0,0.0,0,0.0,280.0,398.0,unknown,0
C03183,0,1,30.83,30.83,1,1.0,64.0,293.0,Beauty,0
C03184,1,3,562.29,187.42999999999998,3,2.0,29.0,446.0,Electronics,1
C03185,1,3,1678.25,559.4166666666666,3,3.3333333333333335,18.0,448.0,Electronics,0
C03186,0,4,507.24,126.81,3,2.0,38.0,428.0,Fashion,1
C03187,0,1,203.94,203.94,1,2.0,63.0,389.0,Fashion,0
C03188,0,1,25.62,25.62,1,1.0,41.0,429.0,Grocery,0
C03189,0,1,28.63,28.63,1,1.0,59.0,418.0,Toys,1
C03190,0,1,58.66,58.66,1,1.0,88.0,402.0,Fashion,0
C03191,0,0,0.0,0.0,0,0.0,174.0,405.0,unknown,0
C03192,2,7,1231.92,175.98857142857145,5,1.4285714285714286,16.0,449.0,Books,1
C03193,1,3,704.75,234.91666666666666,2,2.6666666666666665,28.0,298.0,Home,0
C03194,1,1,91.93,91.93,1,1.0,10.0,378.0,Sports,0
C03195,0,2,131.54000000000002,65.77000000000001,2,1.5,54.0,340.0,Books,1
C03196,0,0,0.0,0.0,0,0.0,148.0,444.0,unknown,0
C03197,1,2,395.98,197.99,2,1.0,1.0,88.0,Electronics,0
C03198,0,1,94.01,94.01,1,1.0,89.0,412.0,Toys,1
C03199,3,12,2183.23,181.93583333333333,5,1.6666666666666667,15.0,418.0,Fashion,0
C03200,0,1,216.82,216.82,1,1.0,77.0,385.0,Sports,0
C03201,0,4,874.15,218.5375,4,1.75,53.0,435.0,Beauty,1
C03202,0,0,0.0,0.0,0,0.0,294.0,294.0,unknown,0
C03203,0,0,0.0,0.0,0,0.0,171.0,174.0,unknown,0
C03204,1,1,27.24,27.24,1,1.0,5.0,432.0,Grocery,1
C03205,1,2,64.1,32.05,1,1.5,27.0,382.0,Beauty,0
C03206,0,1,1666.34,1666.34,1,1.0,33.0,334.0,Electronics,0
C03207,1,4,483.97,120.9925,4,1.25,16.0,436.0,Electronics,1
C03208,5,7,805.27,115.03857142857143,5,1.2857142857142858,1.0,385.0,Beauty,1
C03209,0,3,563.74,187.91333333333333,3,2.3333333333333335,44.0,430.0,Beauty,1
C03210,0,3,887.3599999999999,295.78666666666663,3,1.0,30.0,451.0,Electronics,1
C03211,0,0,0.0,0.0,0,0.0,235.0,420.0,unknown,0
C03212,0,1,46.79,46.79,1,1.0,72.0,373.0,Beauty,1
C03213,1,8,1291.63,161.45375,5,2.0,24.0,438.0,Electronics,1
C03214,0,0,0.0,0.0,0,0.0,136.0,370.0,unknown,0
C03215,0,0,0.0,0.0,0,0.0,100.0,434.0,unknown,0
C03216,0,0,0.0,0.0,0,0.0,181.0,435.0,unknown,0
C03217,0,0,0.0,0.0,0,0.0,146.0,448.0,unknown,0
C03218,1,6,2550.2799999999997,425.0466666666666,5,1.5,16.0,449.0,Grocery,0
C03219,0,0,0.0,0.0,0,0.0,219.0,403.0,unknown,0
C03220,0,0,0.0,0.0,0,0.0,266.0,373.0,unknown,0
C03221,0,0,0.0,0.0,0,0.0,205.0,427.0,unknown,0
C03222,1,5,1009.66,201.932,5,2.2,14.0,423.0,Beauty,0
C03223,0,0,0.0,0.0,0,0.0,294.0,374.0,unknown,0
C03224,0,0,0.0,0.0,0,0.0,97.0,251.0,unknown,0
C03225,1,6,689.14,114.85666666666667,4,1.3333333333333333,2.0,450.0,Books,1
C03226,0,0,0.0,0.0,0,0.0,143.0,315.0,unknown,0
C03227,0,1,17.47,17.47,1,1.0,54.0,358.0,Books,0
C03228,0,1,44.51,44.51,1,4.0,70.0,440.0,Beauty,0
C03229,0,1,50.82,50.82,1,1.0,49.0,439.0,Fashion,0
C03230,0,1,219.47,219.47,1,5.0,89.0,242.0,Beauty,0
C03231,0,2,555.99,277.995,2,1.0,51.0,172.0,Electronics,1
C03232,0,0,0.0,0.0,0,0.0,119.0,406.0,unknown,1
C03233,1,1,19.51,19.51,1,1.0,25.0,426.0,Grocery,0
C03234,0,1,32.6,32.6,1,1.0,51.0,426.0,Grocery,0
C03235,1,5,628.31,125.66199999999999,5,1.0,23.0,417.0,Books,1
C03236,0,1,27.86,27.86,1,1.0,66.0,399.0,Beauty,1
C03237,0,1,13.5,13.5,1,1.0,87.0,448.0,Books,1
C03238,0,0,0.0,0.0,0,0.0,217.0,406.0,unknown,0
C03239,0,0,0.0,0.0,0,0.0,326.0,391.0,unknown,0
C03240,0,0,0.0,0.0,0,0.0,148.0,399.0,unknown,0
C03241,1,1,50.07,50.07,1,2.0,10.0,421.0,Grocery,0
C03242,0,1,66.72,66.72,1,1.0,48.0,410.0,Fashion,0
C03243,0,2,624.2,312.1,2,3.0,32.0,366.0,Books,0
C03244,0,0,0.0,0.0,0,0.0,265.0,438.0,unknown,0
C03245,0,1,38.86,38.86,1,1.0,48.0,452.0,Toys,0
C03246,0,3,268.13,89.37666666666667,2,1.0,31.0,335.0,Beauty,0
C03247,0,0,0.0,0.0,0,0.0,176.0,391.0,unknown,0
C03248,0,4,1179.54,294.885,2,1.0,56.0,347.0,Electronics,0
C03249,0,1,32.81,32.81,1,1.0,74.0,402.0,Beauty,0
C03250,1,5,6317.75,1263.55,4,3.0,1.0,330.0,Electronics,0
C03251,0,0,0.0,0.0,0,0.0,113.0,326.0,unknown,0
C03252,1,2,182.70999999999998,91.35499999999999,1,1.0,2.0,196.0,Home,0
C03253,0,0,0.0,0.0,0,0.0,333.0,436.0,unknown,0
C03254,0,1,888.05,888.05,1,2.0,83.0,357.0,Electronics,0
C03255,0,1,90.11,90.11,1,3.0,39.0,407.0,Grocery,1
C03256,0,3,421.43,140.47666666666666,3,2.0,31.0,388.0,Books,1
C03257,3,7,648.51,92.64428571428572,3,1.4285714285714286,0.0,451.0,Beauty,0
C03258,0,0,0.0,0.0,0,0.0,180.0,379.0,unknown,0
C03259,0,1,31.8,31.8,1,1.0,84.0,351.0,Beauty,0
C03260,1,2,252.3,126.15,2,1.0,3.0,428.0,Grocery,0
C03261,3,10,710.6600000000001,71.066,3,1.2,9.0,446.0,Fashion,1
C03262,0,3,539.16,179.72,3,2.0,50.0,292.0,Fashion,1
C03263,5,7,739.12,105.58857142857143,4,1.5714285714285714,0.0,427.0,Fashion,0
C03264,1,3,2583.11,861.0366666666667,3,3.3333333333333335,21.0,327.0,Books,1
C03265,0,0,0.0,0.0,0,0.0,143.0,399.0,unknown,0
C03266,0,0,0.0,0.0,0,0.0,295.0,388.0,unknown,0
C03267,0,0,0.0,0.0,0,0.0,280.0,437.0,unknown,0
C03268,1,3,292.66999999999996,97.55666666666666,3,1.0,28.0,382.0,Beauty,0
C03269,0,1,25.7,25.7,1,1.0,55.0,317.0,Grocery,0
C03270,1,3,545.9200000000001,181.97333333333336,3,1.6666666666666667,0.0,431.0,Beauty,0
C03271,1,2,2208.41,1104.205,2,2.0,28.0,354.0,Electronics,1
C03272,1,1,66.81,66.81,1,1.0,28.0,392.0,Toys,0
C03273,1,3,238.35000000000002,79.45,3,1.3333333333333333,22.0,394.0,Fashion,1
C03274,0,0,0.0,0.0,0,0.0,99.0,355.0,unknown,0
C03275,0,1,104.15,104.15,1,1.0,51.0,405.0,Home,1
C03276,0,1,47.43,47.43,1,1.0,82.0,432.0,Sports,0
C03277,0,0,0.0,0.0,0,0.0,95.0,364.0,unknown,0
C03278,3,4,654.95,163.7375,4,1.5,15.0,341.0,Electronics,0
C03279,0,0,0.0,0.0,0,0.0,293.0,293.0,unknown,0
C03280,3,6,455.12,75.85333333333334,3,1.1666666666666667,4.0,447.0,Grocery,1
C03281,0,0,0.0,0.0,0,0.0,117.0,395.0,unknown,1
C03282,0,2,95.71000000000001,47.855000000000004,2,1.0,78.0,380.0,Books,0
C03283,0,0,0.0,0.0,0,0.0,247.0,438.0,unknown,0
C03284,0,1,54.8,54.8,1,1.0,30.0,393.0,Fashion,1
C03285,0,0,0.0,0.0,0,0.0,196.0,450.0,unknown,0
C03286,0,1,46.8,46.8,1,1.0,80.0,407.0,Grocery,0
C03287,0,2,390.22,195.11,2,2.0,54.0,253.0,Books,0
C03288,1,3,1882.72,627.5733333333334,1,2.0,7.0,344.0,Electronics,0
C03289,2,2,429.78000000000003,214.89000000000001,2,1.0,5.0,405.0,Electronics,0
C03290,0,2,1114.72,557.36,2,1.5,73.0,333.0,Home,0
C03291,0,1,139.85,139.85,1,1.0,86.0,413.0,Home,0
C03292,0,0,0.0,0.0,0,0.0,141.0,351.0,unknown,0
C03293,0,1,623.37,623.37,1,2.0,70.0,407.0,Home,0
C03294,0,3,267.20000000000005,89.06666666666668,3,1.6666666666666667,42.0,119.0,Beauty,1
C03295,1,1,249.88,249.88,1,1.0,19.0,334.0,Home,1
C03296,1,2,68.35,34.175,2,1.5,18.0,349.0,Beauty,0
C03297,0,0,0.0,0.0,0,0.0,240.0,380.0,unknown,0
C03298,1,2,318.07,159.035,2,1.0,27.0,184.0,Electronics,0
C03299,5,5,4553.93,910.7860000000001,3,2.0,11.0,359.0,Electronics,1
C03300,1,4,536.35,134.0875,3,1.5,20.0,448.0,Grocery,0
C03301,1,2,756.51,378.255,1,2.0,5.0,411.0,Electronics,0
C03302,0,0,0.0,0.0,0,0.0,247.0,444.0,unknown,0
C03303,0,0,0.0,0.0,0,0.0,409.0,428.0,unknown,0
C03304,1,3,296.87,98.95666666666666,2,1.6666666666666667,23.0,412.0,Fashion,0
C03305,1,3,355.71999999999997,118.57333333333332,2,1.0,21.0,417.0,Grocery,0
C03306,1,2,564.3499999999999,282.17499999999995,2,1.5,21.0,391.0,Fashion,0
C03307,0,0,0.0,0.0,0,0.0,103.0,397.0,unknown,1
C03308,2,9,1392.75,154.75,6,1.4444444444444444,1.0,418.0,Fashion,1
C03309,1,1,132.4,132.4,1,1.0,22.0,428.0,Home,0
C03310,0,1,330.1,330.1,1,2.0,32.0,372.0,Home,1
C03311,2,5,313.28999999999996,62.657999999999994,5,1.0,6.0,410.0,Beauty,0
C03312,0,1,159.04,159.04,1,2.0,69.0,355.0,Fashion,0
C03313,0,4,245.88,61.47,4,1.25,39.0,400.0,Books,1
C03314,1,2,280.53,140.265,2,1.5,21.0,403.0,Electronics,1
C03315,0,0,0.0,0.0,0,0.0,308.0,428.0,unknown,0
C03316,0,1,194.42,194.42,1,1.0,64.0,447.0,Fashion,1
C03317,0,1,117.78,117.78,1,1.0,45.0,407.0,Toys,1
C03318,0,4,225.96,56.49,4,1.5,44.0,426.0,Beauty,1
C03319,1,1,367.7,367.7,1,3.0,9.0,405.0,Fashion,0
C03320,0,0,0.0,0.0,0,0.0,219.0,401.0,unknown,0
C03321,1,3,270.59000000000003,90.19666666666667,3,1.3333333333333333,25.0,439.0,Beauty,1
C03322,1,1,772.17,772.17,1,1.0,19.0,337.0,Electronics,0
C03323,0,2,120.03999999999999,60.019999999999996,2,1.0,72.0,303.0,Fashion,0
C03324,1,3,706.1600000000001,235.38666666666668,3,1.6666666666666667,10.0,429.0,Beauty,0
C03325,0,1,110.08,110.08,1,1.0,50.0,376.0,Fashion,0
C03326,0,2,311.59,155.795,2,1.0,45.0,430.0,Home,0
C03327,0,1,292.14,292.14,1,1.0,44.0,378.0,Electronics,0
C03328,0,0,0.0,0.0,0,0.0,221.0,336.0,unknown,1
C03329,0,0,0.0,0.0,0,0.0,160.0,400.0,unknown,0
C03330,0,1,486.46,486.46,1,1.0,56.0,228.0,Electronics,0
C03331,2,4,608.93,152.2325,4,1.25,21.0,411.0,Beauty,0
C03332,0,0,0.0,0.0,0,0.0,432.0,432.0,unknown,0
C03333,1,4,450.01,112.5025,4,1.25,0.0,435.0,Beauty,1
C03334,0,0,0.0,0.0,0,0.0,291.0,444.0,unknown,0
C03335,0,0,0.0,0.0,0,0.0,252.0,435.0,unknown,0
C03336,0,0,0.0,0.0,0,0.0,175.0,407.0,unknown,0
C03337,0,2,146.26,73.13,2,1.0,47.0,422.0,Beauty,0
C03338,0,1,36.07,36.07,1,1.0,53.0,264.0,Beauty,0
C03339,0,0,0.0,0.0,0,0.0,271.0,377.0,unknown,0
C03340,0,2,123.87,61.935,2,1.5,30.0,447.0,Beauty,1
C03341,0,0,0.0,0.0,0,0.0,252.0,378.0,unknown,0
C03342,0,0,0.0,0.0,0,0.0,251.0,306.0,unknown,0
C03343,0,3,955.8400000000001,318.6133333333334,3,2.0,43.0,449.0,Beauty,1
C03344,0,2,363.0,181.5,2,3.0,56.0,110.0,Fashion,0
C03345,1,3,384.32,128.10666666666665,3,1.6666666666666667,28.0,407.0,Beauty,1
C03346,0,1,42.24,42.24,1,1.0,63.0,420.0,Fashion,0
C03347,0,0,0.0,0.0,0,0.0,99.0,357.0,unknown,1
C03348,1,2,1514.1,757.05,2,2.5,4.0,400.0,Home,1
C03349,0,1,80.0,80.0,1,1.0,47.0,413.0,Books,0
C03350,0,0,0.0,0.0,0,0.0,443.0,443.0,unknown,0
C03351,3,4,153.67,38.4175,2,1.0,18.0,451.0,Beauty,1
C03352,2,6,482.78,80.46333333333332,4,1.1666666666666667,4.0,449.0,Books,1
C03353,0,1,68.28,68.28,1,1.0,68.0,401.0,Grocery,1
C03354,0,0,0.0,0.0,0,0.0,98.0,448.0,unknown,0
C03355,1,3,5166.13,1722.0433333333333,2,2.0,12.0,362.0,Electronics,1
C03356,0,0,0.0,0.0,0,0.0,368.0,441.0,unknown,0
C03357,1,1,161.81,161.81,1,1.0,3.0,424.0,Home,0
C03358,1,2,174.76,87.38,2,1.0,17.0,335.0,Beauty,1
C03359,0,0,0.0,0.0,0,0.0,180.0,427.0,unknown,0
C03360,1,1,59.37,59.37,1,1.0,10.0,388.0,Sports,0
C03361,0,0,0.0,0.0,0,0.0,114.0,428.0,unknown,0
C03362,0,0,0.0,0.0,0,0.0,390.0,390.0,unknown,0
C03363,0,0,0.0,0.0,0,0.0,97.0,118.0,unknown,0
C03364,1,3,956.6199999999999,318.8733333333333,3,2.6666666666666665,19.0,357.0,Beauty,1
C03365,0,1,118.99,118.99,1,2.0,51.0,413.0,Books,0
C03366,0,0,0.0,0.0,0,0.0,241.0,419.0,unknown,0
C03367,0,1,136.0,136.0,1,2.0,84.0,433.0,Toys,0
C03368,0,2,282.88,141.44,2,1.0,39.0,413.0,Fashion,1
C03369,0,1,58.12,58.12,1,1.0,83.0,422.0,Fashion,1
C03370,0,0,0.0,0.0,0,0.0,107.0,445.0,unknown,0
C03371,1,2,261.71,130.855,2,1.5,22.0,373.0,Books,1
C03372,1,3,368.99,122.99666666666667,3,2.0,13.0,337.0,Beauty,0
C03373,0,1,384.68,384.68,1,1.0,59.0,389.0,Electronics,0
C03374,0,0,0.0,0.0,0,0.0,122.0,258.0,unknown,0
C03375,0,0,0.0,0.0,0,0.0,109.0,353.0,unknown,0
C03376,2,3,1316.01,438.67,2,2.0,11.0,364.0,Sports,0
C03377,1,2,94.28,47.14,2,2.5,6.0,399.0,Beauty,1
C03378,0,0,0.0,0.0,0,0.0,133.0,348.0,unknown,0
C03379,0,0,0.0,0.0,0,0.0,118.0,330.0,unknown,0
C03380,0,0,0.0,0.0,0,0.0,148.0,367.0,unknown,0
C03381,0,0,0.0,0.0,0,0.0,293.0,424.0,unknown,0
C03382,0,1,260.0,260.0,1,1.0,52.0,393.0,Sports,0
C03383,0,0,0.0,0.0,0,0.0,144.0,449.0,unknown,0
C03384,0,2,200.76,100.38,2,2.0,52.0,262.0,Grocery,0
C03385,0,0,0.0,0.0,0,0.0,243.0,392.0,unknown,0
C03386,1,3,304.31,101.43666666666667,3,1.3333333333333333,28.0,432.0,Books,1
C03387,0,2,1462.91,731.455,2,2.0,50.0,450.0,Electronics,0
C03388,2,2,104.88,52.44,2,1.0,1.0,446.0,Books,1
C03389,0,0,0.0,0.0,0,0.0,96.0,315.0,unknown,0
C03390,0,0,0.0,0.0,0,0.0,132.0,407.0,unknown,0
C03391,1,2,266.48,133.24,2,2.0,1.0,443.0,Books,0
C03392,0,0,0.0,0.0,0,0.0,122.0,372.0,unknown,0
C03393,1,2,606.18,303.09,2,2.0,22.0,426.0,Fashion,0
C03394,6,13,1855.6100000000001,142.73923076923077,6,1.9230769230769231,0.0,440.0,Fashion,1
C03395,2,4,1448.8,362.2,4,2.25,16.0,293.0,Beauty,0
C03396,1,2,365.38,182.69,2,1.0,25.0,419.0,Beauty,0
C03397,0,3,501.03999999999996,167.01333333333332,3,1.0,73.0,388.0,Electronics,1
C03398,1,2,640.3399999999999,320.16999999999996,2,1.5,28.0,439.0,Books,1
C03399,0,1,536.69,536.69,1,1.0,46.0,444.0,Electronics,0
C03400,0,0,0.0,0.0,0,0.0,95.0,377.0,unknown,0
C03401,1,1,89.64,89.64,1,1.0,17.0,390.0,Fashion,1
C03402,1,3,368.29,122.76333333333334,3,2.0,12.0,168.0,Fashion,0
C03403,0,1,202.88,202.88,1,1.0,65.0,419.0,Home,0
C03404,0,0,0.0,0.0,0,0.0,138.0,354.0,unknown,0
C03405,0,0,0.0,0.0,0,0.0,140.0,192.0,unknown,0
C03406,2,2,126.33,63.165,2,1.5,0.0,372.0,Fashion,0
C03407,2,3,327.41,109.13666666666667,3,2.3333333333333335,15.0,384.0,Fashion,0
C03408,0,0,0.0,0.0,0,0.0,191.0,393.0,unknown,0
C03409,1,1,100.36,100.36,1,1.0,17.0,327.0,Toys,1
C03410,0,0,0.0,0.0,0,0.0,132.0,406.0,unknown,0
C03411,1,1,29.42,29.42,1,1.0,1.0,385.0,Grocery,1
C03412,3,4,891.91,222.9775,4,1.75,10.0,405.0,Beauty,0
C03413,0,0,0.0,0.0,0,0.0,114.0,407.0,unknown,1
C03414,0,2,89.04,44.52,2,1.0,73.0,409.0,Beauty,0
C03415,0,0,0.0,0.0,0,0.0,263.0,448.0,unknown,0
C03416,0,0,0.0,0.0,0,0.0,260.0,402.0,unknown,0
C03417,0,0,0.0,0.0,0,0.0,116.0,377.0,unknown,0
C03418,1,1,12.68,12.68,1,1.0,0.0,394.0,Grocery,0
C03419,0,1,300.78,300.78,1,1.0,37.0,404.0,Home,1
C03420,0,0,0.0,0.0,0,0.0,212.0,408.0,unknown,1
C03421,0,2,137.3,68.65,2,1.5,45.0,249.0,Electronics,0
C03422,0,0,0.0,0.0,0,0.0,250.0,442.0,unknown,0
C03423,0,2,105.94999999999999,52.974999999999994,2,1.5,52.0,427.0,Beauty,0
C03424,0,3,1414.83,471.60999999999996,2,2.0,55.0,356.0,Electronics,0
C03425,0,2,68.34,34.17,1,2.0,37.0,446.0,Grocery,1
C03426,0,0,0.0,0.0,0,0.0,146.0,370.0,unknown,0
C03427,2,5,1295.72,259.144,3,1.8,10.0,447.0,Electronics,1
C03428,0,0,0.0,0.0,0,0.0,100.0,310.0,unknown,1
C03429,1,1,17.67,17.67,1,1.0,22.0,311.0,Grocery,1
C03430,0,0,0.0,0.0,0,0.0,138.0,401.0,unknown,0
C03431,2,3,340.75,113.58333333333333,2,1.6666666666666667,17.0,407.0,Sports,0
C03432,0,0,0.0,0.0,0,0.0,255.0,255.0,unknown,1
C03433,0,2,134.16,67.08,1,1.5,55.0,318.0,Grocery,0
C03434,0,1,31.92,31.92,1,1.0,86.0,448.0,Books,0
C03435,2,2,343.02,171.51,2,1.0,5.0,449.0,Electronics,0
C03436,0,2,499.05,249.525,1,2.0,37.0,319.0,Sports,0
C03437,0,0,0.0,0.0,0,0.0,152.0,396.0,unknown,0
C03438,0,0,0.0,0.0,0,0.0,371.0,449.0,unknown,0
C03439,0,0,0.0,0.0,0,0.0,309.0,382.0,unknown,1
C03440,1,3,305.14,101.71333333333332,3,1.3333333333333333,22.0,400.0,Books,1
C03441,0,0,0.0,0.0,0,0.0,108.0,447.0,unknown,0
C03442,0,0,0.0,0.0,0,0.0,131.0,392.0,unknown,0
C03443,1,2,70.78999999999999,35.394999999999996,2,1.0,12.0,446.0,Grocery,1
C03444,0,0,0.0,0.0,0,0.0,301.0,377.0,unknown,0
C03445,2,5,912.36,182.472,5,1.2,1.0,412.0,Beauty,1
C03446,0,0,0.0,0.0,0,0.0,286.0,434.0,unknown,0
C03447,1,2,442.28,221.14,2,1.5,25.0,390.0,Fashion,1
C03448,0,0,0.0,0.0,0,0.0,122.0,409.0,unknown,0
C03449,0,0,0.0,0.0,0,0.0,266.0,428.0,unknown,0
C03450,0,1,32.28,32.28,1,2.0,39.0,286.0,Grocery,1
C03451,0,0,0.0,0.0,0,0.0,108.0,388.0,unknown,0
C03452,2,3,1025.18,341.7266666666667,3,3.6666666666666665,12.0,392.0,Beauty,0
C03453,2,8,747.5999999999999,93.44999999999999,3,2.125,16.0,441.0,Fashion,1
C03454,3,6,1001.55,166.92499999999998,4,1.8333333333333333,3.0,439.0,Fashion,1
C03455,0,2,498.86,249.43,1,1.5,70.0,437.0,Electronics,1
C03456,1,1,420.0,420.0,1,1.0,3.0,425.0,Home,1
C03457,0,1,94.63,94.63,1,4.0,75.0,429.0,Toys,0
C03458,0,4,433.21999999999997,108.30499999999999,3,1.25,41.0,412.0,Grocery,0
C03459,1,5,697.41,139.482,5,1.2,28.0,422.0,Books,0
C03460,0,0,0.0,0.0,0,0.0,92.0,244.0,unknown,0
C03461,1,7,3444.54,492.07714285714286,4,1.8571428571428572,28.0,352.0,Electronics,1
C03462,1,2,306.49,153.245,2,1.0,11.0,391.0,Electronics,1
C03463,0,2,93.44,46.72,2,1.5,58.0,422.0,Fashion,1
C03464,0,0,0.0,0.0,0,0.0,276.0,438.0,unknown,0
C03465,0,0,0.0,0.0,0,0.0,125.0,383.0,unknown,0
C03466,0,0,0.0,0.0,0,0.0,356.0,369.0,unknown,1
C03467,1,2,76.04,38.02,2,1.0,17.0,400.0,Grocery,0
C03468,0,0,0.0,0.0,0,0.0,182.0,442.0,unknown,0
C03469,0,0,0.0,0.0,0,0.0,238.0,439.0,unknown,0
C03470,0,0,0.0,0.0,0,0.0,106.0,160.0,unknown,0
C03471,0,0,0.0,0.0,0,0.0,132.0,350.0,unknown,1
C03472,0,2,427.09999999999997,213.54999999999998,2,1.0,43.0,407.0,Home,1
C03473,2,4,554.05,138.5125,4,1.25,13.0,441.0,Beauty,0
C03474,1,2,2140.63,1070.315,1,2.5,19.0,334.0,Electronics,1
C03475,0,1,97.41,97.41,1,2.0,79.0,388.0,Fashion,0
C03476,0,1,211.94,211.94,1,3.0,88.0,435.0,Books,1
C03477,0,0,0.0,0.0,0,0.0,213.0,351.0,unknown,0
C03478,0,0,0.0,0.0,0,0.0,167.0,285.0,unknown,0
C03479,0,4,985.5999999999999,246.39999999999998,3,1.75,53.0,440.0,Home,0
C03480,1,2,194.95999999999998,97.47999999999999,2,2.0,21.0,441.0,Grocery,1
C03481,0,2,1332.29,666.145,2,2.0,67.0,311.0,Home,1
C03482,0,0,0.0,0.0,0,0.0,95.0,393.0,unknown,0
C03483,1,3,1921.65,640.5500000000001,2,1.6666666666666667,9.0,349.0,Electronics,0
C03484,0,0,0.0,0.0,0,0.0,106.0,421.0,unknown,1
C03485,2,2,66.97,33.485,2,1.0,1.0,372.0,Fashion,0
C03486,0,0,0.0,0.0,0,0.0,275.0,377.0,unknown,1
C03487,1,3,568.5,189.5,3,1.0,3.0,411.0,Electronics,1
C03488,0,1,70.0,70.0,1,1.0,62.0,260.0,Grocery,0
C03489,0,0,0.0,0.0,0,0.0,309.0,436.0,unknown,0
C03490,2,4,1349.29,337.3225,4,2.25,2.0,313.0,Electronics,1
C03491,0,1,297.86,297.86,1,2.0,58.0,389.0,Home,0
C03492,0,1,327.69,327.69,1,1.0,89.0,424.0,Electronics,1
C03493,0,0,0.0,0.0,0,0.0,200.0,445.0,unknown,0
C03494,0,2,896.27,448.135,2,2.0,61.0,445.0,Electronics,1
C03495,3,6,863.77,143.96166666666667,4,1.6666666666666667,11.0,438.0,Beauty,1
C03496,1,1,131.22,131.22,1,1.0,7.0,109.0,Fashion,0
C03497,2,6,371.13,61.855,5,1.1666666666666667,13.0,358.0,Grocery,1
C03498,0,1,55.47,55.47,1,1.0,33.0,140.0,Fashion,0
C03499,0,0,0.0,0.0,0,0.0,439.0,439.0,unknown,0
C03500,0,2,66.66,33.33,2,1.0,76.0,394.0,Books,0
C03501,3,10,8775.15,877.515,6,2.5,7.0,390.0,Electronics,1
C03502,0,1,24.34,24.34,1,1.0,59.0,194.0,Beauty,0
C03503,0,4,443.47999999999996,110.86999999999999,3,1.25,34.0,390.0,Sports,0
C03504,0,3,1258.73,419.57666666666665,3,1.6666666666666667,79.0,373.0,Electronics,1
C03505,0,1,49.0,49.0,1,1.0,88.0,425.0,Books,0
C03506,0,2,71.96000000000001,35.980000000000004,1,1.0,72.0,383.0,Beauty,1
C03507,2,4,1288.16,322.04,2,1.0,24.0,291.0,Electronics,1
C03508,0,1,257.86,257.86,1,2.0,51.0,288.0,Home,0
C03509,0,0,0.0,0.0,0,0.0,121.0,438.0,unknown,1
C03510,0,0,0.0,0.0,0,0.0,111.0,284.0,unknown,0
C03511,3,6,693.23,115.53833333333334,5,1.1666666666666667,0.0,451.0,Books,1
C03512,0,1,23.45,23.45,1,1.0,43.0,389.0,Books,0
C03513,0,0,0.0,0.0,0,0.0,128.0,367.0,unknown,0
C03514,0,0,0.0,0.0,0,0.0,216.0,451.0,unknown,0
C03515,0,1,101.6,101.6,1,1.0,80.0,243.0,Fashion,0
C03516,0,0,0.0,0.0,0,0.0,108.0,398.0,unknown,1
C03517,0,1,189.85,189.85,1,1.0,67.0,342.0,Home,0
C03518,0,1,124.18,124.18,1,3.0,35.0,377.0,Beauty,0
C03519,0,1,612.22,612.22,1,1.0,76.0,443.0,Electronics,0
C03520,0,0,0.0,0.0,0,0.0,128.0,366.0,unknown,0
C03521,0,2,96.89,48.445,1,1.0,72.0,103.0,Grocery,1
C03522,0,0,0.0,0.0,0,0.0,375.0,407.0,unknown,0
C03523,1,4,313.3,78.325,3,1.5,18.0,443.0,Beauty,1
C03524,0,0,0.0,0.0,0,0.0,226.0,450.0,unknown,0
C03525,1,1,109.73,109.73,1,2.0,8.0,450.0,Fashion,0
C03526,0,2,650.03,325.015,2,2.0,46.0,322.0,Electronics,0
C03527,0,2,229.56,114.78,2,2.0,77.0,452.0,Books,1
C03528,2,4,336.51,84.1275,3,1.75,23.0,408.0,Fashion,0
C03529,0,1,188.38,188.38,1,1.0,74.0,394.0,Electronics,0
C03530,1,5,1884.2400000000002,376.84800000000007,5,1.8,1.0,401.0,Electronics,1
C03531,2,7,976.41,139.48714285714286,6,1.2857142857142858,7.0,451.0,Sports,1
C03532,0,3,66.55,22.183333333333334,2,1.3333333333333333,33.0,446.0,Grocery,1
C03533,2,4,2091.13,522.7825,3,2.0,14.0,434.0,Home,1
C03534,1,1,80.32,80.32,1,1.0,0.0,427.0,Sports,1
C03535,0,0,0.0,0.0,0,0.0,108.0,358.0,unknown,0
C03536,1,2,64.48,32.24,2,1.0,12.0,397.0,Books,0
C03537,0,0,0.0,0.0,0,0.0,90.0,420.0,unknown,0
C03538,0,0,0.0,0.0,0,0.0,139.0,435.0,unknown,0
C03539,1,5,523.28,104.65599999999999,4,1.6,25.0,450.0,Beauty,0
C03540,0,0,0.0,0.0,0,0.0,193.0,399.0,unknown,0
C03541,0,0,0.0,0.0,0,0.0,164.0,394.0,unknown,1
C03542,0,2,598.75,299.375,1,1.5,62.0,254.0,Electronics,0
C03543,0,1,172.36,172.36,1,1.0,55.0,350.0,Fashion,1
C03544,0,0,0.0,0.0,0,0.0,217.0,422.0,unknown,0
C03545,0,0,0.0,0.0,0,0.0,295.0,431.0,unknown,0
C03546,0,2,205.73000000000002,102.86500000000001,2,1.0,70.0,224.0,Home,0
C03547,1,2,570.54,285.27,2,2.0,27.0,336.0,Beauty,0
C03548,0,2,564.71,282.355,1,2.0,74.0,318.0,Fashion,1
C03549,0,5,381.38,76.276,4,1.6,43.0,429.0,Beauty,1
C03550,3,5,585.2,117.04,4,1.0,11.0,450.0,Electronics,1
C03551,2,5,972.8,194.56,3,1.4,4.0,338.0,Electronics,1
C03552,1,2,603.7800000000001,301.89000000000004,2,1.0,13.0,403.0,Books,0
C03553,0,0,0.0,0.0,0,0.0,265.0,428.0,unknown,0
C03554,1,2,669.4200000000001,334.71000000000004,2,2.0,6.0,371.0,Fashion,0
C03555,0,0,0.0,0.0,0,0.0,287.0,416.0,unknown,0
C03556,0,0,0.0,0.0,0,0.0,98.0,383.0,unknown,0
C03557,4,5,2421.76,484.35200000000003,4,2.0,1.0,380.0,Electronics,1
C03558,0,3,156.06,52.02,2,1.0,32.0,397.0,Fashion,1
C03559,0,1,233.92,233.92,1,1.0,56.0,424.0,Home,1
C03560,2,3,282.53000000000003,94.17666666666668,3,1.0,8.0,400.0,Beauty,1
C03561,0,1,31.27,31.27,1,1.0,40.0,332.0,Beauty,0
C03562,0,0,0.0,0.0,0,0.0,276.0,414.0,unknown,0
C03563,1,1,34.95,34.95,1,1.0,20.0,396.0,Beauty,0
C03564,0,0,0.0,0.0,0,0.0,295.0,446.0,unknown,0
C03565,0,0,0.0,0.0,0,0.0,167.0,315.0,unknown,0
C03566,1,3,147.34,49.11333333333334,2,1.6666666666666667,12.0,430.0,Beauty,0
C03567,1,3,645.0699999999999,215.0233333333333,3,1.3333333333333333,28.0,401.0,Electronics,1
C03568,1,3,747.6899999999999,249.23,2,1.0,20.0,405.0,Home,1
C03569,1,3,200.97,66.99,2,1.0,19.0,397.0,Beauty,0
C03570,0,0,0.0,0.0,0,0.0,343.0,386.0,unknown,0
C03571,3,6,735.52,122.58666666666666,4,1.3333333333333333,12.0,417.0,Fashion,1
C03572,4,7,1069.6,152.79999999999998,6,1.2857142857142858,2.0,438.0,Fashion,1
C03573,0,0,0.0,0.0,0,0.0,289.0,414.0,unknown,0
C03574,0,0,0.0,0.0,0,0.0,132.0,382.0,unknown,1
C03575,0,0,0.0,0.0,0,0.0,284.0,432.0,unknown,0
C03576,0,0,0.0,0.0,0,0.0,179.0,437.0,unknown,0
C03577,0,0,0.0,0.0,0,0.0,137.0,311.0,unknown,0
C03578,0,0,0.0,0.0,0,0.0,103.0,450.0,unknown,0
C03579,0,0,0.0,0.0,0,0.0,179.0,320.0,unknown,0
C03580,2,2,100.99000000000001,50.495000000000005,1,1.0,1.0,434.0,Beauty,0
C03581,0,1,96.27,96.27,1,1.0,32.0,379.0,Fashion,1
C03582,0,2,222.85,111.425,2,2.5,33.0,306.0,Grocery,0
C03583,1,2,519.27,259.635,2,1.0,16.0,350.0,Beauty,0
C03584,1,1,36.03,36.03,1,1.0,20.0,102.0,Books,0
C03585,0,0,0.0,0.0,0,0.0,111.0,395.0,unknown,1
C03586,0,1,42.78,42.78,1,1.0,60.0,349.0,Books,0
C03587,0,0,0.0,0.0,0,0.0,130.0,397.0,unknown,0
C03588,5,7,6712.59,958.9414285714286,3,2.4285714285714284,15.0,396.0,Electronics,0
C03589,1,3,630.49,210.16333333333333,3,1.6666666666666667,28.0,273.0,Beauty,1
C03590,0,0,0.0,0.0,0,0.0,223.0,445.0,unknown,0
C03591,1,1,384.0,384.0,1,2.0,29.0,363.0,Sports,0
C03592,0,0,0.0,0.0,0,0.0,292.0,373.0,unknown,0
C03593,0,0,0.0,0.0,0,0.0,105.0,219.0,unknown,1
C03594,1,4,720.51,180.1275,4,1.0,9.0,435.0,Books,0
C03595,1,3,364.25,121.41666666666667,3,1.6666666666666667,8.0,452.0,Beauty,1
C03596,0,0,0.0,0.0,0,0.0,92.0,286.0,unknown,1
C03597,0,0,0.0,0.0,0,0.0,319.0,403.0,unknown,0
C03598,0,0,0.0,0.0,0,0.0,124.0,374.0,unknown,1
C03599,4,5,596.77,119.354,5,1.2,0.0,426.0,Beauty,1
C03600,0,0,0.0,0.0,0,0.0,100.0,237.0,unknown,1
C03601,0,0,0.0,0.0,0,0.0,210.0,401.0,unknown,0
C03602,2,3,185.03,61.67666666666667,3,2.0,1.0,444.0,Beauty,0
C03603,0,3,175.14,58.379999999999995,2,1.3333333333333333,40.0,317.0,Beauty,0
C03604,0,0,0.0,0.0,0,0.0,333.0,450.0,unknown,0
C03605,0,3,772.45,257.48333333333335,3,2.3333333333333335,36.0,433.0,Books,1
C03606,0,1,18.27,18.27,1,1.0,70.0,446.0,Beauty,1
C03607,2,9,892.81,99.2011111111111,5,1.5555555555555556,9.0,451.0,Sports,1
C03608,0,0,0.0,0.0,0,0.0,305.0,433.0,unknown,0
C03609,0,0,0.0,0.0,0,0.0,176.0,421.0,unknown,0
C03610,0,0,0.0,0.0,0,0.0,318.0,384.0,unknown,0
C03611,1,1,29.5,29.5,1,1.0,11.0,189.0,Books,0
C03612,0,1,72.17,72.17,1,1.0,77.0,432.0,Home,0
C03613,0,4,528.33,132.0825,4,1.5,33.0,388.0,Beauty,1
C03614,1,1,749.49,749.49,1,2.0,5.0,323.0,Electronics,0
C03615,0,3,510.22,170.07333333333335,3,1.0,34.0,378.0,Electronics,0
C03616,0,2,687.62,343.81,2,1.5,36.0,396.0,Electronics,0
C03617,0,0,0.0,0.0,0,0.0,217.0,337.0,unknown,0
C03618,1,4,524.87,131.2175,4,1.0,1.0,451.0,Books,1
C03619,0,0,0.0,0.0,0,0.0,192.0,449.0,unknown,0
C03620,2,4,281.28,70.32,4,1.5,6.0,448.0,Beauty,0
C03621,0,0,0.0,0.0,0,0.0,104.0,423.0,unknown,0
C03622,0,0,0.0,0.0,0,0.0,254.0,389.0,unknown,0
C03623,2,6,2117.23,352.87166666666667,3,2.5,18.0,356.0,Toys,0
C03624,1,1,52.84,52.84,1,1.0,27.0,346.0,Sports,0
C03625,0,0,0.0,0.0,0,0.0,445.0,445.0,unknown,0
C03626,0,1,219.03,219.03,1,1.0,59.0,355.0,Fashion,0
C03627,0,0,0.0,0.0,0,0.0,134.0,369.0,unknown,0
C03628,1,3,422.09000000000003,140.6966666666667,3,1.3333333333333333,26.0,375.0,Fashion,0
C03629,0,1,147.28,147.28,1,2.0,65.0,268.0,Fashion,0
C03630,0,0,0.0,0.0,0,0.0,265.0,413.0,unknown,0
C03631,1,3,363.48,121.16000000000001,3,1.0,8.0,444.0,Beauty,0
C03632,0,1,133.07,133.07,1,1.0,34.0,226.0,Home,0
C03633,1,2,116.65,58.325,2,1.0,2.0,439.0,Beauty,0
C03634,0,0,0.0,0.0,0,0.0,98.0,406.0,unknown,0
C03635,0,0,0.0,0.0,0,0.0,224.0,370.0,unknown,0
C03636,1,4,582.54,145.635,4,1.5,28.0,444.0,Electronics,1
C03637,0,0,0.0,0.0,0,0.0,197.0,372.0,unknown,0
C03638,0,0,0.0,0.0,0,0.0,205.0,443.0,unknown,0
C03639,0,1,182.91,182.91,1,4.0,38.0,381.0,Beauty,0
C03640,0,0,0.0,0.0,0,0.0,182.0,426.0,unknown,0
C03641,0,0,0.0,0.0,0,0.0,242.0,367.0,unknown,0
C03642,0,2,308.1,154.05,1,1.0,66.0,442.0,Home,0
C03643,1,1,12.87,12.87,1,1.0,8.0,367.0,Beauty,0
C03644,3,5,495.69,99.138,5,1.4,9.0,418.0,Books,1
C03645,0,1,91.3,91.3,1,1.0,32.0,419.0,Fashion,0
C03646,0,4,414.14,103.535,2,1.25,36.0,425.0,Grocery,0
C03647,0,0,0.0,0.0,0,0.0,148.0,436.0,unknown,0
C03648,0,0,0.0,0.0,0,0.0,247.0,430.0,unknown,0
C03649,0,0,0.0,0.0,0,0.0,117.0,442.0,unknown,0
C03650,0,0,0.0,0.0,0,0.0,97.0,385.0,unknown,0
C03651,0,0,0.0,0.0,0,0.0,176.0,420.0,unknown,0
C03652,0,0,0.0,0.0,0,0.0,108.0,396.0,unknown,0
C03653,0,0,0.0,0.0,0,0.0,122.0,450.0,unknown,0
C03654,0,0,0.0,0.0,0,0.0,126.0,444.0,unknown,0
C03655,0,0,0.0,0.0,0,0.0,220.0,449.0,unknown,0
C03656,2,3,401.02,133.67333333333332,3,1.3333333333333333,0.0,435.0,Grocery,0
C03657,0,1,504.8,504.8,1,2.0,42.0,450.0,Home,0
C03658,0,0,0.0,0.0,0,0.0,130.0,349.0,unknown,1
C03659,0,5,868.3,173.66,3,1.4,52.0,436.0,Fashion,0
C03660,5,9,969.3399999999999,107.70444444444443,7,1.1111111111111112,6.0,448.0,Electronics,1
C03661,0,1,15.32,15.32,1,1.0,71.0,429.0,Grocery,0
C03662,0,1,810.83,810.83,1,1.0,42.0,417.0,Electronics,0
C03663,1,2,520.43,260.215,1,1.0,5.0,440.0,Electronics,0
C03664,0,1,66.83,66.83,1,1.0,46.0,420.0,Fashion,0
C03665,0,0,0.0,0.0,0,0.0,224.0,446.0,unknown,0
C03666,0,5,1063.01,212.602,5,1.8,34.0,281.0,Beauty,1
C03667,0,0,0.0,0.0,0,0.0,215.0,415.0,unknown,0
C03668,1,2,1085.3500000000001,542.6750000000001,2,1.5,8.0,431.0,Beauty,0
C03669,1,1,117.34,117.34,1,1.0,17.0,442.0,Fashion,0
C03670,1,1,111.78,111.78,1,2.0,25.0,410.0,Fashion,0
C03671,0,0,0.0,0.0,0,0.0,186.0,444.0,unknown,0
C03672,0,1,61.06,61.06,1,1.0,36.0,444.0,Sports,0
C03673,0,0,0.0,0.0,0,0.0,297.0,428.0,unknown,0
C03674,0,1,27.08,27.08,1,1.0,88.0,448.0,Beauty,0
C03675,0,3,646.02,215.34,2,2.3333333333333335,44.0,362.0,Grocery,0
C03676,2,3,328.16,109.38666666666667,3,1.3333333333333333,2.0,428.0,Fashion,0
C03677,0,0,0.0,0.0,0,0.0,209.0,272.0,unknown,0
C03678,0,2,74.04,37.02,2,1.5,65.0,363.0,Books,0
C03679,0,0,0.0,0.0,0,0.0,312.0,444.0,unknown,0
C03680,0,0,0.0,0.0,0,0.0,122.0,445.0,unknown,1
C03681,0,0,0.0,0.0,0,0.0,214.0,304.0,unknown,0
C03682,0,1,904.12,904.12,1,4.0,48.0,451.0,Electronics,1
C03683,1,3,6298.2,2099.4,3,2.6666666666666665,3.0,389.0,Electronics,0
C03684,0,0,0.0,0.0,0,0.0,97.0,370.0,unknown,0
C03685,0,0,0.0,0.0,0,0.0,212.0,433.0,unknown,0
C03686,0,1,35.26,35.26,1,2.0,67.0,435.0,Grocery,1
C03687,0,0,0.0,0.0,0,0.0,241.0,420.0,unknown,0
C03688,0,0,0.0,0.0,0,0.0,191.0,442.0,unknown,0
C03689,1,3,308.89,102.96333333333332,2,2.0,3.0,403.0,Books,1
C03690,0,0,0.0,0.0,0,0.0,301.0,323.0,unknown,0
C03691,2,3,706.23,235.41,3,1.6666666666666667,10.0,363.0,Books,0
C03692,0,1,81.67,81.67,1,1.0,87.0,417.0,Sports,0
C03693,2,4,1484.31,371.0775,4,2.25,15.0,441.0,Books,1
C03694,0,0,0.0,0.0,0,0.0,132.0,442.0,unknown,0
C03695,0,0,0.0,0.0,0,0.0,151.0,248.0,unknown,0
C03696,0,4,1828.8300000000002,457.20750000000004,4,1.25,38.0,373.0,Beauty,1
C03697,0,0,0.0,0.0,0,0.0,168.0,434.0,unknown,0
C03698,0,1,31.26,31.26,1,1.0,79.0,356.0,Grocery,0
C03699,0,1,288.08,288.08,1,1.0,63.0,412.0,Electronics,0
C03700,0,0,0.0,0.0,0,0.0,92.0,386.0,unknown,1
C03701,0,1,49.06,49.06,1,1.0,31.0,400.0,Fashion,0
C03702,0,0,0.0,0.0,0,0.0,98.0,415.0,unknown,0
C03703,1,2,607.23,303.615,2,2.5,1.0,350.0,Fashion,0
C03704,1,2,393.35,196.675,2,1.0,16.0,376.0,Electronics,0
C03705,0,0,0.0,0.0,0,0.0,188.0,401.0,unknown,1
C03706,0,0,0.0,0.0,0,0.0,166.0,404.0,unknown,1
C03707,0,0,0.0,0.0,0,0.0,227.0,412.0,unknown,0
C03708,0,1,283.62,283.62,1,1.0,36.0,348.0,Home,0
C03709,2,3,429.8,143.26666666666668,2,1.0,20.0,339.0,Fashion,0
C03710,0,0,0.0,0.0,0,0.0,137.0,433.0,unknown,0
C03711,0,1,56.48,56.48,1,1.0,57.0,309.0,Fashion,0
C03712,0,0,0.0,0.0,0,0.0,195.0,381.0,unknown,0
C03713,0,0,0.0,0.0,0,0.0,231.0,301.0,unknown,0
C03714,0,0,0.0,0.0,0,0.0,125.0,439.0,unknown,0
C03715,0,2,298.80999999999995,149.40499999999997,2,1.0,48.0,383.0,Electronics,1
C03716,0,1,17.81,17.81,1,1.0,54.0,366.0,Beauty,1
C03717,1,3,325.3,108.43333333333334,3,1.0,13.0,441.0,Books,0
C03718,0,1,26.35,26.35,1,1.0,38.0,425.0,Beauty,0
C03719,1,3,131.95,43.98333333333333,3,1.0,2.0,408.0,Fashion,0
C03720,1,6,1793.7,298.95,5,2.0,8.0,349.0,Fashion,0
C03721,0,2,210.12,105.06,2,1.0,34.0,420.0,Grocery,0
C03722,2,3,1017.0500000000001,339.0166666666667,3,1.6666666666666667,22.0,449.0,Electronics,0
C03723,1,4,1732.08,433.02,3,1.25,13.0,422.0,Beauty,0
C03724,0,2,844.28,422.14,2,1.5,38.0,224.0,Fashion,0
C03725,0,1,170.46,170.46,1,3.0,63.0,350.0,Books,0
C03726,1,2,252.22,126.11,2,1.0,5.0,353.0,Fashion,1
C03727,0,0,0.0,0.0,0,0.0,119.0,324.0,unknown,0
C03728,0,0,0.0,0.0,0,0.0,128.0,434.0,unknown,0
C03729,0,0,0.0,0.0,0,0.0,102.0,371.0,unknown,0
C03730,0,0,0.0,0.0,0,0.0,106.0,205.0,unknown,0
C03731,0,1,44.57,44.57,1,1.0,33.0,341.0,Beauty,0
C03732,0,2,80.49000000000001,40.245000000000005,2,1.5,40.0,391.0,Beauty,1
C03733,0,0,0.0,0.0,0,0.0,124.0,427.0,unknown,0
C03734,0,1,14.75,14.75,1,1.0,48.0,340.0,Grocery,0
C03735,2,3,1388.5700000000002,462.85666666666674,3,1.6666666666666667,5.0,393.0,Beauty,0
C03736,0,1,32.33,32.33,1,1.0,67.0,380.0,Books,0
C03737,0,0,0.0,0.0,0,0.0,301.0,430.0,unknown,0
C03738,0,0,0.0,0.0,0,0.0,113.0,418.0,unknown,0
C03739,0,1,187.32,187.32,1,3.0,36.0,36.0,Books,0
C03740,0,3,1408.72,469.5733333333333,3,2.6666666666666665,37.0,371.0,Electronics,0
C03741,0,1,36.49,36.49,1,1.0,86.0,375.0,Beauty,0
C03742,0,0,0.0,0.0,0,0.0,140.0,392.0,unknown,0
C03743,2,2,73.67,36.835,2,3.5,3.0,434.0,Books,0
C03744,0,0,0.0,0.0,0,0.0,93.0,395.0,unknown,0
C03745,1,7,2530.15,361.45,6,2.2857142857142856,21.0,429.0,Home,1
C03746,0,1,98.58,98.58,1,2.0,68.0,177.0,Books,0
C03747,0,1,60.36,60.36,1,1.0,85.0,396.0,Sports,0
C03748,0,0,0.0,0.0,0,0.0,152.0,383.0,unknown,1
C03749,0,0,0.0,0.0,0,0.0,304.0,413.0,unknown,0
C03750,0,0,0.0,0.0,0,0.0,145.0,451.0,unknown,0
C03751,0,3,986.11,328.7033333333333,3,1.6666666666666667,54.0,382.0,Electronics,0
C03752,0,2,130.92000000000002,65.46000000000001,2,1.0,50.0,435.0,Fashion,0
C03753,1,5,1104.45,220.89000000000001,4,1.2,0.0,439.0,Home,0
C03754,0,0,0.0,0.0,0,0.0,114.0,380.0,unknown,0
C03755,1,1,221.06,221.06,1,2.0,14.0,296.0,Sports,1
C03756,0,0,0.0,0.0,0,0.0,275.0,414.0,unknown,0
C03757,0,0,0.0,0.0,0,0.0,139.0,430.0,unknown,0
C03758,0,0,0.0,0.0,0,0.0,104.0,446.0,unknown,0
C03759,0,0,0.0,0.0,0,0.0,153.0,438.0,unknown,0
C03760,1,1,23.63,23.63,1,1.0,19.0,433.0,Beauty,1
C03761,1,1,19.33,19.33,1,1.0,23.0,23.0,Books,1
C03762,0,0,0.0,0.0,0,0.0,108.0,410.0,unknown,0
C03763,1,8,855.7,106.9625,5,2.625,15.0,444.0,Beauty,1
C03764,0,0,0.0,0.0,0,0.0,197.0,322.0,unknown,0
C03765,0,0,0.0,0.0,0,0.0,188.0,448.0,unknown,0
C03766,0,1,35.61,35.61,1,1.0,47.0,433.0,Books,1
C03767,0,0,0.0,0.0,0,0.0,121.0,396.0,unknown,0
C03768,0,0,0.0,0.0,0,0.0,242.0,388.0,unknown,0
C03769,0,0,0.0,0.0,0,0.0,140.0,435.0,unknown,0
C03770,0,0,0.0,0.0,0,0.0,147.0,358.0,unknown,1
C03771,0,1,61.25,61.25,1,2.0,49.0,356.0,Beauty,0
C03772,2,3,508.44,169.48,2,1.0,4.0,249.0,Home,0
C03773,1,1,30.16,30.16,1,1.0,7.0,433.0,Books,0
C03774,0,0,0.0,0.0,0,0.0,201.0,404.0,unknown,1
C03775,1,1,34.03,34.03,1,1.0,7.0,365.0,Grocery,0
C03776,1,2,399.7,199.85,2,3.0,5.0,322.0,Grocery,1
C03777,0,1,115.84,115.84,1,1.0,61.0,403.0,Fashion,0
C03778,0,2,402.08000000000004,201.04000000000002,1,1.5,59.0,442.0,Fashion,0
C03779,0,0,0.0,0.0,0,0.0,228.0,264.0,unknown,0
C03780,0,1,275.18,275.18,1,1.0,37.0,376.0,Electronics,0
C03781,1,3,204.73999999999998,68.24666666666666,3,1.0,11.0,445.0,Beauty,0
C03782,0,0,0.0,0.0,0,0.0,106.0,369.0,unknown,0
C03783,0,1,87.48,87.48,1,3.0,74.0,360.0,Grocery,0
C03784,0,0,0.0,0.0,0,0.0,324.0,442.0,unknown,0
C03785,0,1,409.64,409.64,1,2.0,58.0,434.0,Electronics,0
C03786,0,0,0.0,0.0,0,0.0,114.0,374.0,unknown,0
C03787,1,1,12.75,12.75,1,1.0,0.0,380.0,Beauty,0
C03788,0,1,32.23,32.23,1,1.0,67.0,411.0,Grocery,1
C03789,0,0,0.0,0.0,0,0.0,108.0,433.0,unknown,0
C03790,0,0,0.0,0.0,0,0.0,118.0,401.0,unknown,0
C03791,0,0,0.0,0.0,0,0.0,359.0,359.0,unknown,0
C03792,0,0,0.0,0.0,0,0.0,207.0,413.0,unknown,0
C03793,0,2,130.73,65.365,2,1.0,78.0,436.0,Books,1
C03794,1,4,223.85,55.9625,3,1.0,23.0,437.0,Grocery,1
C03795,0,0,0.0,0.0,0,0.0,117.0,446.0,unknown,1
C03796,1,4,325.14,81.285,3,1.5,3.0,386.0,Fashion,0
C03797,0,1,10.58,10.58,1,1.0,61.0,450.0,Grocery,0
C03798,0,0,0.0,0.0,0,0.0,437.0,437.0,unknown,0
C03799,0,1,593.65,593.65,1,2.0,49.0,205.0,Electronics,0
C03800,0,0,0.0,0.0,0,0.0,334.0,428.0,unknown,0
C03801,1,2,277.74,138.87,2,1.5,7.0,437.0,Grocery,1
C03802,0,0,0.0,0.0,0,0.0,254.0,450.0,unknown,0
C03803,0,0,0.0,0.0,0,0.0,307.0,440.0,unknown,0
C03804,3,6,1606.8899999999999,267.815,4,1.8333333333333333,4.0,422.0,Electronics,1
C03805,1,2,183.71,91.855,2,1.0,14.0,442.0,Fashion,1
C03806,3,5,1154.1399999999999,230.82799999999997,4,1.4,25.0,438.0,Books,1
C03807,1,2,229.85000000000002,114.92500000000001,2,1.0,17.0,397.0,Electronics,0
C03808,0,0,0.0,0.0,0,0.0,141.0,181.0,unknown,0
C03809,0,1,69.88,69.88,1,1.0,86.0,378.0,Fashion,1
C03810,0,2,154.72,77.36,2,1.0,55.0,340.0,Books,0
C03811,1,3,1310.26,436.75333333333333,3,1.6666666666666667,19.0,329.0,Beauty,0
C03812,1,2,162.13,81.065,2,1.0,21.0,350.0,Grocery,1
C03813,0,0,0.0,0.0,0,0.0,142.0,422.0,unknown,0
C03814,2,7,531.42,75.91714285714285,5,1.1428571428571428,3.0,236.0,Sports,1
C03815,1,1,247.71,247.71,1,1.0,6.0,378.0,Home,0
C03816,0,0,0.0,0.0,0,0.0,213.0,445.0,unknown,0
C03817,0,2,721.48,360.74,2,2.5,36.0,333.0,Grocery,0
C03818,0,1,105.61,105.61,1,2.0,58.0,449.0,Beauty,0
C03819,2,2,1483.4499999999998,741.7249999999999,2,1.5,14.0,302.0,Electronics,0
C03820,1,2,393.98,196.99,2,2.0,11.0,447.0,Home,1
C03821,0,0,0.0,0.0,0,0.0,100.0,276.0,unknown,0
C03822,0,1,47.81,47.81,1,1.0,68.0,281.0,Beauty,0
C03823,0,0,0.0,0.0,0,0.0,125.0,272.0,unknown,0
C03824,0,2,200.06,100.03,2,1.0,49.0,426.0,Beauty,1
C03825,0,2,358.15999999999997,179.07999999999998,2,2.5,38.0,359.0,Fashion,1
C03826,0,1,38.53,38.53,1,1.0,72.0,406.0,Books,0
C03827,0,0,0.0,0.0,0,0.0,278.0,437.0,unknown,0
C03828,0,0,0.0,0.0,0,0.0,291.0,419.0,unknown,0
C03829,0,0,0.0,0.0,0,0.0,91.0,407.0,unknown,0
C03830,1,1,99.08,99.08,1,1.0,26.0,382.0,Sports,1
C03831,2,4,7444.02,1861.005,4,2.5,2.0,321.0,Electronics,1
C03832,0,1,43.66,43.66,1,2.0,50.0,328.0,Beauty,0
C03833,1,2,1156.83,578.415,2,1.5,8.0,306.0,Electronics,1
C03834,2,4,651.72,162.93,3,1.25,10.0,326.0,Books,0
C03835,0,0,0.0,0.0,0,0.0,287.0,450.0,unknown,0
C03836,0,1,106.07,106.07,1,1.0,31.0,240.0,Fashion,1
C03837,1,3,292.62,97.54,3,2.0,16.0,430.0,Grocery,1
C03838,0,1,208.52,208.52,1,1.0,34.0,442.0,Electronics,0
C03839,2,6,750.49,125.08166666666666,4,1.3333333333333333,28.0,446.0,Grocery,1
C03840,0,0,0.0,0.0,0,0.0,206.0,447.0,unknown,0
C03841,1,1,117.07,117.07,1,1.0,7.0,248.0,Toys,0
C03842,0,0,0.0,0.0,0,0.0,148.0,304.0,unknown,0
C03843,3,5,750.27,150.054,4,1.2,16.0,420.0,Electronics,0
C03844,0,1,94.68,94.68,1,1.0,44.0,345.0,Toys,1
C03845,0,3,205.81,68.60333333333334,3,1.3333333333333333,33.0,365.0,Books,1
C03846,0,2,49.64,24.82,2,1.0,30.0,435.0,Beauty,0
C03847,0,1,77.75,77.75,1,1.0,43.0,412.0,Beauty,1
C03848,0,1,764.55,764.55,1,1.0,80.0,396.0,Electronics,1
C03849,0,0,0.0,0.0,0,0.0,210.0,365.0,unknown,0
C03850,0,0,0.0,0.0,0,0.0,225.0,411.0,unknown,0
C03851,2,2,477.88,238.94,2,2.5,7.0,426.0,Beauty,0
C03852,0,0,0.0,0.0,0,0.0,197.0,450.0,unknown,0
C03853,0,0,0.0,0.0,0,0.0,309.0,319.0,unknown,0
C03854,0,0,0.0,0.0,0,0.0,135.0,447.0,unknown,0
C03855,0,0,0.0,0.0,0,0.0,252.0,408.0,unknown,0
C03856,0,0,0.0,0.0,0,0.0,173.0,400.0,unknown,0
C03857,0,2,557.02,278.51,2,2.0,64.0,398.0,Electronics,0
C03858,1,3,863.0500000000001,287.68333333333334,3,1.3333333333333333,13.0,436.0,Electronics,0
C03859,0,2,623.53,311.765,2,2.0,40.0,361.0,Beauty,1
C03860,0,1,39.29,39.29,1,2.0,50.0,439.0,Grocery,1
C03861,1,5,2336.2799999999997,467.256,4,1.8,11.0,374.0,Home,0
C03862,1,8,2200.94,275.1175,4,2.125,15.0,450.0,Fashion,1
C03863,0,0,0.0,0.0,0,0.0,129.0,286.0,unknown,0
C03864,0,0,0.0,0.0,0,0.0,397.0,397.0,unknown,0
C03865,0,0,0.0,0.0,0,0.0,330.0,354.0,unknown,0
C03866,0,0,0.0,0.0,0,0.0,362.0,402.0,unknown,0
C03867,0,0,0.0,0.0,0,0.0,116.0,226.0,unknown,0
C03868,0,0,0.0,0.0,0,0.0,229.0,434.0,unknown,0
C03869,0,3,124.75,41.583333333333336,3,1.0,33.0,343.0,Beauty,0
C03870,2,5,1385.78,277.156,5,2.2,1.0,334.0,Beauty,1
C03871,0,0,0.0,0.0,0,0.0,393.0,393.0,unknown,0
C03872,0,0,0.0,0.0,0,0.0,101.0,399.0,unknown,0
C03873,2,4,492.53000000000003,123.13250000000001,2,1.5,3.0,437.0,Fashion,1
C03874,3,7,3743.6499999999996,534.8071428571428,3,1.8571428571428572,1.0,452.0,Electronics,1
C03875,0,0,0.0,0.0,0,0.0,145.0,433.0,unknown,0
C03876,1,4,2143.95,535.9875,3,2.0,14.0,401.0,Toys,1
C03877,0,1,16.66,16.66,1,1.0,59.0,391.0,Grocery,0
C03878,0,1,546.4,546.4,1,4.0,59.0,291.0,Fashion,0
C03879,2,7,910.0600000000001,130.00857142857143,5,1.1428571428571428,3.0,441.0,Grocery,1
C03880,1,6,2954.1,492.34999999999997,5,1.8333333333333333,20.0,325.0,Home,1
C03881,0,0,0.0,0.0,0,0.0,102.0,320.0,unknown,1
C03882,0,0,0.0,0.0,0,0.0,146.0,432.0,unknown,1
C03883,0,4,227.56,56.89,3,1.0,31.0,451.0,Grocery,0
C03884,1,4,1768.96,442.24,2,2.0,12.0,427.0,Electronics,1
C03885,0,1,233.73,233.73,1,1.0,54.0,157.0,Home,0
C03886,1,4,156.01,39.0025,4,1.0,2.0,451.0,Beauty,1
C03887,1,3,160.26999999999998,53.423333333333325,3,1.3333333333333333,13.0,351.0,Beauty,1
C03888,0,0,0.0,0.0,0,0.0,128.0,360.0,unknown,0
C03889,0,0,0.0,0.0,0,0.0,117.0,349.0,unknown,1
C03890,0,0,0.0,0.0,0,0.0,187.0,452.0,unknown,0
C03891,1,2,453.45,226.725,2,1.0,21.0,370.0,Electronics,1
C03892,0,0,0.0,0.0,0,0.0,92.0,359.0,unknown,0
C03893,0,3,147.78,49.26,3,1.0,53.0,385.0,Fashion,1
C03894,0,1,82.15,82.15,1,1.0,86.0,356.0,Beauty,1
C03895,0,1,102.96,102.96,1,3.0,88.0,284.0,Toys,0
C03896,0,1,161.75,161.75,1,1.0,40.0,368.0,Electronics,1
C03897,0,0,0.0,0.0,0,0.0,420.0,420.0,unknown,0
C03898,1,3,1803.67,601.2233333333334,3,1.6666666666666667,12.0,333.0,Electronics,0
C03899,3,5,575.66,115.13199999999999,4,1.0,5.0,449.0,Home,1
C03900,0,0,0.0,0.0,0,0.0,261.0,373.0,unknown,0
C03901,0,4,940.5899999999999,235.14749999999998,4,2.75,48.0,427.0,Beauty,0
C03902,0,1,48.84,48.84,1,1.0,72.0,319.0,Toys,0
C03903,0,0,0.0,0.0,0,0.0,147.0,375.0,unknown,0
C03904,0,0,0.0,0.0,0,0.0,267.0,400.0,unknown,0
C03905,0,0,0.0,0.0,0,0.0,317.0,317.0,unknown,0
C03906,0,0,0.0,0.0,0,0.0,122.0,377.0,unknown,0
C03907,0,0,0.0,0.0,0,0.0,107.0,436.0,unknown,1
C03908,0,1,107.18,107.18,1,2.0,79.0,433.0,Grocery,0
C03909,3,5,813.04,162.608,4,1.4,1.0,383.0,Grocery,0
C03910,0,2,48.760000000000005,24.380000000000003,2,1.0,48.0,417.0,Beauty,0
C03911,0,0,0.0,0.0,0,0.0,324.0,393.0,unknown,0
C03912,0,0,0.0,0.0,0,0.0,104.0,302.0,unknown,0
C03913,0,3,388.59,129.53,2,2.0,44.0,332.0,Sports,1
C03914,0,0,0.0,0.0,0,0.0,161.0,447.0,unknown,0
C03915,0,0,0.0,0.0,0,0.0,180.0,447.0,unknown,0
C03916,0,0,0.0,0.0,0,0.0,161.0,426.0,unknown,0
C03917,0,3,751.5999999999999,250.5333333333333,3,1.0,30.0,391.0,Books,1
C03918,0,1,32.95,32.95,1,1.0,89.0,437.0,Beauty,0
C03919,0,1,22.77,22.77,1,1.0,83.0,427.0,Books,1
C03920,0,2,1065.46,532.73,1,2.0,35.0,303.0,Electronics,1
C03921,0,0,0.0,0.0,0,0.0,265.0,375.0,unknown,0
C03922,0,4,279.34,69.835,4,1.0,31.0,444.0,Books,0
C03923,0,0,0.0,0.0,0,0.0,212.0,436.0,unknown,0
C03924,0,0,0.0,0.0,0,0.0,117.0,429.0,unknown,0
C03925,0,0,0.0,0.0,0,0.0,93.0,344.0,unknown,0
C03926,1,2,108.36000000000001,54.18000000000001,2,1.0,15.0,384.0,Fashion,0
C03927,1,2,294.69,147.345,2,1.5,18.0,400.0,Beauty,0
C03928,0,0,0.0,0.0,0,0.0,179.0,364.0,unknown,1
C03929,1,4,851.6199999999999,212.90499999999997,3,1.5,14.0,428.0,Grocery,1
C03930,1,1,1255.61,1255.61,1,3.0,29.0,314.0,Electronics,0
C03931,0,1,134.93,134.93,1,1.0,73.0,414.0,Home,0
C03932,0,0,0.0,0.0,0,0.0,223.0,266.0,unknown,0
C03933,0,1,156.62,156.62,1,1.0,61.0,337.0,Home,0
C03934,1,3,472.83,157.60999999999999,3,1.6666666666666667,9.0,441.0,Beauty,0
C03935,0,4,907.89,226.9725,3,1.25,44.0,277.0,Home,0
C03936,0,0,0.0,0.0,0,0.0,110.0,419.0,unknown,0
C03937,0,0,0.0,0.0,0,0.0,123.0,297.0,unknown,0
C03938,3,5,454.43,90.886,5,1.4,6.0,167.0,Books,0
C03939,1,2,1706.79,853.395,2,3.0,25.0,124.0,Fashion,1
C03940,0,2,62.56,31.28,1,1.0,35.0,219.0,Books,1
C03941,0,1,246.64,246.64,1,2.0,84.0,329.0,Fashion,1
C03942,0,1,399.36,399.36,1,2.0,89.0,450.0,Electronics,0
C03943,0,0,0.0,0.0,0,0.0,140.0,404.0,unknown,0
C03944,0,0,0.0,0.0,0,0.0,233.0,431.0,unknown,0
C03945,0,1,26.33,26.33,1,2.0,35.0,404.0,Beauty,0
C03946,1,2,1070.54,535.27,2,2.5,24.0,394.0,Electronics,1
C03947,0,0,0.0,0.0,0,0.0,118.0,404.0,unknown,0
C03948,0,0,0.0,0.0,0,0.0,169.0,412.0,unknown,1
C03949,0,0,0.0,0.0,0,0.0,93.0,310.0,unknown,1
C03950,0,0,0.0,0.0,0,0.0,309.0,442.0,unknown,0
C03951,2,5,2849.56,569.912,2,1.6,8.0,369.0,Electronics,1
C03952,0,1,26.49,26.49,1,1.0,71.0,316.0,Fashion,0
C03953,0,1,26.17,26.17,1,1.0,80.0,277.0,Toys,1
C03954,0,0,0.0,0.0,0,0.0,355.0,361.0,unknown,1
C03955,1,6,609.87,101.645,4,1.0,13.0,429.0,Grocery,1
C03956,0,1,123.06,123.06,1,2.0,47.0,428.0,Toys,0
C03957,1,2,1797.43,898.715,2,1.5,4.0,156.0,Electronics,0
C03958,1,3,815.75,271.9166666666667,3,2.0,5.0,348.0,Beauty,1
C03959,1,4,147.76999999999998,36.942499999999995,4,1.75,9.0,439.0,Beauty,1
C03960,0,0,0.0,0.0,0,0.0,286.0,426.0,unknown,0
C03961,1,1,40.34,40.34,1,2.0,28.0,430.0,Grocery,0
C03962,0,0,0.0,0.0,0,0.0,124.0,417.0,unknown,0
C03963,0,1,27.53,27.53,1,1.0,66.0,426.0,Books,1
C03964,0,0,0.0,0.0,0,0.0,134.0,444.0,unknown,0
C03965,0,0,0.0,0.0,0,0.0,197.0,444.0,unknown,0
C03966,2,4,1201.19,300.2975,4,1.0,2.0,435.0,Electronics,1
C03967,0,1,144.86,144.86,1,1.0,35.0,379.0,Sports,1
C03968,0,1,178.34,178.34,1,1.0,86.0,372.0,Sports,1
C03969,0,0,0.0,0.0,0,0.0,428.0,428.0,unknown,0
C03970,2,5,417.95000000000005,83.59,4,1.4,19.0,450.0,Books,1
C03971,0,0,0.0,0.0,0,0.0,132.0,391.0,unknown,0
C03972,1,4,279.6,69.9,2,1.0,27.0,452.0,Grocery,1
C03973,0,3,551.6700000000001,183.89000000000001,3,1.3333333333333333,33.0,345.0,Fashion,0
C03974,0,0,0.0,0.0,0,0.0,404.0,404.0,unknown,0
C03975,1,5,460.44,92.088,3,1.4,0.0,420.0,Sports,0
C03976,0,1,78.63,78.63,1,1.0,65.0,446.0,Fashion,0
C03977,0,0,0.0,0.0,0,0.0,151.0,401.0,unknown,0
C03978,4,5,272.67,54.534000000000006,4,1.0,1.0,279.0,Beauty,0
C03979,0,4,2483.75,620.9375,3,1.75,55.0,284.0,Electronics,1
C03980,0,0,0.0,0.0,0,0.0,114.0,377.0,unknown,1
C03981,0,0,0.0,0.0,0,0.0,131.0,297.0,unknown,1
C03982,1,4,2520.49,630.1225,3,1.5,15.0,383.0,Electronics,1
C03983,0,1,115.32,115.32,1,2.0,81.0,336.0,Grocery,0
C03984,0,0,0.0,0.0,0,0.0,203.0,348.0,unknown,0
C03985,0,0,0.0,0.0,0,0.0,158.0,158.0,unknown,0
C03986,3,10,2112.9300000000003,211.29300000000003,5,1.2,6.0,446.0,Beauty,1
C03987,0,0,0.0,0.0,0,0.0,203.0,431.0,unknown,0
C03988,0,0,0.0,0.0,0,0.0,111.0,359.0,unknown,0
C03989,1,2,762.31,381.155,2,1.5,2.0,423.0,Electronics,1
C03990,0,1,208.02,208.02,1,3.0,45.0,440.0,Fashion,0
C03991,0,0,0.0,0.0,0,0.0,190.0,451.0,unknown,1
C03992,1,2,1471.07,735.535,2,2.0,11.0,321.0,Home,1
C03993,3,6,333.9,55.65,4,1.0,19.0,450.0,Fashion,1
C03994,0,0,0.0,0.0,0,0.0,254.0,370.0,unknown,0
C03995,0,0,0.0,0.0,0,0.0,156.0,424.0,unknown,0
C03996,0,1,19.8,19.8,1,1.0,48.0,440.0,Books,1
C03997,0,1,6.81,6.81,1,1.0,83.0,358.0,Grocery,0
C03998,0,3,1428.26,476.08666666666664,2,3.3333333333333335,36.0,301.0,Sports,1
C03999,0,0,0.0,0.0,0,0.0,238.0,396.0,unknown,0
C04000,0,0,0.0,0.0,0,0.0,145.0,395.0,unknown,0
C04001,0,1,79.29,79.29,1,1.0,57.0,358.0,Fashion,0
C04002,0,0,0.0,0.0,0,0.0,366.0,439.0,unknown,0
C04003,0,2,76.7,38.35,2,1.0,69.0,398.0,Beauty,1
C04004,0,0,0.0,0.0,0,0.0,285.0,406.0,unknown,0
C04005,0,2,395.95,197.975,2,2.0,59.0,409.0,Fashion,1
C04006,0,0,0.0,0.0,0,0.0,235.0,435.0,unknown,0
C04007,0,1,47.13,47.13,1,2.0,54.0,304.0,Beauty,1
C04008,1,1,57.18,57.18,1,1.0,15.0,368.0,Fashion,0
C04009,2,3,219.07,73.02333333333333,3,1.0,0.0,448.0,Electronics,1
C04010,0,2,446.01,223.005,1,1.0,59.0,420.0,Electronics,1
C04011,0,0,0.0,0.0,0,0.0,290.0,443.0,unknown,0
C04012,1,4,679.74,169.935,4,1.5,17.0,428.0,Electronics,1
C04013,1,1,17.06,17.06,1,1.0,4.0,307.0,Books,0
C04014,0,1,100.43,100.43,1,3.0,71.0,163.0,Beauty,1
C04015,0,1,220.15,220.15,1,2.0,33.0,388.0,Fashion,1
C04016,0,0,0.0,0.0,0,0.0,230.0,353.0,unknown,0
C04017,0,0,0.0,0.0,0,0.0,225.0,417.0,unknown,0
C04018,0,2,688.1600000000001,344.08000000000004,2,1.0,36.0,392.0,Beauty,1
C04019,5,6,350.73,58.455000000000005,4,1.3333333333333333,0.0,442.0,Beauty,0
C04020,1,1,337.36,337.36,1,4.0,15.0,435.0,Home,0
C04021,0,1,10.73,10.73,1,1.0,41.0,376.0,Grocery,0
C04022,0,0,0.0,0.0,0,0.0,99.0,442.0,unknown,0
C04023,0,0,0.0,0.0,0,0.0,295.0,300.0,unknown,0
C04024,1,1,165.16,165.16,1,2.0,21.0,366.0,Home,0
C04025,0,0,0.0,0.0,0,0.0,113.0,411.0,unknown,0
C04026,0,2,90.9,45.45,2,1.0,60.0,385.0,Electronics,0
C04027,0,0,0.0,0.0,0,0.0,166.0,423.0,unknown,0
C04028,1,3,995.14,331.7133333333333,2,1.6666666666666667,15.0,372.0,Sports,1
C04029,1,2,482.95,241.475,2,2.5,29.0,305.0,Home,0
C04030,0,0,0.0,0.0,0,0.0,,,unknown,1
C04031,0,1,1278.29,1278.29,1,3.0,73.0,450.0,Electronics,0
C04032,0,1,83.01,83.01,1,1.0,69.0,409.0,Electronics,0
C04033,0,0,0.0,0.0,0,0.0,257.0,347.0,unknown,0
C04034,0,0,0.0,0.0,0,0.0,113.0,315.0,unknown,0
C04035,1,2,246.75,123.375,2,1.5,21.0,447.0,Fashion,0
C04036,0,0,0.0,0.0,0,0.0,149.0,412.0,unknown,0
C04037,0,0,0.0,0.0,0,0.0,116.0,442.0,unknown,0
C04038,0,1,15.21,15.21,1,1.0,84.0,179.0,Beauty,0
C04039,0,0,0.0,0.0,0,0.0,160.0,365.0,unknown,0
C04040,0,1,32.11,32.11,1,1.0,33.0,390.0,Beauty,0
C04041,2,3,1897.96,632.6533333333333,2,2.3333333333333335,11.0,204.0,Electronics,0
C04042,0,1,285.0,285.0,1,3.0,70.0,347.0,Beauty,0
C04043,0,4,360.70000000000005,90.17500000000001,3,1.0,35.0,409.0,Beauty,1
C04044,0,1,48.91,48.91,1,1.0,62.0,350.0,Grocery,1
C04045,3,6,1854.62,309.1033333333333,6,1.8333333333333333,10.0,306.0,Beauty,0
C04046,0,0,0.0,0.0,0,0.0,251.0,442.0,unknown,0
C04047,0,0,0.0,0.0,0,0.0,112.0,447.0,unknown,0
C04048,0,0,0.0,0.0,0,0.0,104.0,447.0,unknown,0
C04049,0,0,0.0,0.0,0,0.0,230.0,433.0,unknown,0
C04050,1,2,341.91999999999996,170.95999999999998,2,1.5,24.0,438.0,Fashion,0
C04051,0,0,0.0,0.0,0,0.0,274.0,332.0,unknown,0
C04052,2,5,2291.7,458.34,3,2.2,10.0,421.0,Grocery,0
C04053,0,0,0.0,0.0,0,0.0,286.0,302.0,unknown,0
C04054,0,0,0.0,0.0,0,0.0,120.0,418.0,unknown,1
C04055,1,1,94.46,94.46,1,3.0,14.0,356.0,Sports,0
C04056,0,2,118.9,59.45,2,1.0,60.0,439.0,Fashion,1
C04057,0,1,906.53,906.53,1,2.0,84.0,424.0,Electronics,0
C04058,0,0,0.0,0.0,0,0.0,92.0,420.0,unknown,0
C04059,0,0,0.0,0.0,0,0.0,217.0,452.0,unknown,0
C04060,0,4,277.94,69.485,3,1.5,33.0,401.0,Fashion,0
C04061,0,1,41.01,41.01,1,1.0,31.0,327.0,Fashion,0
C04062,0,0,0.0,0.0,0,0.0,301.0,401.0,unknown,0
C04063,0,2,227.86999999999998,113.93499999999999,2,2.0,39.0,379.0,Beauty,0
C04064,0,1,26.37,26.37,1,2.0,33.0,280.0,Grocery,0
C04065,0,2,273.45,136.725,2,1.5,53.0,433.0,Grocery,1
C04066,0,0,0.0,0.0,0,0.0,314.0,401.0,unknown,0
C04067,0,0,0.0,0.0,0,0.0,189.0,450.0,unknown,0
C04068,0,0,0.0,0.0,0,0.0,158.0,306.0,unknown,0
C04069,1,1,522.22,522.22,1,2.0,18.0,322.0,Electronics,0
C04070,0,0,0.0,0.0,0,0.0,195.0,438.0,unknown,0
C04071,0,0,0.0,0.0,0,0.0,172.0,427.0,unknown,0
C04072,2,3,216.53,72.17666666666666,2,1.0,8.0,422.0,Beauty,1
C04073,1,4,1640.37,410.0925,3,1.75,21.0,395.0,Electronics,0
C04074,0,0,0.0,0.0,0,0.0,129.0,238.0,unknown,1
C04075,2,3,949.08,316.36,3,1.3333333333333333,7.0,424.0,Beauty,1
C04076,0,3,974.02,324.67333333333335,3,1.6666666666666667,43.0,423.0,Electronics,0
C04077,0,0,0.0,0.0,0,0.0,128.0,128.0,unknown,1
C04078,0,0,0.0,0.0,0,0.0,169.0,237.0,unknown,0
C04079,2,7,2018.1,288.3,5,1.2857142857142858,13.0,430.0,Electronics,1
C04080,1,3,710.1700000000001,236.72333333333336,3,1.6666666666666667,23.0,425.0,Books,0
C04081,0,0,0.0,0.0,0,0.0,214.0,436.0,unknown,0
C04082,0,0,0.0,0.0,0,0.0,144.0,448.0,unknown,0
C04083,0,0,0.0,0.0,0,0.0,134.0,385.0,unknown,0
C04084,0,0,0.0,0.0,0,0.0,339.0,430.0,unknown,0
C04085,0,0,0.0,0.0,0,0.0,214.0,303.0,unknown,0
C04086,1,4,959.4,239.85,4,1.75,7.0,393.0,Beauty,0
C04087,0,2,252.99,126.495,2,1.5,49.0,438.0,Beauty,1
C04088,0,0,0.0,0.0,0,0.0,277.0,277.0,unknown,0
C04089,0,2,312.39,156.195,2,1.0,68.0,442.0,Fashion,1
C04090,0,0,0.0,0.0,0,0.0,126.0,450.0,unknown,1
C04091,0,0,0.0,0.0,0,0.0,160.0,292.0,unknown,0
C04092,0,0,0.0,0.0,0,0.0,165.0,419.0,unknown,0
C04093,3,3,336.03000000000003,112.01,3,1.3333333333333333,1.0,434.0,Electronics,0
C04094,0,1,38.79,38.79,1,1.0,88.0,449.0,Toys,0
C04095,0,0,0.0,0.0,0,0.0,175.0,427.0,unknown,0
C04096,0,0,0.0,0.0,0,0.0,300.0,344.0,unknown,0
C04097,0,2,39.230000000000004,19.615000000000002,2,1.0,34.0,432.0,Grocery,1
C04098,0,1,68.05,68.05,1,1.0,64.0,381.0,Home,1
C04099,0,0,0.0,0.0,0,0.0,107.0,357.0,unknown,0
C04100,0,2,111.57,55.785,2,1.5,40.0,319.0,Beauty,0
C04101,0,0,0.0,0.0,0,0.0,181.0,326.0,unknown,0
C04102,1,2,156.98000000000002,78.49000000000001,2,1.0,0.0,410.0,Beauty,1
C04103,2,2,1254.76,627.38,2,1.5,20.0,344.0,Electronics,0
C04104,0,0,0.0,0.0,0,0.0,263.0,263.0,unknown,0
C04105,1,3,1848.5300000000002,616.1766666666667,2,1.3333333333333333,19.0,342.0,Electronics,1
C04106,1,5,247.75,49.55,2,1.6,8.0,385.0,Beauty,0
C04107,1,3,86.03999999999999,28.679999999999996,1,1.0,15.0,420.0,Beauty,1
C04108,0,0,0.0,0.0,0,0.0,131.0,321.0,unknown,0
C04109,0,0,0.0,0.0,0,0.0,201.0,428.0,unknown,0
C04110,0,2,173.19,86.595,2,2.5,41.0,225.0,Fashion,0
C04111,0,0,0.0,0.0,0,0.0,413.0,413.0,unknown,0
C04112,0,2,185.0,92.5,1,1.0,72.0,378.0,Sports,0
C04113,0,0,0.0,0.0,0,0.0,93.0,93.0,unknown,0
C04114,0,3,1874.48,624.8266666666667,3,2.0,51.0,406.0,Beauty,0
C04115,0,2,121.11,60.555,2,1.0,30.0,411.0,Fashion,0
C04116,0,1,32.74,32.74,1,1.0,55.0,416.0,Fashion,0
C04117,1,1,99.62,99.62,1,2.0,7.0,371.0,Toys,0
C04118,0,0,0.0,0.0,0,0.0,170.0,290.0,unknown,0
C04119,0,0,0.0,0.0,0,0.0,402.0,402.0,unknown,0
C04120,2,7,8766.58,1252.3685714285714,2,2.142857142857143,21.0,350.0,Electronics,0
C04121,0,2,811.46,405.73,2,2.5,51.0,375.0,Electronics,1
C04122,0,0,0.0,0.0,0,0.0,113.0,398.0,unknown,0
C04123,1,3,199.94,66.64666666666666,2,1.3333333333333333,29.0,127.0,Grocery,0
C04124,0,0,0.0,0.0,0,0.0,203.0,449.0,unknown,0
C04125,0,0,0.0,0.0,0,0.0,225.0,327.0,unknown,0
C04126,3,3,641.42,213.80666666666664,2,1.3333333333333333,7.0,419.0,Beauty,1
C04127,1,3,192.22,64.07333333333334,2,1.6666666666666667,7.0,438.0,Grocery,1
C04128,1,5,1387.5900000000001,277.51800000000003,5,2.0,6.0,359.0,Books,1
C04129,0,0,0.0,0.0,0,0.0,270.0,349.0,unknown,0
C04130,0,0,0.0,0.0,0,0.0,255.0,279.0,unknown,0
C04131,0,2,307.17,153.585,2,1.5,39.0,267.0,Home,0
C04132,0,1,501.5,501.5,1,2.0,67.0,320.0,Electronics,1
C04133,0,0,0.0,0.0,0,0.0,114.0,336.0,unknown,0
C04134,1,1,39.12,39.12,1,1.0,26.0,366.0,Toys,0
C04135,0,1,60.25,60.25,1,1.0,86.0,374.0,Sports,0
C04136,5,6,2235.6800000000003,372.6133333333334,4,2.0,2.0,452.0,Grocery,1
C04137,1,1,265.71,265.71,1,1.0,26.0,408.0,Home,0
C04138,1,2,71.03,35.515,2,1.0,2.0,373.0,Fashion,1
C04139,0,0,0.0,0.0,0,0.0,90.0,434.0,unknown,0
C04140,0,1,114.48,114.48,1,1.0,69.0,425.0,Home,1
C04141,0,0,0.0,0.0,0,0.0,94.0,371.0,unknown,0
C04142,1,1,50.81,50.81,1,1.0,1.0,301.0,Toys,0
C04143,2,6,1237.23,206.205,5,1.5,17.0,435.0,Electronics,0
C04144,0,1,60.27,60.27,1,2.0,46.0,442.0,Beauty,0
C04145,2,6,2596.48,432.74666666666667,4,2.3333333333333335,14.0,389.0,Electronics,0
C04146,1,1,7.5,7.5,1,1.0,13.0,436.0,Grocery,0
C04147,0,0,0.0,0.0,0,0.0,143.0,448.0,unknown,0
C04148,0,2,99.94,49.97,2,1.0,41.0,308.0,Grocery,0
C04149,0,0,0.0,0.0,0,0.0,132.0,200.0,unknown,0
C04150,0,2,1006.04,503.02,2,2.5,34.0,382.0,Electronics,0
C04151,0,0,0.0,0.0,0,0.0,146.0,442.0,unknown,0
C04152,1,3,253.47,84.49,3,1.3333333333333333,16.0,365.0,Beauty,0
C04153,2,9,4942.57,549.1744444444444,4,2.111111111111111,1.0,371.0,Electronics,1
C04154,4,7,4788.92,684.1314285714286,5,2.857142857142857,15.0,372.0,Sports,0
C04155,0,2,1901.23,950.615,2,2.5,32.0,350.0,Electronics,0
C04156,2,8,1819.3399999999997,227.41749999999996,4,2.0,27.0,451.0,Electronics,1
C04157,1,3,379.35,126.45,1,1.0,21.0,450.0,Home,0
C04158,0,0,0.0,0.0,0,0.0,181.0,440.0,unknown,1
C04159,1,5,5755.27,1151.054,2,3.0,19.0,360.0,Electronics,1
C04160,0,0,0.0,0.0,0,0.0,162.0,429.0,unknown,0
C04161,0,0,0.0,0.0,0,0.0,151.0,445.0,unknown,0
C04162,0,1,62.6,62.6,1,2.0,65.0,424.0,Books,0
C04163,0,1,93.85,93.85,1,1.0,47.0,444.0,Sports,0
C04164,0,0,0.0,0.0,0,0.0,325.0,427.0,unknown,0
C04165,1,5,542.27,108.454,4,1.4,18.0,321.0,Fashion,1
C04166,0,0,0.0,0.0,0,0.0,310.0,397.0,unknown,0
C04167,2,3,319.21999999999997,106.40666666666665,2,1.0,1.0,448.0,Beauty,1
C04168,0,2,1124.04,562.02,1,1.0,62.0,406.0,Electronics,1
C04169,2,5,1335.4499999999998,267.09,4,1.2,10.0,442.0,Electronics,1
C04170,1,4,2880.33,720.0825,3,1.75,11.0,290.0,Home,0
C04171,1,2,127.04,63.52,2,1.5,26.0,343.0,Grocery,0
C04172,1,1,169.66,169.66,1,1.0,15.0,368.0,Home,0
C04173,1,1,30.31,30.31,1,2.0,24.0,332.0,Grocery,1
C04174,0,0,0.0,0.0,0,0.0,230.0,447.0,unknown,0
C04175,0,1,20.89,20.89,1,1.0,68.0,376.0,Books,1
C04176,0,1,73.48,73.48,1,1.0,38.0,397.0,Fashion,0
C04177,0,1,98.3,98.3,1,1.0,49.0,340.0,Fashion,1
C04178,3,3,331.58,110.52666666666666,3,1.0,3.0,429.0,Beauty,0
C04179,0,1,505.33,505.33,1,1.0,33.0,334.0,Electronics,0
C04180,0,1,26.43,26.43,1,1.0,66.0,388.0,Grocery,0
C04181,0,0,0.0,0.0,0,0.0,129.0,337.0,unknown,0
C04182,2,3,1006.0699999999999,335.3566666666666,3,2.0,6.0,430.0,Fashion,0
C04183,2,3,1263.19,421.06333333333333,2,1.3333333333333333,1.0,418.0,Electronics,1
C04184,0,3,1670.62,556.8733333333333,3,2.0,44.0,258.0,Beauty,0
C04185,0,0,0.0,0.0,0,0.0,130.0,421.0,unknown,0
C04186,0,0,0.0,0.0,0,0.0,210.0,306.0,unknown,0
C04187,1,2,403.31,201.655,2,1.0,21.0,390.0,Home,1
C04188,0,3,178.56,59.52,3,1.3333333333333333,36.0,450.0,Beauty,1
C04189,0,1,54.32,54.32,1,1.0,70.0,432.0,Grocery,1
C04190,2,2,1188.5900000000001,594.2950000000001,2,1.0,1.0,266.0,Electronics,0
C04191,2,3,508.95000000000005,169.65,3,1.3333333333333333,12.0,429.0,Beauty,1
C04192,0,2,476.84,238.42,2,1.5,51.0,428.0,Electronics,1
C04193,0,1,59.38,59.38,1,4.0,41.0,407.0,Grocery,0
C04194,0,2,346.68,173.34,2,1.0,59.0,322.0,Fashion,1
C04195,0,0,0.0,0.0,0,0.0,300.0,440.0,unknown,0
C04196,0,0,0.0,0.0,0,0.0,222.0,284.0,unknown,0
C04197,0,4,451.61,112.9025,3,1.5,38.0,446.0,Grocery,1
C04198,0,1,62.63,62.63,1,2.0,57.0,146.0,Beauty,0
C04199,0,0,0.0,0.0,0,0.0,117.0,433.0,unknown,1
C04200,0,1,230.86,230.86,1,1.0,47.0,447.0,Sports,0
C04201,0,0,0.0,0.0,0,0.0,237.0,441.0,unknown,0
C04202,1,1,79.07,79.07,1,1.0,13.0,322.0,Sports,0
C04203,0,0,0.0,0.0,0,0.0,135.0,445.0,unknown,1
C04204,0,1,32.26,32.26,1,1.0,48.0,371.0,Grocery,1
C04205,3,5,815.52,163.10399999999998,4,1.4,4.0,420.0,Beauty,1
C04206,0,0,0.0,0.0,0,0.0,123.0,319.0,unknown,0
C04207,0,0,0.0,0.0,0,0.0,97.0,452.0,unknown,0
C04208,0,2,117.21000000000001,58.605000000000004,2,1.0,52.0,438.0,Books,1
C04209,0,0,0.0,0.0,0,0.0,115.0,287.0,unknown,0
C04210,0,0,0.0,0.0,0,0.0,201.0,324.0,unknown,0
C04211,0,0,0.0,0.0,0,0.0,350.0,350.0,unknown,0
C04212,0,0,0.0,0.0,0,0.0,342.0,446.0,unknown,0
C04213,0,4,1523.12,380.78,3,1.75,60.0,393.0,Books,0
C04214,1,1,90.21,90.21,1,1.0,13.0,393.0,Home,0
C04215,0,0,0.0,0.0,0,0.0,140.0,140.0,unknown,0
C04216,0,0,0.0,0.0,0,0.0,350.0,350.0,unknown,0
C04217,1,1,48.16,48.16,1,2.0,27.0,277.0,Books,0
C04218,0,1,215.98,215.98,1,3.0,43.0,394.0,Fashion,0
C04219,0,0,0.0,0.0,0,0.0,144.0,446.0,unknown,0
C04220,0,1,47.96,47.96,1,1.0,87.0,415.0,Beauty,1
C04221,0,0,0.0,0.0,0,0.0,206.0,450.0,unknown,0
C04222,2,3,378.06000000000006,126.02000000000002,2,1.6666666666666667,4.0,448.0,Beauty,1
C04223,0,0,0.0,0.0,0,0.0,253.0,435.0,unknown,0
C04224,0,1,159.03,159.03,1,3.0,53.0,318.0,Grocery,0
C04225,0,0,0.0,0.0,0,0.0,314.0,440.0,unknown,0
C04226,0,1,51.2,51.2,1,1.0,85.0,346.0,Beauty,0
C04227,1,1,71.59,71.59,1,4.0,4.0,413.0,Books,1
C04228,1,6,968.7200000000001,161.45333333333335,5,1.3333333333333333,27.0,444.0,Sports,1
C04229,0,0,0.0,0.0,0,0.0,209.0,365.0,unknown,0
C04230,0,0,0.0,0.0,0,0.0,200.0,426.0,unknown,0
C04231,0,0,0.0,0.0,0,0.0,118.0,306.0,unknown,1
C04232,2,6,1143.04,190.50666666666666,4,1.5,0.0,400.0,Grocery,1
C04233,0,1,225.36,225.36,1,2.0,75.0,363.0,Sports,0
C04234,1,4,877.97,219.4925,3,1.5,14.0,420.0,Grocery,0
C04235,1,2,270.4,135.2,2,1.5,27.0,382.0,Fashion,1
C04236,1,7,676.15,96.59285714285714,4,1.1428571428571428,29.0,438.0,Beauty,1
C04237,0,0,0.0,0.0,0,0.0,198.0,396.0,unknown,0
C04238,0,0,0.0,0.0,0,0.0,250.0,252.0,unknown,0
C04239,0,0,0.0,0.0,0,0.0,255.0,255.0,unknown,0
C04240,1,1,126.06,126.06,1,4.0,28.0,382.0,Toys,0
C04241,0,1,140.9,140.9,1,1.0,72.0,381.0,Home,0
C04242,1,2,659.84,329.92,2,1.5,10.0,308.0,Books,1
C04243,0,0,0.0,0.0,0,0.0,280.0,280.0,unknown,1
C04244,0,0,0.0,0.0,0,0.0,302.0,398.0,unknown,0
C04245,0,0,0.0,0.0,0,0.0,121.0,386.0,unknown,1
C04246,0,0,0.0,0.0,0,0.0,338.0,438.0,unknown,0
C04247,0,0,0.0,0.0,0,0.0,294.0,385.0,unknown,1
C04248,0,2,340.71,170.355,1,1.0,57.0,444.0,Home,1
C04249,0,0,0.0,0.0,0,0.0,202.0,424.0,unknown,0
C04250,1,3,536.75,178.91666666666666,3,1.3333333333333333,4.0,447.0,Beauty,0
C04251,0,0,0.0,0.0,0,0.0,197.0,419.0,unknown,0
C04252,2,3,332.08,110.69333333333333,3,1.0,3.0,425.0,Books,1
C04253,0,0,0.0,0.0,0,0.0,273.0,417.0,unknown,0
C04254,1,1,89.07,89.07,1,1.0,2.0,405.0,Sports,0
C04255,1,1,36.8,36.8,1,1.0,2.0,399.0,Beauty,0
C04256,0,1,506.01,506.01,1,3.0,30.0,421.0,Home,1
C04257,1,3,229.16000000000003,76.38666666666667,3,1.6666666666666667,6.0,448.0,Beauty,1
C04258,2,5,2575.21,515.042,3,1.6,12.0,237.0,Electronics,1
C04259,0,0,0.0,0.0,0,0.0,128.0,434.0,unknown,1
C04260,0,0,0.0,0.0,0,0.0,123.0,416.0,unknown,0
C04261,0,1,126.76,126.76,1,1.0,60.0,272.0,Fashion,0
C04262,0,2,66.77,33.385,2,1.0,78.0,437.0,Beauty,0
C04263,0,0,0.0,0.0,0,0.0,185.0,448.0,unknown,0
C04264,0,0,0.0,0.0,0,0.0,210.0,373.0,unknown,0
C04265,1,4,374.76,93.69,3,1.75,28.0,350.0,Books,0
C04266,1,2,280.53,140.265,2,1.0,23.0,416.0,Books,0
C04267,2,6,3376.89,562.8149999999999,4,1.6666666666666667,4.0,317.0,Home,1
C04268,0,0,0.0,0.0,0,0.0,179.0,382.0,unknown,0
C04269,0,0,0.0,0.0,0,0.0,217.0,412.0,unknown,1
C04270,0,0,0.0,0.0,0,0.0,117.0,393.0,unknown,1
C04271,0,4,433.12,108.28,3,1.0,31.0,372.0,Beauty,0
C04272,0,0,0.0,0.0,0,0.0,100.0,265.0,unknown,1
C04273,0,0,0.0,0.0,0,0.0,122.0,350.0,unknown,1
C04274,0,1,110.67,110.67,1,4.0,64.0,422.0,Books,0
C04275,0,1,23.42,23.42,1,1.0,87.0,429.0,Books,0
C04276,0,3,490.15999999999997,163.38666666666666,3,1.3333333333333333,40.0,393.0,Books,0
C04277,1,4,2890.38,722.595,2,1.75,16.0,414.0,Electronics,0
C04278,0,3,210.16,70.05333333333333,2,1.0,30.0,406.0,Fashion,0
C04279,0,0,0.0,0.0,0,0.0,149.0,444.0,unknown,0
C04280,0,2,133.85,66.925,2,1.0,77.0,308.0,Home,0
C04281,6,12,1257.2,104.76666666666667,6,1.1666666666666667,3.0,395.0,Beauty,1
C04282,0,0,0.0,0.0,0,0.0,221.0,409.0,unknown,0
C04283,0,3,481.71,160.57,2,2.0,78.0,450.0,Toys,0
C04284,1,6,1023.27,170.545,5,1.6666666666666667,8.0,410.0,Home,1
C04285,0,0,0.0,0.0,0,0.0,104.0,381.0,unknown,0
C04286,2,6,1156.2,192.70000000000002,5,2.3333333333333335,16.0,442.0,Books,1
C04287,0,0,0.0,0.0,0,0.0,166.0,407.0,unknown,0
C04288,0,0,0.0,0.0,0,0.0,309.0,435.0,unknown,0
C04289,0,0,0.0,0.0,0,0.0,155.0,411.0,unknown,0
C04290,0,2,272.0,136.0,1,3.0,58.0,341.0,Toys,0
C04291,3,6,1341.79,223.63166666666666,5,1.6666666666666667,10.0,452.0,Books,1
C04292,1,3,195.43,65.14333333333333,2,1.3333333333333333,19.0,441.0,Beauty,1
C04293,0,2,383.02,191.51,2,1.0,52.0,359.0,Sports,0
C04294,0,0,0.0,0.0,0,0.0,90.0,371.0,unknown,0
C04295,0,1,492.88,492.88,1,3.0,40.0,432.0,Fashion,0
C04296,3,9,4824.59,536.0655555555555,5,2.0,0.0,383.0,Electronics,1
C04297,0,3,376.12,125.37333333333333,3,1.0,53.0,405.0,Beauty,0
C04298,0,0,0.0,0.0,0,0.0,135.0,204.0,unknown,1
C04299,0,1,282.3,282.3,1,2.0,89.0,412.0,Fashion,1
C04300,0,2,199.52,99.76,2,1.0,38.0,337.0,Beauty,0
C04301,2,5,2362.97,472.59399999999994,3,1.2,7.0,382.0,Electronics,1
C04302,0,0,0.0,0.0,0,0.0,101.0,326.0,unknown,0
C04303,1,1,165.2,165.2,1,2.0,4.0,306.0,Fashion,0
C04304,0,0,0.0,0.0,0,0.0,200.0,452.0,unknown,0
C04305,5,8,783.3199999999999,97.91499999999999,5,1.5,2.0,449.0,Beauty,1
C04306,0,0,0.0,0.0,0,0.0,107.0,417.0,unknown,1
C04307,0,0,0.0,0.0,0,0.0,285.0,412.0,unknown,0
C04308,0,0,0.0,0.0,0,0.0,254.0,442.0,unknown,0
C04309,0,0,0.0,0.0,0,0.0,106.0,355.0,unknown,0
C04310,0,0,0.0,0.0,0,0.0,94.0,258.0,unknown,0
C04311,0,1,53.45,53.45,1,1.0,64.0,358.0,Fashion,0
C04312,0,0,0.0,0.0,0,0.0,151.0,297.0,unknown,0
C04313,0,0,0.0,0.0,0,0.0,365.0,429.0,unknown,0
C04314,0,1,220.0,220.0,1,1.0,44.0,388.0,Fashion,0
C04315,1,3,908.61,302.87,3,1.3333333333333333,0.0,396.0,Electronics,1
C04316,0,0,0.0,0.0,0,0.0,185.0,375.0,unknown,0
C04317,0,0,0.0,0.0,0,0.0,99.0,305.0,unknown,0
C04318,0,0,0.0,0.0,0,0.0,90.0,436.0,unknown,0
C04319,0,2,730.48,365.24,2,3.0,67.0,444.0,Electronics,1
C04320,0,0,0.0,0.0,0,0.0,92.0,444.0,unknown,0
C04321,0,0,0.0,0.0,0,0.0,266.0,266.0,unknown,0
C04322,0,1,67.45,67.45,1,1.0,41.0,393.0,Home,0
C04323,0,1,1429.28,1429.28,1,3.0,43.0,363.0,Electronics,1
C04324,0,1,69.48,69.48,1,1.0,85.0,393.0,Toys,0
C04325,0,0,0.0,0.0,0,0.0,96.0,452.0,unknown,0
C04326,1,1,18.8,18.8,1,1.0,3.0,331.0,Grocery,0
C04327,1,1,52.93,52.93,1,1.0,13.0,446.0,Books,1
C04328,0,0,0.0,0.0,0,0.0,319.0,338.0,unknown,0
C04329,0,0,0.0,0.0,0,0.0,121.0,407.0,unknown,1
C04330,0,0,0.0,0.0,0,0.0,136.0,429.0,unknown,0
C04331,1,2,486.14,243.07,2,1.0,27.0,425.0,Electronics,0
C04332,0,0,0.0,0.0,0,0.0,145.0,363.0,unknown,0
C04333,0,0,0.0,0.0,0,0.0,112.0,449.0,unknown,0
C04334,0,2,8455.13,4227.565,1,3.5,46.0,363.0,Electronics,0
C04335,0,0,0.0,0.0,0,0.0,94.0,427.0,unknown,1
C04336,0,2,298.58,149.29,2,1.0,59.0,402.0,Electronics,0
C04337,5,9,703.84,78.20444444444445,5,1.6666666666666667,1.0,450.0,Toys,1
C04338,0,1,317.55,317.55,1,2.0,67.0,358.0,Electronics,0
C04339,2,4,976.46,244.115,3,2.5,6.0,346.0,Toys,0
C04340,0,0,0.0,0.0,0,0.0,121.0,377.0,unknown,0
C04341,1,1,1362.29,1362.29,1,4.0,20.0,431.0,Home,1
C04342,2,4,341.18,85.295,4,1.0,3.0,431.0,Beauty,0
C04343,1,1,22.4,22.4,1,2.0,12.0,331.0,Grocery,0
C04344,0,0,0.0,0.0,0,0.0,178.0,425.0,unknown,0
C04345,0,0,0.0,0.0,0,0.0,111.0,433.0,unknown,0
C04346,1,4,218.11,54.5275,4,1.25,28.0,423.0,Beauty,0
C04347,2,3,773.89,257.9633333333333,3,1.6666666666666667,0.0,375.0,Beauty,0
C04348,0,1,23.49,23.49,1,1.0,89.0,89.0,Fashion,1
C04349,1,2,242.22000000000003,121.11000000000001,2,1.5,17.0,452.0,Beauty,0
C04350,0,1,14.53,14.53,1,1.0,41.0,346.0,Grocery,0
C04351,0,0,0.0,0.0,0,0.0,239.0,428.0,unknown,0
C04352,2,5,658.4300000000001,131.686,2,1.6,3.0,429.0,Grocery,1
C04353,0,0,0.0,0.0,0,0.0,130.0,449.0,unknown,1
C04354,2,6,1511.6,251.9333333333333,3,1.5,14.0,439.0,Fashion,1
C04355,0,1,25.22,25.22,1,1.0,88.0,332.0,Books,0
C04356,0,0,0.0,0.0,0,0.0,112.0,414.0,unknown,1
C04357,1,1,32.34,32.34,1,2.0,12.0,335.0,Grocery,0
C04358,0,0,0.0,0.0,0,0.0,168.0,438.0,unknown,0
C04359,0,1,97.66,97.66,1,2.0,37.0,371.0,Toys,1
C04360,0,1,26.84,26.84,1,1.0,75.0,443.0,Grocery,0
C04361,0,0,0.0,0.0,0,0.0,144.0,442.0,unknown,0
C04362,1,1,48.84,48.84,1,1.0,3.0,198.0,Books,1
C04363,0,1,58.51,58.51,1,1.0,51.0,410.0,Books,0
C04364,0,0,0.0,0.0,0,0.0,343.0,343.0,unknown,1
C04365,2,2,1825.04,912.52,2,3.0,10.0,433.0,Fashion,1
C04366,0,0,0.0,0.0,0,0.0,116.0,425.0,unknown,1
C04367,1,3,801.75,267.25,3,2.6666666666666665,4.0,174.0,Grocery,0
C04368,0,1,107.03,107.03,1,1.0,81.0,443.0,Toys,0
C04369,1,3,458.19,152.73,3,2.0,17.0,444.0,Books,0
C04370,0,1,414.45,414.45,1,6.0,55.0,395.0,Grocery,1
C04371,0,1,146.29,146.29,1,1.0,74.0,451.0,Electronics,0
C04372,1,3,304.88,101.62666666666667,2,1.6666666666666667,1.0,440.0,Grocery,1
C04373,1,1,23.41,23.41,1,1.0,18.0,379.0,Books,0
C04374,0,2,317.84,158.92,2,1.0,30.0,424.0,Fashion,1
C04375,1,1,331.7,331.7,1,3.0,8.0,330.0,Sports,0
C04376,0,0,0.0,0.0,0,0.0,102.0,451.0,unknown,0
C04377,0,0,0.0,0.0,0,0.0,126.0,294.0,unknown,1
C04378,0,0,0.0,0.0,0,0.0,275.0,422.0,unknown,0
C04379,1,4,901.52,225.38,3,1.0,10.0,368.0,Grocery,1
C04380,1,2,76.5,38.25,2,1.0,2.0,418.0,Beauty,0
C04381,1,1,96.41,96.41,1,2.0,11.0,440.0,Books,0
C04382,0,0,0.0,0.0,0,0.0,154.0,404.0,unknown,0
C04383,0,0,0.0,0.0,0,0.0,277.0,313.0,unknown,0
C04384,1,5,3078.6099999999997,615.722,4,2.0,19.0,415.0,Home,1
C04385,1,1,329.85,329.85,1,1.0,5.0,204.0,Home,0
C04386,1,3,534.3000000000001,178.10000000000002,3,1.3333333333333333,3.0,412.0,Fashion,1
C04387,0,1,102.58,102.58,1,1.0,51.0,438.0,Fashion,0
C04388,1,1,27.91,27.91,1,2.0,29.0,351.0,Toys,0
C04389,0,0,0.0,0.0,0,0.0,147.0,426.0,unknown,1
C04390,1,3,1405.94,468.6466666666667,3,1.6666666666666667,19.0,319.0,Electronics,0
C04391,0,1,88.41,88.41,1,3.0,64.0,447.0,Beauty,0
C04392,0,0,0.0,0.0,0,0.0,187.0,353.0,unknown,1
C04393,0,2,343.12,171.56,2,1.0,44.0,265.0,Electronics,1
C04394,0,2,191.18,95.59,2,1.0,42.0,445.0,Beauty,0
C04395,0,0,0.0,0.0,0,0.0,90.0,443.0,unknown,0
C04396,2,5,6792.38,1358.476,3,3.2,1.0,291.0,Electronics,0
C04397,0,0,0.0,0.0,0,0.0,127.0,429.0,unknown,0
C04398,1,1,161.9,161.9,1,3.0,6.0,376.0,Fashion,0
C04399,1,5,562.45,112.49000000000001,4,1.2,7.0,450.0,Sports,1
C04400,1,1,148.3,148.3,1,1.0,24.0,401.0,Electronics,0
C04401,0,0,0.0,0.0,0,0.0,132.0,415.0,unknown,0
C04402,0,0,0.0,0.0,0,0.0,179.0,392.0,unknown,0
C04403,1,3,285.39,95.13,2,1.6666666666666667,18.0,439.0,Fashion,0
C04404,0,0,0.0,0.0,0,0.0,172.0,346.0,unknown,0
C04405,0,1,436.69,436.69,1,1.0,75.0,368.0,Electronics,0
C04406,1,2,164.12,82.06,2,2.0,8.0,427.0,Beauty,0
C04407,1,2,118.97999999999999,59.489999999999995,2,1.5,26.0,444.0,Grocery,1
C04408,0,0,0.0,0.0,0,0.0,238.0,451.0,unknown,1
C04409,0,0,0.0,0.0,0,0.0,166.0,166.0,unknown,0
C04410,1,1,91.11,91.11,1,3.0,11.0,428.0,Toys,1
C04411,1,1,44.84,44.84,1,1.0,24.0,426.0,Beauty,0
C04412,1,2,321.45,160.725,2,1.5,5.0,446.0,Grocery,1
C04413,0,0,0.0,0.0,0,0.0,172.0,338.0,unknown,0
C04414,0,0,0.0,0.0,0,0.0,326.0,419.0,unknown,1
C04415,0,0,0.0,0.0,0,0.0,406.0,410.0,unknown,0
C04416,0,0,0.0,0.0,0,0.0,153.0,450.0,unknown,0
C04417,0,0,0.0,0.0,0,0.0,119.0,355.0,unknown,0
C04418,2,3,168.68,56.22666666666667,2,1.6666666666666667,13.0,431.0,Fashion,0
C04419,1,2,137.32999999999998,68.66499999999999,2,1.5,26.0,449.0,Grocery,1
C04420,0,1,19.94,19.94,1,1.0,31.0,321.0,Books,1
C04421,0,0,0.0,0.0,0,0.0,237.0,446.0,unknown,0
C04422,0,0,0.0,0.0,0,0.0,134.0,443.0,unknown,0
C04423,0,1,121.55,121.55,1,1.0,67.0,372.0,Sports,0
C04424,0,0,0.0,0.0,0,0.0,122.0,389.0,unknown,0
C04425,0,0,0.0,0.0,0,0.0,91.0,318.0,unknown,1
C04426,0,0,0.0,0.0,0,0.0,330.0,352.0,unknown,0
C04427,0,0,0.0,0.0,0,0.0,103.0,441.0,unknown,0
C04428,0,1,265.49,265.49,1,1.0,67.0,450.0,Electronics,1
C04429,0,1,30.39,30.39,1,1.0,64.0,418.0,Grocery,0
C04430,0,0,0.0,0.0,0,0.0,103.0,363.0,unknown,0
C04431,0,0,0.0,0.0,0,0.0,351.0,385.0,unknown,0
C04432,1,3,211.63,70.54333333333334,2,2.0,3.0,382.0,Grocery,0
C04433,0,0,0.0,0.0,0,0.0,190.0,405.0,unknown,0
C04434,0,0,0.0,0.0,0,0.0,241.0,418.0,unknown,0
C04435,0,2,117.87,58.935,2,1.0,53.0,323.0,Beauty,0
C04436,0,0,0.0,0.0,0,0.0,178.0,399.0,unknown,0
C04437,0,1,73.49,73.49,1,1.0,64.0,401.0,Fashion,1
C04438,0,0,0.0,0.0,0,0.0,224.0,449.0,unknown,0
C04439,0,0,0.0,0.0,0,0.0,191.0,436.0,unknown,0
C04440,0,0,0.0,0.0,0,0.0,235.0,431.0,unknown,0
C04441,0,1,828.91,828.91,1,3.0,51.0,361.0,Electronics,1
C04442,0,0,0.0,0.0,0,0.0,175.0,445.0,unknown,0
C04443,0,1,76.65,76.65,1,3.0,40.0,361.0,Grocery,0
C04444,0,2,612.86,306.43,2,1.5,53.0,361.0,Electronics,0
C04445,1,3,351.87,117.29,3,1.0,9.0,367.0,Books,1
C04446,4,7,1347.35,192.47857142857143,6,1.2857142857142858,6.0,331.0,Sports,0
C04447,0,1,148.86,148.86,1,4.0,89.0,433.0,Books,0
C04448,1,1,3621.32,3621.32,1,3.0,20.0,395.0,Electronics,0
C04449,1,1,61.22,61.22,1,2.0,5.0,398.0,Beauty,0
C04450,0,0,0.0,0.0,0,0.0,134.0,449.0,unknown,0
C04451,0,0,0.0,0.0,0,0.0,176.0,434.0,unknown,0
C04452,0,0,0.0,0.0,0,0.0,116.0,380.0,unknown,0
C04453,0,0,0.0,0.0,0,0.0,141.0,344.0,unknown,0
C04454,0,1,14.58,14.58,1,1.0,67.0,443.0,Grocery,0
C04455,0,0,0.0,0.0,0,0.0,,,unknown,1
C04456,0,0,0.0,0.0,0,0.0,192.0,438.0,unknown,0
C04457,0,0,0.0,0.0,0,0.0,97.0,97.0,unknown,0
C04458,0,0,0.0,0.0,0,0.0,100.0,430.0,unknown,0
C04459,0,0,0.0,0.0,0,0.0,136.0,433.0,unknown,0
C04460,0,0,0.0,0.0,0,0.0,102.0,242.0,unknown,0
C04461,0,0,0.0,0.0,0,0.0,121.0,305.0,unknown,0
C04462,0,1,182.32,182.32,1,1.0,46.0,150.0,Electronics,1
C04463,0,0,0.0,0.0,0,0.0,325.0,445.0,unknown,0
C04464,0,2,90.87,45.435,2,1.0,65.0,445.0,Grocery,0
C04465,1,2,230.13,115.065,2,1.0,21.0,434.0,Fashion,1
C04466,0,2,163.93,81.965,1,2.5,58.0,423.0,Grocery,0
C04467,1,4,183.97,45.9925,2,1.75,29.0,445.0,Beauty,0
C04468,0,0,0.0,0.0,0,0.0,170.0,343.0,unknown,0
C04469,0,1,471.41,471.41,1,1.0,57.0,329.0,Electronics,0
C04470,0,0,0.0,0.0,0,0.0,241.0,443.0,unknown,0
C04471,1,3,1331.6,443.8666666666666,3,2.0,16.0,405.0,Beauty,1
C04472,0,0,0.0,0.0,0,0.0,147.0,451.0,unknown,0
C04473,1,1,44.04,44.04,1,1.0,24.0,422.0,Home,0
C04474,1,3,716.6899999999999,238.89666666666665,3,1.3333333333333333,23.0,412.0,Beauty,1
C04475,0,0,0.0,0.0,0,0.0,92.0,184.0,unknown,0
C04476,0,1,2105.91,2105.91,1,4.0,41.0,337.0,Electronics,0
C04477,0,0,0.0,0.0,0,0.0,148.0,366.0,unknown,0
C04478,0,0,0.0,0.0,0,0.0,330.0,444.0,unknown,0
C04479,0,0,0.0,0.0,0,0.0,188.0,399.0,unknown,0
C04480,2,4,807.73,201.9325,3,1.0,9.0,429.0,Fashion,0
C04481,0,2,989.1500000000001,494.57500000000005,2,2.0,51.0,214.0,Home,0
C04482,0,3,399.55,133.18333333333334,2,1.3333333333333333,58.0,418.0,Fashion,0
C04483,0,0,0.0,0.0,0,0.0,246.0,439.0,unknown,0
C04484,0,0,0.0,0.0,0,0.0,108.0,451.0,unknown,0
C04485,1,1,51.12,51.12,1,1.0,27.0,382.0,Beauty,0
C04486,0,0,0.0,0.0,0,0.0,263.0,377.0,unknown,0
C04487,0,0,0.0,0.0,0,0.0,169.0,169.0,unknown,0
C04488,1,1,35.54,35.54,1,1.0,20.0,445.0,Books,1
C04489,0,0,0.0,0.0,0,0.0,254.0,425.0,unknown,0
C04490,0,1,363.19,363.19,1,1.0,41.0,278.0,Electronics,0
C04491,2,3,874.5600000000001,291.52000000000004,3,1.3333333333333333,11.0,393.0,Beauty,0
C04492,0,2,362.0,181.0,2,1.5,42.0,384.0,Beauty,0
C04493,0,0,0.0,0.0,0,0.0,349.0,367.0,unknown,1
C04494,0,3,140.22,46.74,3,1.0,38.0,401.0,Books,1
C04495,0,0,0.0,0.0,0,0.0,161.0,412.0,unknown,0
C04496,0,0,0.0,0.0,0,0.0,132.0,446.0,unknown,0
C04497,0,1,132.54,132.54,1,1.0,87.0,338.0,Fashion,0
C04498,0,2,574.1500000000001,287.07500000000005,1,1.0,32.0,350.0,Electronics,0
C04499,2,2,239.32999999999998,119.66499999999999,2,1.0,12.0,357.0,Fashion,0
C04500,2,3,232.63,77.54333333333334,2,1.6666666666666667,2.0,444.0,Fashion,1
C04501,3,4,1266.12,316.53,4,2.0,16.0,420.0,Beauty,1
C04502,1,2,1191.27,595.635,2,1.5,27.0,411.0,Electronics,1
C04503,1,1,213.86,213.86,1,3.0,12.0,399.0,Electronics,0
C04504,0,1,98.79,98.79,1,1.0,52.0,384.0,Fashion,0
C04505,0,1,18.78,18.78,1,2.0,70.0,411.0,Grocery,1
C04506,0,0,0.0,0.0,0,0.0,231.0,422.0,unknown,0
C04507,0,1,110.64,110.64,1,1.0,77.0,417.0,Sports,1
C04508,0,0,0.0,0.0,0,0.0,148.0,441.0,unknown,0
C04509,0,1,320.0,320.0,1,4.0,66.0,452.0,Books,0
C04510,0,0,0.0,0.0,0,0.0,144.0,449.0,unknown,0
C04511,0,0,0.0,0.0,0,0.0,120.0,373.0,unknown,0
C04512,0,0,0.0,0.0,0,0.0,176.0,384.0,unknown,0
C04513,1,3,101.83,33.943333333333335,3,1.0,16.0,388.0,Beauty,1
C04514,0,0,0.0,0.0,0,0.0,229.0,367.0,unknown,0
C04515,1,5,413.46,82.692,5,1.2,5.0,448.0,Books,1
C04516,0,0,0.0,0.0,0,0.0,249.0,426.0,unknown,0
C04517,2,3,473.94,157.98,2,1.0,23.0,347.0,Home,1
C04518,0,0,0.0,0.0,0,0.0,111.0,449.0,unknown,0
C04519,1,2,607.16,303.58,2,1.0,23.0,445.0,Beauty,0
C04520,0,0,0.0,0.0,0,0.0,245.0,380.0,unknown,0
C04521,2,2,124.00999999999999,62.004999999999995,2,3.0,5.0,443.0,Beauty,0
C04522,0,1,29.52,29.52,1,1.0,50.0,355.0,Beauty,0
C04523,1,2,797.7099999999999,398.85499999999996,2,1.5,4.0,441.0,Books,1
C04524,0,1,326.3,326.3,1,3.0,85.0,297.0,Sports,1
C04525,0,1,210.0,210.0,1,3.0,71.0,390.0,Grocery,1
C04526,0,0,0.0,0.0,0,0.0,198.0,220.0,unknown,0
C04527,0,2,395.35,197.675,2,1.5,85.0,138.0,Electronics,1
C04528,0,0,0.0,0.0,0,0.0,208.0,324.0,unknown,0
C04529,0,0,0.0,0.0,0,0.0,186.0,422.0,unknown,0
C04530,0,0,0.0,0.0,0,0.0,205.0,354.0,unknown,0
C04531,0,1,41.59,41.59,1,2.0,59.0,59.0,Beauty,0
C04532,0,0,0.0,0.0,0,0.0,278.0,450.0,unknown,0
C04533,0,2,189.98,94.99,2,1.0,33.0,437.0,Electronics,0
C04534,0,2,1623.1899999999998,811.5949999999999,2,1.0,44.0,206.0,Electronics,0
C04535,0,0,0.0,0.0,0,0.0,119.0,328.0,unknown,1
C04536,3,9,1703.94,189.32666666666668,5,1.6666666666666667,13.0,432.0,Fashion,1
C04537,0,2,190.19,95.095,2,1.0,53.0,428.0,Grocery,0
C04538,0,0,0.0,0.0,0,0.0,196.0,390.0,unknown,0
C04539,0,0,0.0,0.0,0,0.0,95.0,452.0,unknown,1
C04540,0,0,0.0,0.0,0,0.0,112.0,445.0,unknown,0
C04541,1,6,748.05,124.675,5,1.6666666666666667,15.0,449.0,Grocery,1
C04542,0,4,3171.57,792.8925,3,2.0,32.0,416.0,Electronics,1
C04543,1,1,106.03,106.03,1,1.0,17.0,360.0,Fashion,0
C04544,1,3,2842.56,947.52,2,2.3333333333333335,3.0,301.0,Electronics,0
C04545,0,0,0.0,0.0,0,0.0,196.0,406.0,unknown,0
C04546,0,0,0.0,0.0,0,0.0,300.0,396.0,unknown,0
C04547,1,5,593.83,118.766,4,1.6,28.0,450.0,Home,0
C04548,0,0,0.0,0.0,0,0.0,221.0,450.0,unknown,0
C04549,0,1,160.49,160.49,1,1.0,79.0,445.0,Home,0
C04550,0,0,0.0,0.0,0,0.0,174.0,423.0,unknown,0
C04551,0,0,0.0,0.0,0,0.0,178.0,387.0,unknown,0
C04552,0,1,69.45,69.45,1,1.0,54.0,343.0,Books,0
C04553,0,1,79.32,79.32,1,1.0,86.0,418.0,Fashion,0
C04554,0,0,0.0,0.0,0,0.0,142.0,255.0,unknown,0
C04555,0,0,0.0,0.0,0,0.0,275.0,374.0,unknown,0
C04556,1,2,254.65,127.325,2,1.0,13.0,432.0,Fashion,0
C04557,0,1,78.33,78.33,1,2.0,49.0,334.0,Toys,0
C04558,0,0,0.0,0.0,0,0.0,151.0,151.0,unknown,0
C04559,1,2,387.03999999999996,193.51999999999998,2,2.0,4.0,437.0,Home,0
C04560,0,0,0.0,0.0,0,0.0,95.0,438.0,unknown,0
C04561,0,0,0.0,0.0,0,0.0,143.0,205.0,unknown,0
C04562,0,0,0.0,0.0,0,0.0,244.0,429.0,unknown,0
C04563,0,0,0.0,0.0,0,0.0,210.0,408.0,unknown,0
C04564,1,1,274.44,274.44,1,1.0,22.0,284.0,Electronics,1
C04565,0,0,0.0,0.0,0,0.0,172.0,425.0,unknown,0
C04566,0,1,64.71,64.71,1,1.0,32.0,397.0,Fashion,0
C04567,1,1,80.13,80.13,1,1.0,28.0,401.0,Home,0
C04568,1,2,56.42999999999999,28.214999999999996,1,1.0,17.0,444.0,Grocery,0
C04569,0,1,230.49,230.49,1,2.0,81.0,405.0,Fashion,1
C04570,0,1,311.21,311.21,1,1.0,75.0,284.0,Electronics,0
C04571,0,0,0.0,0.0,0,0.0,182.0,406.0,unknown,0
C04572,2,3,233.57000000000002,77.85666666666667,2,2.0,1.0,407.0,Grocery,0
C04573,3,3,167.65,55.88333333333333,2,1.0,7.0,405.0,Books,0
C04574,0,0,0.0,0.0,0,0.0,154.0,439.0,unknown,0
C04575,1,3,169.54,56.51333333333333,2,1.3333333333333333,18.0,407.0,Fashion,0
C04576,0,2,49.69,24.845,2,1.0,36.0,448.0,Beauty,0
C04577,1,1,108.55,108.55,1,3.0,0.0,411.0,Toys,1
C04578,1,1,44.82,44.82,1,1.0,25.0,435.0,Sports,1
C04579,1,4,1494.71,373.6775,4,1.75,12.0,363.0,Beauty,0
C04580,2,3,476.28999999999996,158.76333333333332,3,2.0,15.0,435.0,Fashion,0
C04581,1,4,278.90999999999997,69.72749999999999,3,1.5,2.0,449.0,Beauty,1
C04582,0,0,0.0,0.0,0,0.0,127.0,327.0,unknown,1
C04583,0,2,322.05,161.025,2,1.5,43.0,414.0,Grocery,0
C04584,0,2,480.41999999999996,240.20999999999998,2,1.5,48.0,277.0,Books,0
C04585,1,4,1458.29,364.5725,3,1.25,21.0,375.0,Home,1
C04586,0,0,0.0,0.0,0,0.0,127.0,136.0,unknown,0
C04587,1,3,169.0,56.333333333333336,2,2.0,8.0,294.0,Beauty,1
C04588,1,1,26.61,26.61,1,1.0,28.0,367.0,Books,0
C04589,0,0,0.0,0.0,0,0.0,90.0,381.0,unknown,0
C04590,0,2,318.88,159.44,2,1.0,75.0,86.0,Fashion,1
C04591,0,0,0.0,0.0,0,0.0,181.0,442.0,unknown,0
C04592,0,2,1558.92,779.46,2,2.0,53.0,425.0,Electronics,1
C04593,0,0,0.0,0.0,0,0.0,369.0,369.0,unknown,0
C04594,0,1,149.06,149.06,1,2.0,68.0,381.0,Toys,0
C04595,0,0,0.0,0.0,0,0.0,198.0,442.0,unknown,0
C04596,0,2,230.23,115.115,2,1.5,58.0,294.0,Beauty,0
C04597,0,1,308.57,308.57,1,1.0,51.0,265.0,Home,1
C04598,0,0,0.0,0.0,0,0.0,305.0,333.0,unknown,0
C04599,0,0,0.0,0.0,0,0.0,222.0,389.0,unknown,0
C04600,0,0,0.0,0.0,0,0.0,157.0,448.0,unknown,0
C04601,1,2,135.24,67.62,2,1.5,24.0,406.0,Grocery,1
C04602,1,1,415.47,415.47,1,4.0,14.0,225.0,Home,0
C04603,0,0,0.0,0.0,0,0.0,215.0,294.0,unknown,0
C04604,0,0,0.0,0.0,0,0.0,91.0,308.0,unknown,1
C04605,1,3,1100.6399999999999,366.87999999999994,2,2.0,25.0,390.0,Electronics,0
C04606,0,0,0.0,0.0,0,0.0,170.0,360.0,unknown,0
C04607,1,2,52.82,26.41,2,1.5,10.0,358.0,Grocery,0
C04608,0,0,0.0,0.0,0,0.0,279.0,428.0,unknown,0
C04609,0,0,0.0,0.0,0,0.0,143.0,356.0,unknown,0
C04610,0,3,564.63,188.21,3,2.3333333333333335,32.0,431.0,Beauty,1
C04611,0,0,0.0,0.0,0,0.0,176.0,338.0,unknown,0
C04612,0,0,0.0,0.0,0,0.0,134.0,436.0,unknown,0
C04613,0,0,0.0,0.0,0,0.0,143.0,438.0,unknown,1
C04614,0,0,0.0,0.0,0,0.0,136.0,365.0,unknown,0
C04615,0,0,0.0,0.0,0,0.0,273.0,424.0,unknown,0
C04616,0,0,0.0,0.0,0,0.0,265.0,433.0,unknown,0
C04617,1,5,604.7,120.94000000000001,3,1.8,24.0,446.0,Sports,1
C04618,0,1,669.59,669.59,1,4.0,57.0,349.0,Electronics,0
C04619,2,9,3372.1,374.67777777777775,5,1.4444444444444444,2.0,382.0,Electronics,1
C04620,1,5,3010.11,602.022,3,1.4,10.0,381.0,Electronics,1
C04621,0,0,0.0,0.0,0,0.0,295.0,398.0,unknown,0
C04622,0,0,0.0,0.0,0,0.0,117.0,352.0,unknown,0
C04623,0,0,0.0,0.0,0,0.0,112.0,325.0,unknown,1
C04624,0,1,416.05,416.05,1,1.0,57.0,390.0,Electronics,0
C04625,0,3,101.03999999999999,33.68,3,1.3333333333333333,51.0,429.0,Beauty,1
C04626,0,3,380.15000000000003,126.71666666666668,3,1.0,33.0,424.0,Beauty,0
C04627,0,1,34.26,34.26,1,3.0,31.0,446.0,Grocery,1
C04628,1,1,14.47,14.47,1,1.0,13.0,365.0,Grocery,0
C04629,0,0,0.0,0.0,0,0.0,239.0,441.0,unknown,0
C04630,0,0,0.0,0.0,0,0.0,195.0,428.0,unknown,0
C04631,0,0,0.0,0.0,0,0.0,168.0,446.0,unknown,0
C04632,0,2,570.99,285.495,2,1.5,30.0,363.0,Home,0
C04633,0,0,0.0,0.0,0,0.0,265.0,393.0,unknown,0
C04634,0,0,0.0,0.0,0,0.0,131.0,423.0,unknown,0
C04635,0,1,86.12,86.12,1,3.0,56.0,269.0,Grocery,0
C04636,0,2,115.9,57.95,2,1.0,57.0,452.0,Sports,0
C04637,0,0,0.0,0.0,0,0.0,300.0,300.0,unknown,0
C04638,0,2,314.01,157.005,1,1.0,38.0,431.0,Fashion,0
C04639,1,3,314.15000000000003,104.71666666666668,2,2.6666666666666665,22.0,452.0,Books,1
C04640,0,0,0.0,0.0,0,0.0,225.0,433.0,unknown,0
C04641,0,0,0.0,0.0,0,0.0,278.0,448.0,unknown,0
C04642,0,2,234.03,117.015,2,1.5,53.0,312.0,Beauty,0
C04643,0,2,6441.379999999999,3220.6899999999996,1,3.0,50.0,286.0,Electronics,1
C04644,1,5,1464.6499999999999,292.92999999999995,5,2.0,19.0,427.0,Books,0
C04645,0,0,0.0,0.0,0,0.0,282.0,430.0,unknown,0
C04646,0,0,0.0,0.0,0,0.0,105.0,323.0,unknown,0
C04647,1,3,567.31,189.10333333333332,2,2.0,18.0,450.0,Electronics,0
C04648,0,0,0.0,0.0,0,0.0,95.0,378.0,unknown,0
C04649,0,0,0.0,0.0,0,0.0,236.0,320.0,unknown,0
C04650,0,1,244.38,244.38,1,2.0,66.0,362.0,Home,1
C04651,0,0,0.0,0.0,0,0.0,103.0,361.0,unknown,0
C04652,0,1,92.81,92.81,1,4.0,50.0,181.0,Toys,1
C04653,1,1,47.27,47.27,1,1.0,8.0,446.0,Grocery,1
C04654,0,0,0.0,0.0,0,0.0,144.0,317.0,unknown,1
C04655,0,0,0.0,0.0,0,0.0,134.0,344.0,unknown,0
C04656,0,1,25.93,25.93,1,1.0,65.0,440.0,Grocery,0
C04657,1,2,73.56,36.78,2,1.0,8.0,438.0,Books,0
C04658,1,3,261.06,87.02,2,3.6666666666666665,24.0,392.0,Grocery,1
C04659,0,2,161.32,80.66,2,1.5,55.0,445.0,Beauty,1
C04660,7,10,1132.59,113.25899999999999,5,1.3,2.0,451.0,Beauty,1
C04661,0,0,0.0,0.0,0,0.0,295.0,380.0,unknown,0
C04662,0,1,138.99,138.99,1,1.0,30.0,446.0,Electronics,0
C04663,0,1,489.89,489.89,1,3.0,43.0,350.0,Home,0
C04664,4,8,1233.35,154.16875,6,1.125,2.0,425.0,Books,0
C04665,2,2,143.41,71.705,2,2.0,17.0,314.0,Beauty,0
C04666,1,4,1284.54,321.135,3,1.25,10.0,363.0,Home,1
C04667,0,2,225.37,112.685,2,2.0,32.0,422.0,Beauty,1
C04668,0,0,0.0,0.0,0,0.0,110.0,325.0,unknown,0
C04669,1,1,133.95,133.95,1,1.0,24.0,277.0,Home,0
C04670,0,0,0.0,0.0,0,0.0,353.0,429.0,unknown,0
C04671,0,2,371.46000000000004,185.73000000000002,2,1.0,53.0,439.0,Fashion,1
C04672,0,0,0.0,0.0,0,0.0,226.0,450.0,unknown,0
C04673,5,8,3242.65,405.33125,5,1.625,1.0,438.0,Home,1
C04674,0,0,0.0,0.0,0,0.0,144.0,432.0,unknown,0
C04675,0,0,0.0,0.0,0,0.0,232.0,376.0,unknown,0
C04676,0,1,22.26,22.26,1,1.0,82.0,416.0,Grocery,0
C04677,0,4,336.14,84.035,4,1.5,30.0,448.0,Beauty,1
C04678,0,0,0.0,0.0,0,0.0,259.0,400.0,unknown,0
C04679,1,1,11.34,11.34,1,1.0,12.0,428.0,Grocery,1
C04680,0,0,0.0,0.0,0,0.0,228.0,311.0,unknown,0
C04681,0,0,0.0,0.0,0,0.0,156.0,156.0,unknown,0
C04682,0,7,2183.62,311.94571428571425,4,2.5714285714285716,35.0,408.0,Sports,1
C04683,0,2,299.58,149.79,2,1.5,63.0,376.0,Home,0
C04684,3,4,483.87,120.9675,3,1.75,0.0,412.0,Beauty,0
C04685,0,1,70.0,70.0,1,1.0,81.0,318.0,Grocery,0
C04686,0,0,0.0,0.0,0,0.0,113.0,442.0,unknown,0
C04687,0,0,0.0,0.0,0,0.0,367.0,445.0,unknown,0
C04688,0,1,920.01,920.01,1,5.0,32.0,371.0,Sports,0
C04689,1,1,780.0,780.0,1,3.0,27.0,27.0,Sports,1
C04690,1,3,201.53,67.17666666666666,3,1.3333333333333333,27.0,310.0,Books,0
C04691,0,0,0.0,0.0,0,0.0,96.0,335.0,unknown,1
C04692,0,0,0.0,0.0,0,0.0,100.0,449.0,unknown,0
C04693,0,1,52.48,52.48,1,1.0,72.0,240.0,Home,1
C04694,0,1,438.01,438.01,1,1.0,42.0,452.0,Electronics,0
C04695,0,0,0.0,0.0,0,0.0,178.0,432.0,unknown,0
C04696,0,2,109.64,54.82,2,2.0,43.0,452.0,Beauty,1
C04697,1,3,900.44,300.1466666666667,2,1.3333333333333333,10.0,376.0,Electronics,0
C04698,2,2,1995.6,997.8,2,2.5,14.0,404.0,Electronics,1
C04699,0,3,267.84000000000003,89.28000000000002,3,1.0,44.0,399.0,Books,1
C04700,0,0,0.0,0.0,0,0.0,91.0,424.0,unknown,1
C04701,0,4,500.16,125.04,4,1.75,30.0,438.0,Beauty,0
C04702,0,0,0.0,0.0,0,0.0,168.0,358.0,unknown,0
C04703,0,0,0.0,0.0,0,0.0,291.0,307.0,unknown,0
C04704,0,0,0.0,0.0,0,0.0,137.0,412.0,unknown,0
C04705,1,3,558.87,186.29,3,1.6666666666666667,8.0,409.0,Fashion,0
C04706,0,0,0.0,0.0,0,0.0,237.0,400.0,unknown,0
C04707,1,3,194.32,64.77333333333333,2,1.6666666666666667,9.0,451.0,Beauty,0
C04708,1,3,604.89,201.63,3,1.6666666666666667,21.0,420.0,Electronics,0
C04709,2,5,1233.42,246.68400000000003,4,1.4,28.0,434.0,Electronics,0
C04710,0,0,0.0,0.0,0,0.0,206.0,438.0,unknown,0
C04711,0,0,0.0,0.0,0,0.0,121.0,326.0,unknown,0
C04712,0,0,0.0,0.0,0,0.0,105.0,337.0,unknown,0
C04713,0,1,158.51,158.51,1,1.0,38.0,405.0,Fashion,0
C04714,0,0,0.0,0.0,0,0.0,110.0,429.0,unknown,1
C04715,0,1,87.32,87.32,1,1.0,85.0,368.0,Fashion,0
C04716,0,0,0.0,0.0,0,0.0,253.0,444.0,unknown,0
C04717,0,0,0.0,0.0,0,0.0,230.0,404.0,unknown,0
C04718,1,2,918.11,459.055,2,2.5,14.0,374.0,Electronics,1
C04719,1,2,349.34000000000003,174.67000000000002,2,1.0,15.0,257.0,Electronics,0
C04720,1,1,343.79,343.79,1,2.0,15.0,419.0,Fashion,0
C04721,0,3,667.19,222.39666666666668,3,1.3333333333333333,41.0,330.0,Beauty,0
C04722,0,1,29.59,29.59,1,1.0,60.0,345.0,Books,0
C04723,0,0,0.0,0.0,0,0.0,150.0,448.0,unknown,0
C04724,0,2,183.01,91.505,2,1.0,34.0,441.0,Home,1
C04725,0,2,141.8,70.9,2,2.0,55.0,451.0,Fashion,1
C04726,0,0,0.0,0.0,0,0.0,121.0,450.0,unknown,0
C04727,0,1,127.93,127.93,1,2.0,82.0,429.0,Home,0
C04728,1,2,408.61,204.305,2,1.0,9.0,424.0,Electronics,0
C04729,1,2,1082.1599999999999,541.0799999999999,2,4.0,6.0,377.0,Books,0
C04730,1,3,1066.11,355.36999999999995,2,2.0,19.0,424.0,Sports,1
C04731,0,0,0.0,0.0,0,0.0,313.0,422.0,unknown,0
C04732,0,0,0.0,0.0,0,0.0,129.0,385.0,unknown,0
C04733,0,1,52.25,52.25,1,1.0,60.0,444.0,Beauty,0
C04734,0,0,0.0,0.0,0,0.0,282.0,444.0,unknown,0
C04735,1,2,49.5,24.75,2,1.0,6.0,430.0,Books,0
C04736,1,2,380.6,190.3,2,1.0,16.0,425.0,Electronics,0
C04737,1,2,634.8199999999999,317.40999999999997,2,3.0,10.0,410.0,Grocery,1
C04738,4,7,423.59000000000003,60.51285714285715,4,1.4285714285714286,0.0,438.0,Grocery,0
C04739,0,2,241.79,120.895,2,1.0,31.0,445.0,Home,1
C04740,1,1,53.87,53.87,1,2.0,5.0,326.0,Grocery,0
C04741,0,0,0.0,0.0,0,0.0,203.0,418.0,unknown,0
C04742,0,0,0.0,0.0,0,0.0,351.0,421.0,unknown,0
C04743,2,2,631.0699999999999,315.53499999999997,2,2.0,11.0,359.0,Electronics,1
C04744,0,0,0.0,0.0,0,0.0,188.0,450.0,unknown,0
C04745,1,2,63.91,31.955,1,1.5,17.0,349.0,Grocery,1
C04746,0,0,0.0,0.0,0,0.0,97.0,389.0,unknown,1
C04747,0,3,2056.8599999999997,685.6199999999999,1,2.0,33.0,362.0,Electronics,1
C04748,0,1,18.32,18.32,1,1.0,75.0,390.0,Beauty,0
C04749,0,0,0.0,0.0,0,0.0,136.0,355.0,unknown,0
C04750,2,3,646.44,215.48000000000002,2,2.6666666666666665,6.0,443.0,Fashion,0
C04751,0,0,0.0,0.0,0,0.0,149.0,427.0,unknown,0
C04752,1,3,73.53,24.51,2,1.0,29.0,411.0,Grocery,0
C04753,0,0,0.0,0.0,0,0.0,116.0,417.0,unknown,0
C04754,2,3,884.52,294.84,3,1.6666666666666667,22.0,400.0,Books,1
C04755,2,4,523.13,130.7825,3,1.25,7.0,431.0,Fashion,0
C04756,0,0,0.0,0.0,0,0.0,98.0,414.0,unknown,0
C04757,0,0,0.0,0.0,0,0.0,103.0,306.0,unknown,1
C04758,0,1,7.89,7.89,1,1.0,35.0,304.0,Grocery,0
C04759,1,2,203.52999999999997,101.76499999999999,2,2.0,29.0,438.0,Books,0
C04760,1,3,700.3900000000001,233.46333333333337,2,1.0,29.0,447.0,Home,0
C04761,0,1,115.51,115.51,1,3.0,52.0,349.0,Books,0
C04762,0,2,1290.1100000000001,645.0550000000001,2,1.5,36.0,425.0,Electronics,0
C04763,1,1,127.42,127.42,1,2.0,23.0,334.0,Toys,1
C04764,0,0,0.0,0.0,0,0.0,155.0,403.0,unknown,0
C04765,1,1,453.5,453.5,1,1.0,13.0,352.0,Electronics,0
C04766,0,0,0.0,0.0,0,0.0,95.0,448.0,unknown,0
C04767,0,0,0.0,0.0,0,0.0,111.0,339.0,unknown,0
C04768,0,1,45.37,45.37,1,1.0,69.0,411.0,Fashion,0
C04769,0,1,62.79,62.79,1,3.0,73.0,445.0,Beauty,0
C04770,0,0,0.0,0.0,0,0.0,164.0,252.0,unknown,0
C04771,2,3,755.58,251.86,3,1.6666666666666667,0.0,394.0,Beauty,0
C04772,0,0,0.0,0.0,0,0.0,116.0,428.0,unknown,0
C04773,3,6,499.59999999999997,83.26666666666667,4,1.6666666666666667,20.0,446.0,Beauty,1
C04774,5,6,4664.85,777.475,3,2.6666666666666665,13.0,260.0,Electronics,0
C04775,0,1,836.47,836.47,1,1.0,72.0,447.0,Electronics,0
C04776,2,6,511.49,85.24833333333333,2,1.5,20.0,452.0,Grocery,1
C04777,0,1,754.55,754.55,1,1.0,58.0,359.0,Electronics,0
C04778,0,0,0.0,0.0,0,0.0,109.0,366.0,unknown,0
C04779,0,0,0.0,0.0,0,0.0,178.0,431.0,unknown,0
C04780,0,1,93.89,93.89,1,1.0,83.0,332.0,Home,0
C04781,0,0,0.0,0.0,0,0.0,374.0,434.0,unknown,0
C04782,0,1,126.04,126.04,1,2.0,51.0,409.0,Fashion,1
C04783,0,1,980.68,980.68,1,2.0,33.0,114.0,Electronics,0
C04784,0,1,67.82,67.82,1,1.0,42.0,289.0,Sports,0
C04785,1,1,421.42,421.42,1,4.0,24.0,322.0,Fashion,0
C04786,0,0,0.0,0.0,0,0.0,138.0,416.0,unknown,0
C04787,0,0,0.0,0.0,0,0.0,217.0,398.0,unknown,0
C04788,0,1,72.82,72.82,1,3.0,72.0,370.0,Grocery,0
C04789,0,3,402.08000000000004,134.02666666666667,2,1.0,71.0,421.0,Fashion,0
C04790,1,2,146.26999999999998,73.13499999999999,2,2.5,25.0,396.0,Grocery,0
C04791,2,7,3465.82,495.1171428571429,5,2.0,19.0,348.0,Electronics,1
C04792,1,2,228.95,114.475,2,1.0,19.0,348.0,Beauty,0
C04793,0,0,0.0,0.0,0,0.0,246.0,431.0,unknown,0
C04794,0,4,978.4300000000001,244.60750000000002,4,1.25,38.0,333.0,Electronics,1
C04795,0,1,136.44,136.44,1,1.0,55.0,434.0,Fashion,0
C04796,0,1,128.21,128.21,1,1.0,36.0,359.0,Fashion,0
C04797,0,0,0.0,0.0,0,0.0,151.0,334.0,unknown,0
C04798,1,2,240.11,120.055,2,1.0,0.0,372.0,Books,0
C04799,0,0,0.0,0.0,0,0.0,184.0,408.0,unknown,0
C04800,0,0,0.0,0.0,0,0.0,115.0,312.0,unknown,0
C04801,2,4,2228.44,557.11,2,1.5,19.0,369.0,Electronics,1
C04802,0,0,0.0,0.0,0,0.0,131.0,405.0,unknown,0
C04803,0,1,9.4,9.4,1,1.0,45.0,400.0,Books,0
C04804,0,0,0.0,0.0,0,0.0,120.0,399.0,unknown,0
C04805,0,2,157.05,78.525,2,1.5,38.0,404.0,Books,0
C04806,0,1,220.0,220.0,1,1.0,36.0,407.0,Fashion,0
C04807,0,1,265.63,265.63,1,1.0,53.0,102.0,Sports,0
C04808,0,1,151.7,151.7,1,1.0,79.0,415.0,Home,0
C04809,1,1,364.19,364.19,1,2.0,19.0,166.0,Sports,0
C04810,1,1,952.87,952.87,1,2.0,2.0,417.0,Electronics,0
C04811,0,2,317.86,158.93,2,1.0,55.0,392.0,Electronics,0
C04812,1,2,185.22,92.61,2,2.0,7.0,428.0,Fashion,0
C04813,0,1,83.94,83.94,1,2.0,54.0,439.0,Fashion,0
C04814,0,2,139.72,69.86,2,1.0,60.0,372.0,Beauty,1
C04815,3,13,4521.47,347.80538461538464,6,1.6153846153846154,5.0,439.0,Beauty,1
C04816,0,0,0.0,0.0,0,0.0,118.0,427.0,unknown,0
C04817,0,0,0.0,0.0,0,0.0,174.0,426.0,unknown,0
C04818,1,1,182.37,182.37,1,1.0,29.0,422.0,Home,0
C04819,1,3,370.91,123.63666666666667,3,1.0,24.0,431.0,Electronics,0
C04820,1,1,51.37,51.37,1,4.0,29.0,444.0,Grocery,0
C04821,2,3,101.67999999999999,33.89333333333333,2,1.3333333333333333,27.0,412.0,Toys,0
C04822,0,0,0.0,0.0,0,0.0,210.0,430.0,unknown,0
C04823,0,1,64.62,64.62,1,2.0,40.0,429.0,Fashion,1
C04824,0,3,231.17000000000002,77.05666666666667,2,2.3333333333333335,31.0,202.0,Grocery,0
C04825,0,0,0.0,0.0,0,0.0,107.0,439.0,unknown,1
C04826,1,3,605.04,201.67999999999998,2,1.6666666666666667,19.0,418.0,Toys,1
C04827,0,1,39.41,39.41,1,1.0,62.0,405.0,Beauty,1
C04828,0,3,450.08000000000004,150.02666666666667,2,1.0,47.0,204.0,Fashion,0
C04829,0,2,300.96000000000004,150.48000000000002,2,1.5,52.0,422.0,Books,0
C04830,0,0,0.0,0.0,0,0.0,130.0,381.0,unknown,0
C04831,1,2,381.92999999999995,190.96499999999997,2,2.0,13.0,364.0,Fashion,0
C04832,0,0,0.0,0.0,0,0.0,92.0,426.0,unknown,0
C04833,0,2,113.93,56.965,2,1.0,41.0,428.0,Books,0
C04834,0,1,28.8,28.8,1,1.0,86.0,394.0,Fashion,0
C04835,0,0,0.0,0.0,0,0.0,271.0,397.0,unknown,0
C04836,0,1,657.78,657.78,1,1.0,43.0,322.0,Electronics,0
C04837,1,4,1021.98,255.495,3,1.5,20.0,437.0,Electronics,1
C04838,0,0,0.0,0.0,0,0.0,226.0,226.0,unknown,1
C04839,0,2,293.59000000000003,146.79500000000002,2,2.0,43.0,385.0,Fashion,1
C04840,1,2,649.7,324.85,2,3.0,15.0,430.0,Fashion,0
C04841,1,2,397.26,198.63,2,1.0,29.0,320.0,Electronics,0
C04842,1,2,1953.4199999999998,976.7099999999999,2,1.0,1.0,315.0,Electronics,1
C04843,0,0,0.0,0.0,0,0.0,129.0,446.0,unknown,0
C04844,0,1,354.38,354.38,1,3.0,42.0,319.0,Fashion,0
C04845,0,0,0.0,0.0,0,0.0,196.0,436.0,unknown,0
C04846,0,0,0.0,0.0,0,0.0,363.0,393.0,unknown,0
C04847,1,1,248.28,248.28,1,2.0,20.0,436.0,Electronics,0
C04848,1,1,276.43,276.43,1,1.0,0.0,379.0,Electronics,0
C04849,1,3,746.45,248.8166666666667,3,1.6666666666666667,19.0,449.0,Electronics,1
C04850,0,0,0.0,0.0,0,0.0,169.0,313.0,unknown,1
C04851,0,0,0.0,0.0,0,0.0,243.0,441.0,unknown,0
C04852,0,0,0.0,0.0,0,0.0,101.0,423.0,unknown,0
C04853,0,3,89.72,29.906666666666666,2,1.0,59.0,389.0,Fashion,0
C04854,0,0,0.0,0.0,0,0.0,133.0,435.0,unknown,1
C04855,0,0,0.0,0.0,0,0.0,121.0,436.0,unknown,0
C04856,0,1,104.22,104.22,1,1.0,55.0,366.0,Fashion,0
C04857,1,1,578.76,578.76,1,1.0,25.0,382.0,Electronics,0
C04858,2,8,1409.77,176.22125,4,1.875,11.0,418.0,Sports,0
C04859,1,2,366.4,183.2,2,1.0,2.0,354.0,Electronics,0
C04860,0,0,0.0,0.0,0,0.0,195.0,439.0,unknown,0
C04861,0,1,55.32,55.32,1,2.0,55.0,401.0,Grocery,0
C04862,1,3,1036.73,345.57666666666665,2,1.6666666666666667,5.0,359.0,Grocery,0
C04863,0,0,0.0,0.0,0,0.0,157.0,452.0,unknown,0
C04864,0,1,105.69,105.69,1,1.0,56.0,386.0,Sports,0
C04865,0,0,0.0,0.0,0,0.0,204.0,432.0,unknown,1
C04866,0,1,37.71,37.71,1,1.0,81.0,420.0,Sports,0
C04867,0,0,0.0,0.0,0,0.0,124.0,447.0,unknown,0
C04868,0,0,0.0,0.0,0,0.0,275.0,444.0,unknown,0
C04869,1,3,2437.51,812.5033333333334,3,1.3333333333333333,8.0,228.0,Electronics,1
C04870,0,0,0.0,0.0,0,0.0,134.0,423.0,unknown,0
C04871,0,0,0.0,0.0,0,0.0,105.0,351.0,unknown,0
C04872,0,0,0.0,0.0,0,0.0,190.0,422.0,unknown,0
C04873,0,4,204.34,51.085,3,1.25,45.0,427.0,Toys,0
C04874,0,0,0.0,0.0,0,0.0,152.0,417.0,unknown,1
C04875,0,1,116.24,116.24,1,1.0,48.0,445.0,Sports,0
C04876,0,1,122.98,122.98,1,1.0,88.0,121.0,Fashion,0
C04877,0,0,0.0,0.0,0,0.0,255.0,450.0,unknown,0
C04878,1,2,65.35,32.675,2,1.0,12.0,171.0,Books,1
C04879,0,0,0.0,0.0,0,0.0,115.0,399.0,unknown,0
C04880,0,0,0.0,0.0,0,0.0,184.0,443.0,unknown,0
C04881,2,2,119.11,59.555,1,2.0,12.0,451.0,Grocery,1
C04882,0,3,1002.56,334.18666666666667,3,2.0,42.0,443.0,Beauty,0
C04883,0,0,0.0,0.0,0,0.0,135.0,343.0,unknown,0
C04884,0,0,0.0,0.0,0,0.0,339.0,441.0,unknown,0
C04885,0,0,0.0,0.0,0,0.0,139.0,405.0,unknown,1
C04886,1,2,259.33,129.665,2,1.0,7.0,341.0,Grocery,1
C04887,1,2,141.72,70.86,2,1.5,24.0,368.0,Books,0
C04888,0,0,0.0,0.0,0,0.0,151.0,268.0,unknown,1
C04889,0,0,0.0,0.0,0,0.0,310.0,449.0,unknown,0
C04890,0,1,64.31,64.31,1,2.0,75.0,378.0,Grocery,0
C04891,0,0,0.0,0.0,0,0.0,254.0,254.0,unknown,0
C04892,0,1,32.12,32.12,1,2.0,51.0,452.0,Grocery,0
C04893,3,4,1816.08,454.02,2,1.75,6.0,356.0,Electronics,1
C04894,0,0,0.0,0.0,0,0.0,325.0,438.0,unknown,0
C04895,0,1,27.95,27.95,1,1.0,82.0,434.0,Grocery,0
C04896,1,2,1800.9500000000003,900.4750000000001,1,2.5,19.0,298.0,Electronics,0
C04897,0,0,0.0,0.0,0,0.0,245.0,419.0,unknown,0
C04898,0,2,127.43,63.715,2,1.0,36.0,360.0,Books,0
C04899,1,2,130.24,65.12,2,1.5,4.0,410.0,Grocery,0
C04900,0,0,0.0,0.0,0,0.0,270.0,270.0,unknown,1
C04901,0,0,0.0,0.0,0,0.0,122.0,303.0,unknown,0
C04902,0,0,0.0,0.0,0,0.0,269.0,427.0,unknown,0
C04903,0,1,22.52,22.52,1,1.0,42.0,415.0,Grocery,1
C04904,0,1,1359.87,1359.87,1,3.0,42.0,420.0,Electronics,1
C04905,0,0,0.0,0.0,0,0.0,294.0,363.0,unknown,0
C04906,1,3,1311.71,437.2366666666667,3,1.6666666666666667,7.0,372.0,Books,0
C04907,0,1,126.04,126.04,1,1.0,78.0,392.0,Sports,0
C04908,0,3,134.21,44.73666666666667,3,1.0,30.0,434.0,Fashion,1
C04909,0,0,0.0,0.0,0,0.0,275.0,434.0,unknown,0
C04910,0,0,0.0,0.0,0,0.0,212.0,433.0,unknown,0
C04911,0,3,159.44,53.14666666666667,3,1.3333333333333333,34.0,414.0,Beauty,1
C04912,2,4,3747.46,936.865,3,3.25,10.0,378.0,Electronics,0
C04913,0,0,0.0,0.0,0,0.0,207.0,445.0,unknown,0
C04914,0,1,201.96,201.96,1,1.0,83.0,442.0,Fashion,0
C04915,0,0,0.0,0.0,0,0.0,133.0,437.0,unknown,0
C04916,1,1,1542.71,1542.71,1,3.0,14.0,396.0,Electronics,0
C04917,1,2,264.74,132.37,2,1.0,21.0,437.0,Fashion,0
C04918,1,2,3452.34,1726.17,2,2.5,16.0,311.0,Electronics,0
C04919,0,4,723.9,180.975,4,1.75,40.0,336.0,Fashion,0
C04920,3,6,4748.35,791.3916666666668,4,1.6666666666666667,12.0,395.0,Electronics,0
C04921,0,0,0.0,0.0,0,0.0,360.0,424.0,unknown,0
C04922,1,3,406.38,135.46,2,1.3333333333333333,28.0,404.0,Fashion,0
C04923,0,0,0.0,0.0,0,0.0,234.0,418.0,unknown,0
C04924,0,0,0.0,0.0,0,0.0,91.0,282.0,unknown,0
C04925,0,2,1145.77,572.885,2,1.5,33.0,388.0,Home,1
C04926,0,0,0.0,0.0,0,0.0,176.0,442.0,unknown,0
C04927,0,0,0.0,0.0,0,0.0,117.0,434.0,unknown,0
C04928,1,2,230.24,115.12,1,1.0,3.0,234.0,Home,0
C04929,0,2,759.46,379.73,2,2.5,68.0,275.0,Fashion,1
C04930,0,0,0.0,0.0,0,0.0,261.0,408.0,unknown,0
C04931,0,1,70.0,70.0,1,1.0,30.0,363.0,Beauty,1
C04932,0,1,27.65,27.65,1,1.0,67.0,210.0,Grocery,0
C04933,0,1,96.35,96.35,1,1.0,70.0,342.0,Fashion,0
C04934,0,0,0.0,0.0,0,0.0,333.0,391.0,unknown,0
C04935,0,0,0.0,0.0,0,0.0,134.0,441.0,unknown,0
C04936,2,6,1187.13,197.85500000000002,3,2.0,13.0,452.0,Fashion,1
C04937,0,0,0.0,0.0,0,0.0,199.0,414.0,unknown,0
C04938,2,4,232.37,58.0925,3,1.75,4.0,172.0,Beauty,0
C04939,2,3,490.06,163.35333333333332,2,1.3333333333333333,0.0,440.0,Beauty,0
C04940,0,0,0.0,0.0,0,0.0,324.0,362.0,unknown,0
C04941,1,1,125.18,125.18,1,2.0,18.0,451.0,Fashion,0
C04942,0,4,286.45,71.6125,3,1.75,40.0,340.0,Grocery,0
C04943,0,1,95.0,95.0,1,1.0,52.0,300.0,Beauty,0
C04944,0,0,0.0,0.0,0,0.0,133.0,413.0,unknown,1
C04945,0,1,32.78,32.78,1,1.0,78.0,425.0,Beauty,0
C04946,0,2,319.3,159.65,2,2.5,58.0,144.0,Fashion,0
C04947,4,5,1427.9099999999999,285.582,4,1.8,1.0,442.0,Electronics,0
C04948,0,0,0.0,0.0,0,0.0,149.0,149.0,unknown,1
C04949,0,3,279.49,93.16333333333334,2,1.0,42.0,357.0,Grocery,0
C04950,1,2,872.3000000000001,436.15000000000003,2,2.0,15.0,300.0,Books,0
C04951,0,0,0.0,0.0,0,0.0,265.0,399.0,unknown,0
C04952,1,3,308.43,102.81,2,1.6666666666666667,9.0,385.0,Fashion,0
C04953,0,0,0.0,0.0,0,0.0,233.0,407.0,unknown,0
C04954,1,1,111.26,111.26,1,1.0,22.0,353.0,Fashion,0
C04955,0,0,0.0,0.0,0,0.0,233.0,407.0,unknown,1
C04956,0,0,0.0,0.0,0,0.0,107.0,428.0,unknown,0
C04957,0,0,0.0,0.0,0,0.0,335.0,435.0,unknown,0
C04958,0,0,0.0,0.0,0,0.0,247.0,375.0,unknown,0
C04959,0,0,0.0,0.0,0,0.0,268.0,412.0,unknown,0
C04960,1,2,102.72999999999999,51.364999999999995,2,1.0,14.0,268.0,Beauty,1
C04961,0,1,33.67,33.67,1,2.0,57.0,450.0,Grocery,0
C04962,2,2,58.290000000000006,29.145000000000003,2,1.0,0.0,360.0,Fashion,1
C04963,0,0,0.0,0.0,0,0.0,114.0,416.0,unknown,1
C04964,0,0,0.0,0.0,0,0.0,328.0,432.0,unknown,0
C04965,0,0,0.0,0.0,0,0.0,173.0,415.0,unknown,0
C04966,0,1,64.77,64.77,1,1.0,67.0,415.0,Toys,0
C04967,0,0,0.0,0.0,0,0.0,145.0,441.0,unknown,0
C04968,0,0,0.0,0.0,0,0.0,156.0,439.0,unknown,0
C04969,0,1,71.29,71.29,1,2.0,83.0,438.0,Fashion,1
C04970,0,2,1630.49,815.245,1,3.0,52.0,327.0,Electronics,0
C04971,0,2,243.75,121.875,2,1.0,45.0,298.0,Electronics,0
C04972,2,7,1734.93,247.84714285714287,4,1.2857142857142858,4.0,446.0,Beauty,1
C04973,0,0,0.0,0.0,0,0.0,375.0,439.0,unknown,0
C04974,0,0,0.0,0.0,0,0.0,212.0,312.0,unknown,0
C04975,2,3,194.8,64.93333333333334,2,1.0,7.0,445.0,Fashion,0
C04976,1,3,1088.08,362.6933333333333,3,1.6666666666666667,7.0,344.0,Beauty,1
C04977,0,1,141.83,141.83,1,1.0,52.0,267.0,Toys,0
C04978,0,0,0.0,0.0,0,0.0,380.0,415.0,unknown,0
C04979,0,0,0.0,0.0,0,0.0,110.0,426.0,unknown,0
C04980,0,1,22.12,22.12,1,1.0,88.0,376.0,Grocery,1
C04981,0,0,0.0,0.0,0,0.0,122.0,375.0,unknown,0
C04982,0,0,0.0,0.0,0,0.0,214.0,437.0,unknown,0
C04983,0,0,0.0,0.0,0,0.0,90.0,174.0,unknown,0
C04984,4,5,827.59,165.518,4,1.4,8.0,421.0,Sports,1
C04985,0,0,0.0,0.0,0,0.0,192.0,425.0,unknown,0
C04986,0,0,0.0,0.0,0,0.0,244.0,444.0,unknown,0
C04987,0,1,229.54,229.54,1,1.0,63.0,400.0,Home,0
C04988,0,0,0.0,0.0,0,0.0,227.0,227.0,unknown,0
C04989,1,2,59.15,29.575,2,1.0,23.0,399.0,Fashion,1
C04990,0,2,146.17,73.085,2,1.0,76.0,429.0,Fashion,0
C04991,0,2,161.61,80.805,1,1.0,40.0,397.0,Fashion,1
C04992,0,0,0.0,0.0,0,0.0,168.0,361.0,unknown,0
C04993,2,4,723.61,180.9025,4,1.5,11.0,314.0,Beauty,0
C04994,1,1,202.39,202.39,1,1.0,14.0,450.0,Fashion,0
C04995,0,0,0.0,0.0,0,0.0,95.0,260.0,unknown,0
C04996,0,0,0.0,0.0,0,0.0,146.0,442.0,unknown,0
C04997,0,3,688.8199999999999,229.60666666666665,3,1.6666666666666667,32.0,409.0,Beauty,0
C04998,0,0,0.0,0.0,0,0.0,215.0,311.0,unknown,0
C04999,0,0,0.0,0.0,0,0.0,198.0,418.0,unknown,0
C05000,0,0,0.0,0.0,0,0.0,146.0,268.0,unknown,0
